lat,lon,year,scenario,chill_days
24.718,-123.75,2020,ssp126,0
24.718,-118.75,2020,ssp126,0
24.718,-113.75,2020,ssp126,0
24.718,-108.75,2020,ssp126,0
24.718,-103.75,2020,ssp126,80
24.718,-98.75,2020,ssp126,9
24.718,-93.75,2020,ssp126,0
24.718,-88.75,2020,ssp126,0
24.718,-83.75,2020,ssp126,0
24.718,-78.75,2020,ssp126,0
24.718,-73.75,2020,ssp126,0
24.718,-68.75,2020,ssp126,0
27.254,-123.75,2020,ssp126,0
27.254,-118.75,2020,ssp126,0
27.254,-113.75,2020,ssp126,0
27.254,-108.75,2020,ssp126,50
27.254,-103.75,2020,ssp126,76
27.254,-98.75,2020,ssp126,22
27.254,-93.75,2020,ssp126,0
27.254,-88.75,2020,ssp126,0
27.254,-83.75,2020,ssp126,0
27.254,-78.75,2020,ssp126,0
27.254,-73.75,2020,ssp126,0
27.254,-68.75,2020,ssp126,0
29.789,-123.75,2020,ssp126,0
29.789,-118.75,2020,ssp126,0
29.789,-113.75,2020,ssp126,17
29.789,-108.75,2020,ssp126,90
29.789,-103.75,2020,ssp126,82
29.789,-98.75,2020,ssp126,65
29.789,-93.75,2020,ssp126,30
29.789,-88.75,2020,ssp126,12
29.789,-83.75,2020,ssp126,12
29.789,-78.75,2020,ssp126,0
29.789,-73.75,2020,ssp126,0
29.789,-68.75,2020,ssp126,0
32.324,-123.75,2020,ssp126,0
32.324,-118.75,2020,ssp126,0
32.324,-113.75,2020,ssp126,70
32.324,-108.75,2020,ssp126,91
32.324,-103.75,2020,ssp126,75
32.324,-98.75,2020,ssp126,75
32.324,-93.75,2020,ssp126,67
32.324,-88.75,2020,ssp126,66
32.324,-83.75,2020,ssp126,71
32.324,-78.75,2020,ssp126,3
32.324,-73.75,2020,ssp126,1
32.324,-68.75,2020,ssp126,0
34.859,-123.75,2020,ssp126,0
34.859,-118.75,2020,ssp126,91
34.859,-113.75,2020,ssp126,96
34.859,-108.75,2020,ssp126,106
34.859,-103.75,2020,ssp126,74
34.859,-98.75,2020,ssp126,68
34.859,-93.75,2020,ssp126,66
34.859,-88.75,2020,ssp126,89
34.859,-83.75,2020,ssp126,79
34.859,-78.75,2020,ssp126,80
34.859,-73.75,2020,ssp126,4
34.859,-68.75,2020,ssp126,0
37.394,-123.75,2020,ssp126,3
37.394,-118.75,2020,ssp126,120
37.394,-113.75,2020,ssp126,102
37.394,-108.75,2020,ssp126,90
37.394,-103.75,2020,ssp126,91
37.394,-98.75,2020,ssp126,67
37.394,-93.75,2020,ssp126,67
37.394,-88.75,2020,ssp126,69
37.394,-83.75,2020,ssp126,65
37.394,-78.75,2020,ssp126,69
37.394,-73.75,2020,ssp126,29
37.394,-68.75,2020,ssp126,5
39.93,-123.75,2020,ssp126,73
39.93,-118.75,2020,ssp126,116
39.93,-113.75,2020,ssp126,96
39.93,-108.75,2020,ssp126,77
39.93,-103.75,2020,ssp126,65
39.93,-98.75,2020,ssp126,59
39.93,-93.75,2020,ssp126,64
39.93,-88.75,2020,ssp126,48
39.93,-83.75,2020,ssp126,49
39.93,-78.75,2020,ssp126,41
39.93,-73.75,2020,ssp126,120
39.93,-68.75,2020,ssp126,88
42.465,-123.75,2020,ssp126,135
42.465,-118.75,2020,ssp126,113
42.465,-113.75,2020,ssp126,87
42.465,-108.75,2020,ssp126,72
42.465,-103.75,2020,ssp126,66
42.465,-98.75,2020,ssp126,52
42.465,-93.75,2020,ssp126,52
42.465,-88.75,2020,ssp126,53
42.465,-83.75,2020,ssp126,43
42.465,-78.75,2020,ssp126,53
42.465,-73.75,2020,ssp126,35
42.465,-68.75,2020,ssp126,131
45.0,-123.75,2020,ssp126,119
45.0,-118.75,2020,ssp126,124
45.0,-113.75,2020,ssp126,86
45.0,-108.75,2020,ssp126,79
45.0,-103.75,2020,ssp126,66
45.0,-98.75,2020,ssp126,48
45.0,-93.75,2020,ssp126,45
45.0,-88.75,2020,ssp126,52
45.0,-83.75,2020,ssp126,59
45.0,-78.75,2020,ssp126,46
45.0,-73.75,2020,ssp126,42
45.0,-68.75,2020,ssp126,41
47.535,-123.75,2020,ssp126,123
47.535,-118.75,2020,ssp126,108
47.535,-113.75,2020,ssp126,91
47.535,-108.75,2020,ssp126,75
47.535,-103.75,2020,ssp126,50
47.535,-98.75,2020,ssp126,49
47.535,-93.75,2020,ssp126,47
47.535,-88.75,2020,ssp126,52
47.535,-83.75,2020,ssp126,45
47.535,-78.75,2020,ssp126,35
47.535,-73.75,2020,ssp126,36
47.535,-68.75,2020,ssp126,42
24.718,-123.75,2021,ssp126,0
24.718,-118.75,2021,ssp126,0
24.718,-113.75,2021,ssp126,0
24.718,-108.75,2021,ssp126,0
24.718,-103.75,2021,ssp126,92
24.718,-98.75,2021,ssp126,12
24.718,-93.75,2021,ssp126,0
24.718,-88.75,2021,ssp126,0
24.718,-83.75,2021,ssp126,0
24.718,-78.75,2021,ssp126,0
24.718,-73.75,2021,ssp126,0
24.718,-68.75,2021,ssp126,0
27.254,-123.75,2021,ssp126,0
27.254,-118.75,2021,ssp126,0
27.254,-113.75,2021,ssp126,0
27.254,-108.75,2021,ssp126,41
27.254,-103.75,2021,ssp126,72
27.254,-98.75,2021,ssp126,19
27.254,-93.75,2021,ssp126,1
27.254,-88.75,2021,ssp126,0
27.254,-83.75,2021,ssp126,0
27.254,-78.75,2021,ssp126,0
27.254,-73.75,2021,ssp126,0
27.254,-68.75,2021,ssp126,0
29.789,-123.75,2021,ssp126,0
29.789,-118.75,2021,ssp126,0
29.789,-113.75,2021,ssp126,10
29.789,-108.75,2021,ssp126,88
29.789,-103.75,2021,ssp126,80
29.789,-98.75,2021,ssp126,46
29.789,-93.75,2021,ssp126,27
29.789,-88.75,2021,ssp126,17
29.789,-83.75,2021,ssp126,20
29.789,-78.75,2021,ssp126,0
29.789,-73.75,2021,ssp126,0
29.789,-68.75,2021,ssp126,0
32.324,-123.75,2021,ssp126,0
32.324,-118.75,2021,ssp126,0
32.324,-113.75,2021,ssp126,43
32.324,-108.75,2021,ssp126,109
32.324,-103.75,2021,ssp126,97
32.324,-98.75,2021,ssp126,67
32.324,-93.75,2021,ssp126,45
32.324,-88.75,2021,ssp126,42
32.324,-83.75,2021,ssp126,44
32.324,-78.75,2021,ssp126,10
32.324,-73.75,2021,ssp126,0
32.324,-68.75,2021,ssp126,0
34.859,-123.75,2021,ssp126,3
34.859,-118.75,2021,ssp126,62
34.859,-113.75,2021,ssp126,114
34.859,-108.75,2021,ssp126,109
34.859,-103.75,2021,ssp126,94
34.859,-98.75,2021,ssp126,83
34.859,-93.75,2021,ssp126,84
34.859,-88.75,2021,ssp126,78
34.859,-83.75,2021,ssp126,92
34.859,-78.75,2021,ssp126,62
34.859,-73.75,2021,ssp126,4
34.859,-68.75,2021,ssp126,0
37.394,-123.75,2021,ssp126,5
37.394,-118.75,2021,ssp126,134
37.394,-113.75,2021,ssp126,104
37.394,-108.75,2021,ssp126,86
37.394,-103.75,2021,ssp126,83
37.394,-98.75,2021,ssp126,70
37.394,-93.75,2021,ssp126,90
37.394,-88.75,2021,ssp126,90
37.394,-83.75,2021,ssp126,82
37.394,-78.75,2021,ssp126,89
37.394,-73.75,2021,ssp126,43
37.394,-68.75,2021,ssp126,5
39.93,-123.75,2021,ssp126,60
39.93,-118.75,2021,ssp126,123
39.93,-113.75,2021,ssp126,101
39.93,-108.75,2021,ssp126,98
39.93,-103.75,2021,ssp126,75
39.93,-98.75,2021,ssp126,72
39.93,-93.75,2021,ssp126,65
39.93,-88.75,2021,ssp126,77
39.93,-83.75,2021,ssp126,81
39.93,-78.75,2021,ssp126,65
39.93,-73.75,2021,ssp126,103
39.93,-68.75,2021,ssp126,98
42.465,-123.75,2021,ssp126,117
42.465,-118.75,2021,ssp126,118
42.465,-113.75,2021,ssp126,98
42.465,-108.75,2021,ssp126,89
42.465,-103.75,2021,ssp126,75
42.465,-98.75,2021,ssp126,67
42.465,-93.75,2021,ssp126,57
42.465,-88.75,2021,ssp126,79
42.465,-83.75,2021,ssp126,79
42.465,-78.75,2021,ssp126,70
42.465,-73.75,2021,ssp126,52
42.465,-68.75,2021,ssp126,132
45.0,-123.75,2021,ssp126,105
45.0,-118.75,2021,ssp126,123
45.0,-113.75,2021,ssp126,96
45.0,-108.75,2021,ssp126,88
45.0,-103.75,2021,ssp126,66
45.0,-98.75,2021,ssp126,62
45.0,-93.75,2021,ssp126,46
45.0,-88.75,2021,ssp126,54
45.0,-83.75,2021,ssp126,72
45.0,-78.75,2021,ssp126,49
45.0,-73.75,2021,ssp126,36
45.0,-68.75,2021,ssp126,44
47.535,-123.75,2021,ssp126,101
47.535,-118.75,2021,ssp126,104
47.535,-113.75,2021,ssp126,102
47.535,-108.75,2021,ssp126,76
47.535,-103.75,2021,ssp126,59
47.535,-98.75,2021,ssp126,43
47.535,-93.75,2021,ssp126,46
47.535,-88.75,2021,ssp126,56
47.535,-83.75,2021,ssp126,43
47.535,-78.75,2021,ssp126,37
47.535,-73.75,2021,ssp126,31
47.535,-68.75,2021,ssp126,26
24.718,-123.75,2022,ssp126,0
24.718,-118.75,2022,ssp126,0
24.718,-113.75,2022,ssp126,0
24.718,-108.75,2022,ssp126,1
24.718,-103.75,2022,ssp126,99
24.718,-98.75,2022,ssp126,16
24.718,-93.75,2022,ssp126,0
24.718,-88.75,2022,ssp126,0
24.718,-83.75,2022,ssp126,0
24.718,-78.75,2022,ssp126,0
24.718,-73.75,2022,ssp126,0
24.718,-68.75,2022,ssp126,0
27.254,-123.75,2022,ssp126,0
27.254,-118.75,2022,ssp126,0
27.254,-113.75,2022,ssp126,1
27.254,-108.75,2022,ssp126,48
27.254,-103.75,2022,ssp126,81
27.254,-98.75,2022,ssp126,34
27.254,-93.75,2022,ssp126,1
27.254,-88.75,2022,ssp126,0
27.254,-83.75,2022,ssp126,1
27.254,-78.75,2022,ssp126,0
27.254,-73.75,2022,ssp126,0
27.254,-68.75,2022,ssp126,0
29.789,-123.75,2022,ssp126,0
29.789,-118.75,2022,ssp126,0
29.789,-113.75,2022,ssp126,10
29.789,-108.75,2022,ssp126,114
29.789,-103.75,2022,ssp126,81
29.789,-98.75,2022,ssp126,44
29.789,-93.75,2022,ssp126,37
29.789,-88.75,2022,ssp126,22
29.789,-83.75,2022,ssp126,30
29.789,-78.75,2022,ssp126,1
29.789,-73.75,2022,ssp126,0
29.789,-68.75,2022,ssp126,0
32.324,-123.75,2022,ssp126,0
32.324,-118.75,2022,ssp126,3
32.324,-113.75,2022,ssp126,73
32.324,-108.75,2022,ssp126,100
32.324,-103.75,2022,ssp126,91
32.324,-98.75,2022,ssp126,67
32.324,-93.75,2022,ssp126,64
32.324,-88.75,2022,ssp126,61
32.324,-83.75,2022,ssp126,52
32.324,-78.75,2022,ssp126,21
32.324,-73.75,2022,ssp126,0
32.324,-68.75,2022,ssp126,0
34.859,-123.75,2022,ssp126,3
34.859,-118.75,2022,ssp126,90
34.859,-113.75,2022,ssp126,118
34.859,-108.75,2022,ssp126,72
34.859,-103.75,2022,ssp126,79
34.859,-98.75,2022,ssp126,76
34.859,-93.75,2022,ssp126,68
34.859,-88.75,2022,ssp126,68
34.859,-83.75,2022,ssp126,62
34.859,-78.75,2022,ssp126,60
34.859,-73.75,2022,ssp126,19
34.859,-68.75,2022,ssp126,0
37.394,-123.75,2022,ssp126,11
37.394,-118.75,2022,ssp126,105
37.394,-113.75,2022,ssp126,70
37.394,-108.75,2022,ssp126,69
37.394,-103.75,2022,ssp126,61
37.394,-98.75,2022,ssp126,61
37.394,-93.75,2022,ssp126,59
37.394,-88.75,2022,ssp126,63
37.394,-83.75,2022,ssp126,55
37.394,-78.75,2022,ssp126,63
37.394,-73.75,2022,ssp126,43
37.394,-68.75,2022,ssp126,21
39.93,-123.75,2022,ssp126,89
39.93,-118.75,2022,ssp126,107
39.93,-113.75,2022,ssp126,80
39.93,-108.75,2022,ssp126,86
39.93,-103.75,2022,ssp126,66
39.93,-98.75,2022,ssp126,53
39.93,-93.75,2022,ssp126,49
39.93,-88.75,2022,ssp126,48
39.93,-83.75,2022,ssp126,58
39.93,-78.75,2022,ssp126,62
39.93,-73.75,2022,ssp126,85
39.93,-68.75,2022,ssp126,75
42.465,-123.75,2022,ssp126,127
42.465,-118.75,2022,ssp126,108
42.465,-113.75,2022,ssp126,84
42.465,-108.75,2022,ssp126,84
42.465,-103.75,2022,ssp126,73
42.465,-98.75,2022,ssp126,52
42.465,-93.75,2022,ssp126,45
42.465,-88.75,2022,ssp126,54
42.465,-83.75,2022,ssp126,52
42.465,-78.75,2022,ssp126,56
42.465,-73.75,2022,ssp126,53
42.465,-68.75,2022,ssp126,121
45.0,-123.75,2022,ssp126,111
45.0,-118.75,2022,ssp126,117
45.0,-113.75,2022,ssp126,98
45.0,-108.75,2022,ssp126,88
45.0,-103.75,2022,ssp126,73
45.0,-98.75,2022,ssp126,60
45.0,-93.75,2022,ssp126,50
45.0,-88.75,2022,ssp126,49
45.0,-83.75,2022,ssp126,53
45.0,-78.75,2022,ssp126,48
45.0,-73.75,2022,ssp126,47
45.0,-68.75,2022,ssp126,50
47.535,-123.75,2022,ssp126,107
47.535,-118.75,2022,ssp126,106
47.535,-113.75,2022,ssp126,99
47.535,-108.75,2022,ssp126,89
47.535,-103.75,2022,ssp126,71
47.535,-98.75,2022,ssp126,54
47.535,-93.75,2022,ssp126,52
47.535,-88.75,2022,ssp126,62
47.535,-83.75,2022,ssp126,49
47.535,-78.75,2022,ssp126,49
47.535,-73.75,2022,ssp126,53
47.535,-68.75,2022,ssp126,51
24.718,-123.75,2023,ssp126,0
24.718,-118.75,2023,ssp126,0
24.718,-113.75,2023,ssp126,0
24.718,-108.75,2023,ssp126,0
24.718,-103.75,2023,ssp126,77
24.718,-98.75,2023,ssp126,10
24.718,-93.75,2023,ssp126,0
24.718,-88.75,2023,ssp126,0
24.718,-83.75,2023,ssp126,0
24.718,-78.75,2023,ssp126,0
24.718,-73.75,2023,ssp126,0
24.718,-68.75,2023,ssp126,0
27.254,-123.75,2023,ssp126,0
27.254,-118.75,2023,ssp126,0
27.254,-113.75,2023,ssp126,2
27.254,-108.75,2023,ssp126,35
27.254,-103.75,2023,ssp126,60
27.254,-98.75,2023,ssp126,15
27.254,-93.75,2023,ssp126,0
27.254,-88.75,2023,ssp126,0
27.254,-83.75,2023,ssp126,0
27.254,-78.75,2023,ssp126,0
27.254,-73.75,2023,ssp126,0
27.254,-68.75,2023,ssp126,0
29.789,-123.75,2023,ssp126,0
29.789,-118.75,2023,ssp126,0
29.789,-113.75,2023,ssp126,13
29.789,-108.75,2023,ssp126,100
29.789,-103.75,2023,ssp126,73
29.789,-98.75,2023,ssp126,37
29.789,-93.75,2023,ssp126,21
29.789,-88.75,2023,ssp126,13
29.789,-83.75,2023,ssp126,18
29.789,-78.75,2023,ssp126,0
29.789,-73.75,2023,ssp126,0
29.789,-68.75,2023,ssp126,0
32.324,-123.75,2023,ssp126,0
32.324,-118.75,2023,ssp126,2
32.324,-113.75,2023,ssp126,55
32.324,-108.75,2023,ssp126,112
32.324,-103.75,2023,ssp126,93
32.324,-98.75,2023,ssp126,65
32.324,-93.75,2023,ssp126,50
32.324,-88.75,2023,ssp126,46
32.324,-83.75,2023,ssp126,35
32.324,-78.75,2023,ssp126,7
32.324,-73.75,2023,ssp126,0
32.324,-68.75,2023,ssp126,0
34.859,-123.75,2023,ssp126,0
34.859,-118.75,2023,ssp126,76
34.859,-113.75,2023,ssp126,114
34.859,-108.75,2023,ssp126,88
34.859,-103.75,2023,ssp126,91
34.859,-98.75,2023,ssp126,63
34.859,-93.75,2023,ssp126,76
34.859,-88.75,2023,ssp126,60
34.859,-83.75,2023,ssp126,56
34.859,-78.75,2023,ssp126,51
34.859,-73.75,2023,ssp126,5
34.859,-68.75,2023,ssp126,0
37.394,-123.75,2023,ssp126,12
37.394,-118.75,2023,ssp126,137
37.394,-113.75,2023,ssp126,87
37.394,-108.75,2023,ssp126,80
37.394,-103.75,2023,ssp126,88
37.394,-98.75,2023,ssp126,63
37.394,-93.75,2023,ssp126,54
37.394,-88.75,2023,ssp126,61
37.394,-83.75,2023,ssp126,59
37.394,-78.75,2023,ssp126,56
37.394,-73.75,2023,ssp126,45
37.394,-68.75,2023,ssp126,14
39.93,-123.75,2023,ssp126,95
39.93,-118.75,2023,ssp126,105
39.93,-113.75,2023,ssp126,92
39.93,-108.75,2023,ssp126,80
39.93,-103.75,2023,ssp126,80
39.93,-98.75,2023,ssp126,50
39.93,-93.75,2023,ssp126,53
39.93,-88.75,2023,ssp126,67
39.93,-83.75,2023,ssp126,59
39.93,-78.75,2023,ssp126,63
39.93,-73.75,2023,ssp126,77
39.93,-68.75,2023,ssp126,74
42.465,-123.75,2023,ssp126,122
42.465,-118.75,2023,ssp126,94
42.465,-113.75,2023,ssp126,90
42.465,-108.75,2023,ssp126,79
42.465,-103.75,2023,ssp126,68
42.465,-98.75,2023,ssp126,43
42.465,-93.75,2023,ssp126,41
42.465,-88.75,2023,ssp126,57
42.465,-83.75,2023,ssp126,66
42.465,-78.75,2023,ssp126,64
42.465,-73.75,2023,ssp126,68
42.465,-68.75,2023,ssp126,117
45.0,-123.75,2023,ssp126,123
45.0,-118.75,2023,ssp126,81
45.0,-113.75,2023,ssp126,93
45.0,-108.75,2023,ssp126,68
45.0,-103.75,2023,ssp126,53
45.0,-98.75,2023,ssp126,42
45.0,-93.75,2023,ssp126,37
45.0,-88.75,2023,ssp126,43
45.0,-83.75,2023,ssp126,67
45.0,-78.75,2023,ssp126,57
45.0,-73.75,2023,ssp126,55
45.0,-68.75,2023,ssp126,64
47.535,-123.75,2023,ssp126,110
47.535,-118.75,2023,ssp126,72
47.535,-113.75,2023,ssp126,83
47.535,-108.75,2023,ssp126,62
47.535,-103.75,2023,ssp126,55
47.535,-98.75,2023,ssp126,46
47.535,-93.75,2023,ssp126,34
47.535,-88.75,2023,ssp126,48
47.535,-83.75,2023,ssp126,44
47.535,-78.75,2023,ssp126,48
47.535,-73.75,2023,ssp126,45
47.535,-68.75,2023,ssp126,44
24.718,-123.75,2024,ssp126,0
24.718,-118.75,2024,ssp126,0
24.718,-113.75,2024,ssp126,0
24.718,-108.75,2024,ssp126,0
24.718,-103.75,2024,ssp126,81
24.718,-98.75,2024,ssp126,8
24.718,-93.75,2024,ssp126,0
24.718,-88.75,2024,ssp126,0
24.718,-83.75,2024,ssp126,0
24.718,-78.75,2024,ssp126,0
24.718,-73.75,2024,ssp126,0
24.718,-68.75,2024,ssp126,0
27.254,-123.75,2024,ssp126,0
27.254,-118.75,2024,ssp126,0
27.254,-113.75,2024,ssp126,2
27.254,-108.75,2024,ssp126,44
27.254,-103.75,2024,ssp126,75
27.254,-98.75,2024,ssp126,23
27.254,-93.75,2024,ssp126,1
27.254,-88.75,2024,ssp126,0
27.254,-83.75,2024,ssp126,2
27.254,-78.75,2024,ssp126,0
27.254,-73.75,2024,ssp126,0
27.254,-68.75,2024,ssp126,0
29.789,-123.75,2024,ssp126,0
29.789,-118.75,2024,ssp126,0
29.789,-113.75,2024,ssp126,15
29.789,-108.75,2024,ssp126,105
29.789,-103.75,2024,ssp126,87
29.789,-98.75,2024,ssp126,49
29.789,-93.75,2024,ssp126,17
29.789,-88.75,2024,ssp126,16
29.789,-83.75,2024,ssp126,19
29.789,-78.75,2024,ssp126,1
29.789,-73.75,2024,ssp126,0
29.789,-68.75,2024,ssp126,0
32.324,-123.75,2024,ssp126,0
32.324,-118.75,2024,ssp126,1
32.324,-113.75,2024,ssp126,60
32.324,-108.75,2024,ssp126,97
32.324,-103.75,2024,ssp126,84
32.324,-98.75,2024,ssp126,84
32.324,-93.75,2024,ssp126,66
32.324,-88.75,2024,ssp126,65
32.324,-83.75,2024,ssp126,53
32.324,-78.75,2024,ssp126,14
32.324,-73.75,2024,ssp126,0
32.324,-68.75,2024,ssp126,0
34.859,-123.75,2024,ssp126,0
34.859,-118.75,2024,ssp126,48
34.859,-113.75,2024,ssp126,112
34.859,-108.75,2024,ssp126,91
34.859,-103.75,2024,ssp126,97
34.859,-98.75,2024,ssp126,104
34.859,-93.75,2024,ssp126,106
34.859,-88.75,2024,ssp126,102
34.859,-83.75,2024,ssp126,84
34.859,-78.75,2024,ssp126,60
34.859,-73.75,2024,ssp126,12
34.859,-68.75,2024,ssp126,0
37.394,-123.75,2024,ssp126,9
37.394,-118.75,2024,ssp126,125
37.394,-113.75,2024,ssp126,94
37.394,-108.75,2024,ssp126,91
37.394,-103.75,2024,ssp126,66
37.394,-98.75,2024,ssp126,85
37.394,-93.75,2024,ssp126,80
37.394,-88.75,2024,ssp126,77
37.394,-83.75,2024,ssp126,81
37.394,-78.75,2024,ssp126,80
37.394,-73.75,2024,ssp126,58
37.394,-68.75,2024,ssp126,22
39.93,-123.75,2024,ssp126,38
39.93,-118.75,2024,ssp126,133
39.93,-113.75,2024,ssp126,101
39.93,-108.75,2024,ssp126,81
39.93,-103.75,2024,ssp126,61
39.93,-98.75,2024,ssp126,77
39.93,-93.75,2024,ssp126,62
39.93,-88.75,2024,ssp126,54
39.93,-83.75,2024,ssp126,58
39.93,-78.75,2024,ssp126,55
39.93,-73.75,2024,ssp126,85
39.93,-68.75,2024,ssp126,77
42.465,-123.75,2024,ssp126,86
42.465,-118.75,2024,ssp126,128
42.465,-113.75,2024,ssp126,108
42.465,-108.75,2024,ssp126,77
42.465,-103.75,2024,ssp126,70
42.465,-98.75,2024,ssp126,57
42.465,-93.75,2024,ssp126,40
42.465,-88.75,2024,ssp126,55
42.465,-83.75,2024,ssp126,45
42.465,-78.75,2024,ssp126,59
42.465,-73.75,2024,ssp126,53
42.465,-68.75,2024,ssp126,113
45.0,-123.75,2024,ssp126,72
45.0,-118.75,2024,ssp126,121
45.0,-113.75,2024,ssp126,102
45.0,-108.75,2024,ssp126,76
45.0,-103.75,2024,ssp126,56
45.0,-98.75,2024,ssp126,38
45.0,-93.75,2024,ssp126,39
45.0,-88.75,2024,ssp126,42
45.0,-83.75,2024,ssp126,59
45.0,-78.75,2024,ssp126,60
45.0,-73.75,2024,ssp126,55
45.0,-68.75,2024,ssp126,56
47.535,-123.75,2024,ssp126,93
47.535,-118.75,2024,ssp126,95
47.535,-113.75,2024,ssp126,104
47.535,-108.75,2024,ssp126,62
47.535,-103.75,2024,ssp126,55
47.535,-98.75,2024,ssp126,40
47.535,-93.75,2024,ssp126,36
47.535,-88.75,2024,ssp126,56
47.535,-83.75,2024,ssp126,49
47.535,-78.75,2024,ssp126,54
47.535,-73.75,2024,ssp126,50
47.535,-68.75,2024,ssp126,52
24.718,-123.75,2025,ssp126,0
24.718,-118.75,2025,ssp126,0
24.718,-113.75,2025,ssp126,0
24.718,-108.75,2025,ssp126,1
24.718,-103.75,2025,ssp126,93
24.718,-98.75,2025,ssp126,11
24.718,-93.75,2025,ssp126,0
24.718,-88.75,2025,ssp126,0
24.718,-83.75,2025,ssp126,0
24.718,-78.75,2025,ssp126,0
24.718,-73.75,2025,ssp126,0
24.718,-68.75,2025,ssp126,0
27.254,-123.75,2025,ssp126,0
27.254,-118.75,2025,ssp126,0
27.254,-113.75,2025,ssp126,4
27.254,-108.75,2025,ssp126,49
27.254,-103.75,2025,ssp126,84
27.254,-98.75,2025,ssp126,24
27.254,-93.75,2025,ssp126,2
27.254,-88.75,2025,ssp126,0
27.254,-83.75,2025,ssp126,2
27.254,-78.75,2025,ssp126,0
27.254,-73.75,2025,ssp126,0
27.254,-68.75,2025,ssp126,0
29.789,-123.75,2025,ssp126,0
29.789,-118.75,2025,ssp126,0
29.789,-113.75,2025,ssp126,11
29.789,-108.75,2025,ssp126,112
29.789,-103.75,2025,ssp126,99
29.789,-98.75,2025,ssp126,50
29.789,-93.75,2025,ssp126,28
29.789,-88.75,2025,ssp126,23
29.789,-83.75,2025,ssp126,28
29.789,-78.75,2025,ssp126,0
29.789,-73.75,2025,ssp126,0
29.789,-68.75,2025,ssp126,0
32.324,-123.75,2025,ssp126,0
32.324,-118.75,2025,ssp126,6
32.324,-113.75,2025,ssp126,63
32.324,-108.75,2025,ssp126,125
32.324,-103.75,2025,ssp126,107
32.324,-98.75,2025,ssp126,67
32.324,-93.75,2025,ssp126,54
32.324,-88.75,2025,ssp126,49
32.324,-83.75,2025,ssp126,51
32.324,-78.75,2025,ssp126,18
32.324,-73.75,2025,ssp126,0
32.324,-68.75,2025,ssp126,0
34.859,-123.75,2025,ssp126,1
34.859,-118.75,2025,ssp126,82
34.859,-113.75,2025,ssp126,126
34.859,-108.75,2025,ssp126,86
34.859,-103.75,2025,ssp126,87
34.859,-98.75,2025,ssp126,81
34.859,-93.75,2025,ssp126,71
34.859,-88.75,2025,ssp126,68
34.859,-83.75,2025,ssp126,71
34.859,-78.75,2025,ssp126,47
34.859,-73.75,2025,ssp126,3
34.859,-68.75,2025,ssp126,0
37.394,-123.75,2025,ssp126,13
37.394,-118.75,2025,ssp126,131
37.394,-113.75,2025,ssp126,83
37.394,-108.75,2025,ssp126,63
37.394,-103.75,2025,ssp126,74
37.394,-98.75,2025,ssp126,87
37.394,-93.75,2025,ssp126,82
37.394,-88.75,2025,ssp126,78
37.394,-83.75,2025,ssp126,72
37.394,-78.75,2025,ssp126,73
37.394,-73.75,2025,ssp126,35
37.394,-68.75,2025,ssp126,4
39.93,-123.75,2025,ssp126,66
39.93,-118.75,2025,ssp126,102
39.93,-113.75,2025,ssp126,79
39.93,-108.75,2025,ssp126,66
39.93,-103.75,2025,ssp126,79
39.93,-98.75,2025,ssp126,86
39.93,-93.75,2025,ssp126,78
39.93,-88.75,2025,ssp126,80
39.93,-83.75,2025,ssp126,74
39.93,-78.75,2025,ssp126,76
39.93,-73.75,2025,ssp126,83
39.93,-68.75,2025,ssp126,61
42.465,-123.75,2025,ssp126,138
42.465,-118.75,2025,ssp126,97
42.465,-113.75,2025,ssp126,84
42.465,-108.75,2025,ssp126,66
42.465,-103.75,2025,ssp126,83
42.465,-98.75,2025,ssp126,94
42.465,-93.75,2025,ssp126,58
42.465,-88.75,2025,ssp126,78
42.465,-83.75,2025,ssp126,72
42.465,-78.75,2025,ssp126,78
42.465,-73.75,2025,ssp126,77
42.465,-68.75,2025,ssp126,107
45.0,-123.75,2025,ssp126,107
45.0,-118.75,2025,ssp126,124
45.0,-113.75,2025,ssp126,76
45.0,-108.75,2025,ssp126,71
45.0,-103.75,2025,ssp126,90
45.0,-98.75,2025,ssp126,73
45.0,-93.75,2025,ssp126,55
45.0,-88.75,2025,ssp126,62
45.0,-83.75,2025,ssp126,75
45.0,-78.75,2025,ssp126,66
45.0,-73.75,2025,ssp126,63
45.0,-68.75,2025,ssp126,68
47.535,-123.75,2025,ssp126,110
47.535,-118.75,2025,ssp126,116
47.535,-113.75,2025,ssp126,89
47.535,-108.75,2025,ssp126,98
47.535,-103.75,2025,ssp126,83
47.535,-98.75,2025,ssp126,70
47.535,-93.75,2025,ssp126,61
47.535,-88.75,2025,ssp126,67
47.535,-83.75,2025,ssp126,54
47.535,-78.75,2025,ssp126,48
47.535,-73.75,2025,ssp126,47
47.535,-68.75,2025,ssp126,53
24.718,-123.75,2026,ssp126,0
24.718,-118.75,2026,ssp126,0
24.718,-113.75,2026,ssp126,0
24.718,-108.75,2026,ssp126,0
24.718,-103.75,2026,ssp126,83
24.718,-98.75,2026,ssp126,7
24.718,-93.75,2026,ssp126,0
24.718,-88.75,2026,ssp126,0
24.718,-83.75,2026,ssp126,0
24.718,-78.75,2026,ssp126,0
24.718,-73.75,2026,ssp126,0
24.718,-68.75,2026,ssp126,0
27.254,-123.75,2026,ssp126,0
27.254,-118.75,2026,ssp126,0
27.254,-113.75,2026,ssp126,1
27.254,-108.75,2026,ssp126,44
27.254,-103.75,2026,ssp126,70
27.254,-98.75,2026,ssp126,15
27.254,-93.75,2026,ssp126,0
27.254,-88.75,2026,ssp126,0
27.254,-83.75,2026,ssp126,0
27.254,-78.75,2026,ssp126,0
27.254,-73.75,2026,ssp126,0
27.254,-68.75,2026,ssp126,0
29.789,-123.75,2026,ssp126,0
29.789,-118.75,2026,ssp126,0
29.789,-113.75,2026,ssp126,19
29.789,-108.75,2026,ssp126,101
29.789,-103.75,2026,ssp126,76
29.789,-98.75,2026,ssp126,49
29.789,-93.75,2026,ssp126,22
29.789,-88.75,2026,ssp126,10
29.789,-83.75,2026,ssp126,12
29.789,-78.75,2026,ssp126,0
29.789,-73.75,2026,ssp126,0
29.789,-68.75,2026,ssp126,0
32.324,-123.75,2026,ssp126,0
32.324,-118.75,2026,ssp126,0
32.324,-113.75,2026,ssp126,81
32.324,-108.75,2026,ssp126,104
32.324,-103.75,2026,ssp126,88
32.324,-98.75,2026,ssp126,73
32.324,-93.75,2026,ssp126,52
32.324,-88.75,2026,ssp126,51
32.324,-83.75,2026,ssp126,44
32.324,-78.75,2026,ssp126,9
32.324,-73.75,2026,ssp126,0
32.324,-68.75,2026,ssp126,0
34.859,-123.75,2026,ssp126,0
34.859,-118.75,2026,ssp126,95
34.859,-113.75,2026,ssp126,122
34.859,-108.75,2026,ssp126,91
34.859,-103.75,2026,ssp126,83
34.859,-98.75,2026,ssp126,69
34.859,-93.75,2026,ssp126,62
34.859,-88.75,2026,ssp126,55
34.859,-83.75,2026,ssp126,55
34.859,-78.75,2026,ssp126,51
34.859,-73.75,2026,ssp126,6
34.859,-68.75,2026,ssp126,0
37.394,-123.75,2026,ssp126,7
37.394,-118.75,2026,ssp126,123
37.394,-113.75,2026,ssp126,83
37.394,-108.75,2026,ssp126,76
37.394,-103.75,2026,ssp126,78
37.394,-98.75,2026,ssp126,76
37.394,-93.75,2026,ssp126,68
37.394,-88.75,2026,ssp126,55
37.394,-83.75,2026,ssp126,56
37.394,-78.75,2026,ssp126,67
37.394,-73.75,2026,ssp126,31
37.394,-68.75,2026,ssp126,4
39.93,-123.75,2026,ssp126,80
39.93,-118.75,2026,ssp126,84
39.93,-113.75,2026,ssp126,74
39.93,-108.75,2026,ssp126,62
39.93,-103.75,2026,ssp126,71
39.93,-98.75,2026,ssp126,65
39.93,-93.75,2026,ssp126,62
39.93,-88.75,2026,ssp126,66
39.93,-83.75,2026,ssp126,71
39.93,-78.75,2026,ssp126,77
39.93,-73.75,2026,ssp126,68
39.93,-68.75,2026,ssp126,63
42.465,-123.75,2026,ssp126,158
42.465,-118.75,2026,ssp126,93
42.465,-113.75,2026,ssp126,79
42.465,-108.75,2026,ssp126,60
42.465,-103.75,2026,ssp126,72
42.465,-98.75,2026,ssp126,62
42.465,-93.75,2026,ssp126,69
42.465,-88.75,2026,ssp126,77
42.465,-83.75,2026,ssp126,81
42.465,-78.75,2026,ssp126,75
42.465,-73.75,2026,ssp126,71
42.465,-68.75,2026,ssp126,122
45.0,-123.75,2026,ssp126,124
45.0,-118.75,2026,ssp126,113
45.0,-113.75,2026,ssp126,71
45.0,-108.75,2026,ssp126,70
45.0,-103.75,2026,ssp126,73
45.0,-98.75,2026,ssp126,68
45.0,-93.75,2026,ssp126,78
45.0,-88.75,2026,ssp126,80
45.0,-83.75,2026,ssp126,78
45.0,-78.75,2026,ssp126,76
45.0,-73.75,2026,ssp126,56
45.0,-68.75,2026,ssp126,64
47.535,-123.75,2026,ssp126,119
47.535,-118.75,2026,ssp126,97
47.535,-113.75,2026,ssp126,94
47.535,-108.75,2026,ssp126,74
47.535,-103.75,2026,ssp126,70
47.535,-98.75,2026,ssp126,69
47.535,-93.75,2026,ssp126,68
47.535,-88.75,2026,ssp126,67
47.535,-83.75,2026,ssp126,64
47.535,-78.75,2026,ssp126,60
47.535,-73.75,2026,ssp126,47
47.535,-68.75,2026,ssp126,47
24.718,-123.75,2027,ssp126,0
24.718,-118.75,2027,ssp126,0
24.718,-113.75,2027,ssp126,0
24.718,-108.75,2027,ssp126,0
24.718,-103.75,2027,ssp126,75
24.718,-98.75,2027,ssp126,7
24.718,-93.75,2027,ssp126,0
24.718,-88.75,2027,ssp126,0
24.718,-83.75,2027,ssp126,0
24.718,-78.75,2027,ssp126,0
24.718,-73.75,2027,ssp126,0
24.718,-68.75,2027,ssp126,0
27.254,-123.75,2027,ssp126,0
27.254,-118.75,2027,ssp126,0
27.254,-113.75,2027,ssp126,0
27.254,-108.75,2027,ssp126,50
27.254,-103.75,2027,ssp126,76
27.254,-98.75,2027,ssp126,22
27.254,-93.75,2027,ssp126,0
27.254,-88.75,2027,ssp126,0
27.254,-83.75,2027,ssp126,0
27.254,-78.75,2027,ssp126,0
27.254,-73.75,2027,ssp126,0
27.254,-68.75,2027,ssp126,0
29.789,-123.75,2027,ssp126,0
29.789,-118.75,2027,ssp126,0
29.789,-113.75,2027,ssp126,16
29.789,-108.75,2027,ssp126,102
29.789,-103.75,2027,ssp126,78
29.789,-98.75,2027,ssp126,55
29.789,-93.75,2027,ssp126,25
29.789,-88.75,2027,ssp126,18
29.789,-83.75,2027,ssp126,22
29.789,-78.75,2027,ssp126,0
29.789,-73.75,2027,ssp126,0
29.789,-68.75,2027,ssp126,0
32.324,-123.75,2027,ssp126,0
32.324,-118.75,2027,ssp126,0
32.324,-113.75,2027,ssp126,78
32.324,-108.75,2027,ssp126,88
32.324,-103.75,2027,ssp126,89
32.324,-98.75,2027,ssp126,71
32.324,-93.75,2027,ssp126,63
32.324,-88.75,2027,ssp126,60
32.324,-83.75,2027,ssp126,55
32.324,-78.75,2027,ssp126,10
32.324,-73.75,2027,ssp126,1
32.324,-68.75,2027,ssp126,0
34.859,-123.75,2027,ssp126,0
34.859,-118.75,2027,ssp126,96
34.859,-113.75,2027,ssp126,106
34.859,-108.75,2027,ssp126,76
34.859,-103.75,2027,ssp126,95
34.859,-98.75,2027,ssp126,81
34.859,-93.75,2027,ssp126,76
34.859,-88.75,2027,ssp126,69
34.859,-83.75,2027,ssp126,75
34.859,-78.75,2027,ssp126,57
34.859,-73.75,2027,ssp126,7
34.859,-68.75,2027,ssp126,1
37.394,-123.75,2027,ssp126,4
37.394,-118.75,2027,ssp126,120
37.394,-113.75,2027,ssp126,77
37.394,-108.75,2027,ssp126,72
37.394,-103.75,2027,ssp126,75
37.394,-98.75,2027,ssp126,70
37.394,-93.75,2027,ssp126,64
37.394,-88.75,2027,ssp126,71
37.394,-83.75,2027,ssp126,68
37.394,-78.75,2027,ssp126,68
37.394,-73.75,2027,ssp126,39
37.394,-68.75,2027,ssp126,7
39.93,-123.75,2027,ssp126,82
39.93,-118.75,2027,ssp126,95
39.93,-113.75,2027,ssp126,77
39.93,-108.75,2027,ssp126,82
39.93,-103.75,2027,ssp126,65
39.93,-98.75,2027,ssp126,68
39.93,-93.75,2027,ssp126,61
39.93,-88.75,2027,ssp126,66
39.93,-83.75,2027,ssp126,58
39.93,-78.75,2027,ssp126,62
39.93,-73.75,2027,ssp126,86
39.93,-68.75,2027,ssp126,82
42.465,-123.75,2027,ssp126,154
42.465,-118.75,2027,ssp126,94
42.465,-113.75,2027,ssp126,84
42.465,-108.75,2027,ssp126,78
42.465,-103.75,2027,ssp126,73
42.465,-98.75,2027,ssp126,54
42.465,-93.75,2027,ssp126,50
42.465,-88.75,2027,ssp126,70
42.465,-83.75,2027,ssp126,68
42.465,-78.75,2027,ssp126,63
42.465,-73.75,2027,ssp126,53
42.465,-68.75,2027,ssp126,111
45.0,-123.75,2027,ssp126,129
45.0,-118.75,2027,ssp126,105
45.0,-113.75,2027,ssp126,77
45.0,-108.75,2027,ssp126,82
45.0,-103.75,2027,ssp126,75
45.0,-98.75,2027,ssp126,61
45.0,-93.75,2027,ssp126,55
45.0,-88.75,2027,ssp126,56
45.0,-83.75,2027,ssp126,67
45.0,-78.75,2027,ssp126,54
45.0,-73.75,2027,ssp126,46
45.0,-68.75,2027,ssp126,67
47.535,-123.75,2027,ssp126,123
47.535,-118.75,2027,ssp126,92
47.535,-113.75,2027,ssp126,77
47.535,-108.75,2027,ssp126,67
47.535,-103.75,2027,ssp126,51
47.535,-98.75,2027,ssp126,38
47.535,-93.75,2027,ssp126,46
47.535,-88.75,2027,ssp126,71
47.535,-83.75,2027,ssp126,53
47.535,-78.75,2027,ssp126,49
47.535,-73.75,2027,ssp126,49
47.535,-68.75,2027,ssp126,46
24.718,-123.75,2028,ssp126,0
24.718,-118.75,2028,ssp126,0
24.718,-113.75,2028,ssp126,0
24.718,-108.75,2028,ssp126,2
24.718,-103.75,2028,ssp126,87
24.718,-98.75,2028,ssp126,6
24.718,-93.75,2028,ssp126,0
24.718,-88.75,2028,ssp126,0
24.718,-83.75,2028,ssp126,0
24.718,-78.75,2028,ssp126,0
24.718,-73.75,2028,ssp126,0
24.718,-68.75,2028,ssp126,0
27.254,-123.75,2028,ssp126,0
27.254,-118.75,2028,ssp126,0
27.254,-113.75,2028,ssp126,5
27.254,-108.75,2028,ssp126,72
27.254,-103.75,2028,ssp126,75
27.254,-98.75,2028,ssp126,13
27.254,-93.75,2028,ssp126,3
27.254,-88.75,2028,ssp126,0
27.254,-83.75,2028,ssp126,0
27.254,-78.75,2028,ssp126,0
27.254,-73.75,2028,ssp126,0
27.254,-68.75,2028,ssp126,0
29.789,-123.75,2028,ssp126,0
29.789,-118.75,2028,ssp126,3
29.789,-113.75,2028,ssp126,22
29.789,-108.75,2028,ssp126,102
29.789,-103.75,2028,ssp126,74
29.789,-98.75,2028,ssp126,50
29.789,-93.75,2028,ssp126,28
29.789,-88.75,2028,ssp126,14
29.789,-83.75,2028,ssp126,13
29.789,-78.75,2028,ssp126,0
29.789,-73.75,2028,ssp126,0
29.789,-68.75,2028,ssp126,0
32.324,-123.75,2028,ssp126,0
32.324,-118.75,2028,ssp126,7
32.324,-113.75,2028,ssp126,82
32.324,-108.75,2028,ssp126,98
32.324,-103.75,2028,ssp126,74
32.324,-98.75,2028,ssp126,62
32.324,-93.75,2028,ssp126,61
32.324,-88.75,2028,ssp126,58
32.324,-83.75,2028,ssp126,54
32.324,-78.75,2028,ssp126,1
32.324,-73.75,2028,ssp126,0
32.324,-68.75,2028,ssp126,0
34.859,-123.75,2028,ssp126,3
34.859,-118.75,2028,ssp126,93
34.859,-113.75,2028,ssp126,82
34.859,-108.75,2028,ssp126,82
34.859,-103.75,2028,ssp126,86
34.859,-98.75,2028,ssp126,67
34.859,-93.75,2028,ssp126,76
34.859,-88.75,2028,ssp126,69
34.859,-83.75,2028,ssp126,73
34.859,-78.75,2028,ssp126,58
34.859,-73.75,2028,ssp126,4
34.859,-68.75,2028,ssp126,0
37.394,-123.75,2028,ssp126,14
37.394,-118.75,2028,ssp126,121
37.394,-113.75,2028,ssp126,83
37.394,-108.75,2028,ssp126,80
37.394,-103.75,2028,ssp126,71
37.394,-98.75,2028,ssp126,57
37.394,-93.75,2028,ssp126,66
37.394,-88.75,2028,ssp126,65
37.394,-83.75,2028,ssp126,70
37.394,-78.75,2028,ssp126,82
37.394,-73.75,2028,ssp126,30
37.394,-68.75,2028,ssp126,3
39.93,-123.75,2028,ssp126,103
39.93,-118.75,2028,ssp126,93
39.93,-113.75,2028,ssp126,75
39.93,-108.75,2028,ssp126,89
39.93,-103.75,2028,ssp126,71
39.93,-98.75,2028,ssp126,57
39.93,-93.75,2028,ssp126,58
39.93,-88.75,2028,ssp126,64
39.93,-83.75,2028,ssp126,59
39.93,-78.75,2028,ssp126,72
39.93,-73.75,2028,ssp126,106
39.93,-68.75,2028,ssp126,74
42.465,-123.75,2028,ssp126,137
42.465,-118.75,2028,ssp126,94
42.465,-113.75,2028,ssp126,79
42.465,-108.75,2028,ssp126,87
42.465,-103.75,2028,ssp126,70
42.465,-98.75,2028,ssp126,48
42.465,-93.75,2028,ssp126,46
42.465,-88.75,2028,ssp126,53
42.465,-83.75,2028,ssp126,68
42.465,-78.75,2028,ssp126,71
42.465,-73.75,2028,ssp126,63
42.465,-68.75,2028,ssp126,120
45.0,-123.75,2028,ssp126,127
45.0,-118.75,2028,ssp126,103
45.0,-113.75,2028,ssp126,90
45.0,-108.75,2028,ssp126,84
45.0,-103.75,2028,ssp126,62
45.0,-98.75,2028,ssp126,42
45.0,-93.75,2028,ssp126,41
45.0,-88.75,2028,ssp126,54
45.0,-83.75,2028,ssp126,68
45.0,-78.75,2028,ssp126,67
45.0,-73.75,2028,ssp126,58
45.0,-68.75,2028,ssp126,60
47.535,-123.75,2028,ssp126,114
47.535,-118.75,2028,ssp126,85
47.535,-113.75,2028,ssp126,94
47.535,-108.75,2028,ssp126,68
47.535,-103.75,2028,ssp126,59
47.535,-98.75,2028,ssp126,42
47.535,-93.75,2028,ssp126,43
47.535,-88.75,2028,ssp126,62
47.535,-83.75,2028,ssp126,58
47.535,-78.75,2028,ssp126,64
47.535,-73.75,2028,ssp126,53
47.535,-68.75,2028,ssp126,45
24.718,-123.75,2029,ssp126,0
24.718,-118.75,2029,ssp126,0
24.718,-113.75,2029,ssp126,0
24.718,-108.75,2029,ssp126,1
24.718,-103.75,2029,ssp126,86
24.718,-98.75,2029,ssp126,8
24.718,-93.75,2029,ssp126,0
24.718,-88.75,2029,ssp126,0
24.718,-83.75,2029,ssp126,0
24.718,-78.75,2029,ssp126,0
24.718,-73.75,2029,ssp126,0
24.718,-68.75,2029,ssp126,0
27.254,-123.75,2029,ssp126,0
27.254,-118.75,2029,ssp126,0
27.254,-113.75,2029,ssp126,4
27.254,-108.75,2029,ssp126,49
27.254,-103.75,2029,ssp126,80
27.254,-98.75,2029,ssp126,28
27.254,-93.75,2029,ssp126,0
27.254,-88.75,2029,ssp126,0
27.254,-83.75,2029,ssp126,0
27.254,-78.75,2029,ssp126,0
27.254,-73.75,2029,ssp126,0
27.254,-68.75,2029,ssp126,0
29.789,-123.75,2029,ssp126,0
29.789,-118.75,2029,ssp126,0
29.789,-113.75,2029,ssp126,22
29.789,-108.75,2029,ssp126,83
29.789,-103.75,2029,ssp126,78
29.789,-98.75,2029,ssp126,49
29.789,-93.75,2029,ssp126,41
29.789,-88.75,2029,ssp126,17
29.789,-83.75,2029,ssp126,14
29.789,-78.75,2029,ssp126,0
29.789,-73.75,2029,ssp126,0
29.789,-68.75,2029,ssp126,0
32.324,-123.75,2029,ssp126,0
32.324,-118.75,2029,ssp126,3
32.324,-113.75,2029,ssp126,64
32.324,-108.75,2029,ssp126,86
32.324,-103.75,2029,ssp126,80
32.324,-98.75,2029,ssp126,53
32.324,-93.75,2029,ssp126,44
32.324,-88.75,2029,ssp126,51
32.324,-83.75,2029,ssp126,47
32.324,-78.75,2029,ssp126,5
32.324,-73.75,2029,ssp126,0
32.324,-68.75,2029,ssp126,0
34.859,-123.75,2029,ssp126,0
34.859,-118.75,2029,ssp126,84
34.859,-113.75,2029,ssp126,86
34.859,-108.75,2029,ssp126,90
34.859,-103.75,2029,ssp126,93
34.859,-98.75,2029,ssp126,64
34.859,-93.75,2029,ssp126,51
34.859,-88.75,2029,ssp126,55
34.859,-83.75,2029,ssp126,66
34.859,-78.75,2029,ssp126,60
34.859,-73.75,2029,ssp126,1
34.859,-68.75,2029,ssp126,0
37.394,-123.75,2029,ssp126,19
37.394,-118.75,2029,ssp126,113
37.394,-113.75,2029,ssp126,102
37.394,-108.75,2029,ssp126,91
37.394,-103.75,2029,ssp126,80
37.394,-98.75,2029,ssp126,64
37.394,-93.75,2029,ssp126,64
37.394,-88.75,2029,ssp126,63
37.394,-83.75,2029,ssp126,65
37.394,-78.75,2029,ssp126,65
37.394,-73.75,2029,ssp126,32
37.394,-68.75,2029,ssp126,3
39.93,-123.75,2029,ssp126,98
39.93,-118.75,2029,ssp126,126
39.93,-113.75,2029,ssp126,95
39.93,-108.75,2029,ssp126,73
39.93,-103.75,2029,ssp126,82
39.93,-98.75,2029,ssp126,69
39.93,-93.75,2029,ssp126,67
39.93,-88.75,2029,ssp126,70
39.93,-83.75,2029,ssp126,68
39.93,-78.75,2029,ssp126,69
39.93,-73.75,2029,ssp126,80
39.93,-68.75,2029,ssp126,57
42.465,-123.75,2029,ssp126,126
42.465,-118.75,2029,ssp126,114
42.465,-113.75,2029,ssp126,94
42.465,-108.75,2029,ssp126,73
42.465,-103.75,2029,ssp126,83
42.465,-98.75,2029,ssp126,64
42.465,-93.75,2029,ssp126,56
42.465,-88.75,2029,ssp126,78
42.465,-83.75,2029,ssp126,82
42.465,-78.75,2029,ssp126,85
42.465,-73.75,2029,ssp126,68
42.465,-68.75,2029,ssp126,111
45.0,-123.75,2029,ssp126,132
45.0,-118.75,2029,ssp126,121
45.0,-113.75,2029,ssp126,81
45.0,-108.75,2029,ssp126,78
45.0,-103.75,2029,ssp126,80
45.0,-98.75,2029,ssp126,60
45.0,-93.75,2029,ssp126,55
45.0,-88.75,2029,ssp126,77
45.0,-83.75,2029,ssp126,88
45.0,-78.75,2029,ssp126,82
45.0,-73.75,2029,ssp126,69
45.0,-68.75,2029,ssp126,73
47.535,-123.75,2029,ssp126,115
47.535,-118.75,2029,ssp126,98
47.535,-113.75,2029,ssp126,79
47.535,-108.75,2029,ssp126,83
47.535,-103.75,2029,ssp126,68
47.535,-98.75,2029,ssp126,64
47.535,-93.75,2029,ssp126,51
47.535,-88.75,2029,ssp126,77
47.535,-83.75,2029,ssp126,69
47.535,-78.75,2029,ssp126,69
47.535,-73.75,2029,ssp126,58
47.535,-68.75,2029,ssp126,64
24.718,-123.75,2030,ssp126,0
24.718,-118.75,2030,ssp126,0
24.718,-113.75,2030,ssp126,0
24.718,-108.75,2030,ssp126,3
24.718,-103.75,2030,ssp126,71
24.718,-98.75,2030,ssp126,15
24.718,-93.75,2030,ssp126,0
24.718,-88.75,2030,ssp126,0
24.718,-83.75,2030,ssp126,0
24.718,-78.75,2030,ssp126,0
24.718,-73.75,2030,ssp126,0
24.718,-68.75,2030,ssp126,0
27.254,-123.75,2030,ssp126,0
27.254,-118.75,2030,ssp126,0
27.254,-113.75,2030,ssp126,5
27.254,-108.75,2030,ssp126,66
27.254,-103.75,2030,ssp126,77
27.254,-98.75,2030,ssp126,30
27.254,-93.75,2030,ssp126,0
27.254,-88.75,2030,ssp126,0
27.254,-83.75,2030,ssp126,0
27.254,-78.75,2030,ssp126,0
27.254,-73.75,2030,ssp126,0
27.254,-68.75,2030,ssp126,0
29.789,-123.75,2030,ssp126,0
29.789,-118.75,2030,ssp126,0
29.789,-113.75,2030,ssp126,30
29.789,-108.75,2030,ssp126,91
29.789,-103.75,2030,ssp126,71
29.789,-98.75,2030,ssp126,60
29.789,-93.75,2030,ssp126,34
29.789,-88.75,2030,ssp126,17
29.789,-83.75,2030,ssp126,20
29.789,-78.75,2030,ssp126,0
29.789,-73.75,2030,ssp126,0
29.789,-68.75,2030,ssp126,0
32.324,-123.75,2030,ssp126,0
32.324,-118.75,2030,ssp126,4
32.324,-113.75,2030,ssp126,75
32.324,-108.75,2030,ssp126,92
32.324,-103.75,2030,ssp126,76
32.324,-98.75,2030,ssp126,64
32.324,-93.75,2030,ssp126,61
32.324,-88.75,2030,ssp126,57
32.324,-83.75,2030,ssp126,58
32.324,-78.75,2030,ssp126,13
32.324,-73.75,2030,ssp126,0
32.324,-68.75,2030,ssp126,0
34.859,-123.75,2030,ssp126,0
34.859,-118.75,2030,ssp126,80
34.859,-113.75,2030,ssp126,92
34.859,-108.75,2030,ssp126,88
34.859,-103.75,2030,ssp126,69
34.859,-98.75,2030,ssp126,54
34.859,-93.75,2030,ssp126,53
34.859,-88.75,2030,ssp126,59
34.859,-83.75,2030,ssp126,64
34.859,-78.75,2030,ssp126,51
34.859,-73.75,2030,ssp126,13
34.859,-68.75,2030,ssp126,0
37.394,-123.75,2030,ssp126,3
37.394,-118.75,2030,ssp126,120
37.394,-113.75,2030,ssp126,86
37.394,-108.75,2030,ssp126,82
37.394,-103.75,2030,ssp126,77
37.394,-98.75,2030,ssp126,58
37.394,-93.75,2030,ssp126,52
37.394,-88.75,2030,ssp126,51
37.394,-83.75,2030,ssp126,60
37.394,-78.75,2030,ssp126,68
37.394,-73.75,2030,ssp126,32
37.394,-68.75,2030,ssp126,9
39.93,-123.75,2030,ssp126,70
39.93,-118.75,2030,ssp126,113
39.93,-113.75,2030,ssp126,96
39.93,-108.75,2030,ssp126,93
39.93,-103.75,2030,ssp126,84
39.93,-98.75,2030,ssp126,69
39.93,-93.75,2030,ssp126,58
39.93,-88.75,2030,ssp126,56
39.93,-83.75,2030,ssp126,61
39.93,-78.75,2030,ssp126,70
39.93,-73.75,2030,ssp126,92
39.93,-68.75,2030,ssp126,66
42.465,-123.75,2030,ssp126,145
42.465,-118.75,2030,ssp126,125
42.465,-113.75,2030,ssp126,101
42.465,-108.75,2030,ssp126,88
42.465,-103.75,2030,ssp126,91
42.465,-98.75,2030,ssp126,70
42.465,-93.75,2030,ssp126,60
42.465,-88.75,2030,ssp126,50
42.465,-83.75,2030,ssp126,59
42.465,-78.75,2030,ssp126,63
42.465,-73.75,2030,ssp126,55
42.465,-68.75,2030,ssp126,102
45.0,-123.75,2030,ssp126,103
45.0,-118.75,2030,ssp126,140
45.0,-113.75,2030,ssp126,115
45.0,-108.75,2030,ssp126,100
45.0,-103.75,2030,ssp126,77
45.0,-98.75,2030,ssp126,59
45.0,-93.75,2030,ssp126,61
45.0,-88.75,2030,ssp126,62
45.0,-83.75,2030,ssp126,68
45.0,-78.75,2030,ssp126,58
45.0,-73.75,2030,ssp126,56
45.0,-68.75,2030,ssp126,56
47.535,-123.75,2030,ssp126,106
47.535,-118.75,2030,ssp126,129
47.535,-113.75,2030,ssp126,105
47.535,-108.75,2030,ssp126,81
47.535,-103.75,2030,ssp126,61
47.535,-98.75,2030,ssp126,60
47.535,-93.75,2030,ssp126,66
47.535,-88.75,2030,ssp126,64
47.535,-83.75,2030,ssp126,69
47.535,-78.75,2030,ssp126,63
47.535,-73.75,2030,ssp126,56
47.535,-68.75,2030,ssp126,53
24.718,-123.75,2031,ssp126,0
24.718,-118.75,2031,ssp126,0
24.718,-113.75,2031,ssp126,0
24.718,-108.75,2031,ssp126,0
24.718,-103.75,2031,ssp126,88
24.718,-98.75,2031,ssp126,14
24.718,-93.75,2031,ssp126,0
24.718,-88.75,2031,ssp126,0
24.718,-83.75,2031,ssp126,0
24.718,-78.75,2031,ssp126,0
24.718,-73.75,2031,ssp126,0
24.718,-68.75,2031,ssp126,0
27.254,-123.75,2031,ssp126,0
27.254,-118.75,2031,ssp126,0
27.254,-113.75,2031,ssp126,0
27.254,-108.75,2031,ssp126,40
27.254,-103.75,2031,ssp126,70
27.254,-98.75,2031,ssp126,36
27.254,-93.75,2031,ssp126,0
27.254,-88.75,2031,ssp126,0
27.254,-83.75,2031,ssp126,0
27.254,-78.75,2031,ssp126,0
27.254,-73.75,2031,ssp126,0
27.254,-68.75,2031,ssp126,0
29.789,-123.75,2031,ssp126,0
29.789,-118.75,2031,ssp126,0
29.789,-113.75,2031,ssp126,12
29.789,-108.75,2031,ssp126,97
29.789,-103.75,2031,ssp126,60
29.789,-98.75,2031,ssp126,58
29.789,-93.75,2031,ssp126,42
29.789,-88.75,2031,ssp126,23
29.789,-83.75,2031,ssp126,30
29.789,-78.75,2031,ssp126,0
29.789,-73.75,2031,ssp126,0
29.789,-68.75,2031,ssp126,0
32.324,-123.75,2031,ssp126,0
32.324,-118.75,2031,ssp126,0
32.324,-113.75,2031,ssp126,54
32.324,-108.75,2031,ssp126,91
32.324,-103.75,2031,ssp126,74
32.324,-98.75,2031,ssp126,65
32.324,-93.75,2031,ssp126,62
32.324,-88.75,2031,ssp126,60
32.324,-83.75,2031,ssp126,44
32.324,-78.75,2031,ssp126,22
32.324,-73.75,2031,ssp126,0
32.324,-68.75,2031,ssp126,0
34.859,-123.75,2031,ssp126,0
34.859,-118.75,2031,ssp126,66
34.859,-113.75,2031,ssp126,111
34.859,-108.75,2031,ssp126,91
34.859,-103.75,2031,ssp126,80
34.859,-98.75,2031,ssp126,70
34.859,-93.75,2031,ssp126,69
34.859,-88.75,2031,ssp126,65
34.859,-83.75,2031,ssp126,68
34.859,-78.75,2031,ssp126,47
34.859,-73.75,2031,ssp126,7
34.859,-68.75,2031,ssp126,0
37.394,-123.75,2031,ssp126,0
37.394,-118.75,2031,ssp126,134
37.394,-113.75,2031,ssp126,102
37.394,-108.75,2031,ssp126,89
37.394,-103.75,2031,ssp126,62
37.394,-98.75,2031,ssp126,57
37.394,-93.75,2031,ssp126,55
37.394,-88.75,2031,ssp126,59
37.394,-83.75,2031,ssp126,63
37.394,-78.75,2031,ssp126,63
37.394,-73.75,2031,ssp126,56
37.394,-68.75,2031,ssp126,11
39.93,-123.75,2031,ssp126,47
39.93,-118.75,2031,ssp126,108
39.93,-113.75,2031,ssp126,84
39.93,-108.75,2031,ssp126,92
39.93,-103.75,2031,ssp126,57
39.93,-98.75,2031,ssp126,49
39.93,-93.75,2031,ssp126,50
39.93,-88.75,2031,ssp126,54
39.93,-83.75,2031,ssp126,59
39.93,-78.75,2031,ssp126,56
39.93,-73.75,2031,ssp126,81
39.93,-68.75,2031,ssp126,86
42.465,-123.75,2031,ssp126,154
42.465,-118.75,2031,ssp126,100
42.465,-113.75,2031,ssp126,75
42.465,-108.75,2031,ssp126,74
42.465,-103.75,2031,ssp126,52
42.465,-98.75,2031,ssp126,46
42.465,-93.75,2031,ssp126,53
42.465,-88.75,2031,ssp126,61
42.465,-83.75,2031,ssp126,61
42.465,-78.75,2031,ssp126,62
42.465,-73.75,2031,ssp126,59
42.465,-68.75,2031,ssp126,97
45.0,-123.75,2031,ssp126,102
45.0,-118.75,2031,ssp126,119
45.0,-113.75,2031,ssp126,83
45.0,-108.75,2031,ssp126,61
45.0,-103.75,2031,ssp126,48
45.0,-98.75,2031,ssp126,42
45.0,-93.75,2031,ssp126,43
45.0,-88.75,2031,ssp126,64
45.0,-83.75,2031,ssp126,76
45.0,-78.75,2031,ssp126,66
45.0,-73.75,2031,ssp126,62
45.0,-68.75,2031,ssp126,65
47.535,-123.75,2031,ssp126,109
47.535,-118.75,2031,ssp126,106
47.535,-113.75,2031,ssp126,70
47.535,-108.75,2031,ssp126,52
47.535,-103.75,2031,ssp126,48
47.535,-98.75,2031,ssp126,43
47.535,-93.75,2031,ssp126,45
47.535,-88.75,2031,ssp126,67
47.535,-83.75,2031,ssp126,57
47.535,-78.75,2031,ssp126,51
47.535,-73.75,2031,ssp126,44
47.535,-68.75,2031,ssp126,47
24.718,-123.75,2032,ssp126,0
24.718,-118.75,2032,ssp126,0
24.718,-113.75,2032,ssp126,0
24.718,-108.75,2032,ssp126,0
24.718,-103.75,2032,ssp126,71
24.718,-98.75,2032,ssp126,6
24.718,-93.75,2032,ssp126,0
24.718,-88.75,2032,ssp126,0
24.718,-83.75,2032,ssp126,0
24.718,-78.75,2032,ssp126,0
24.718,-73.75,2032,ssp126,0
24.718,-68.75,2032,ssp126,0
27.254,-123.75,2032,ssp126,0
27.254,-118.75,2032,ssp126,0
27.254,-113.75,2032,ssp126,2
27.254,-108.75,2032,ssp126,70
27.254,-103.75,2032,ssp126,72
27.254,-98.75,2032,ssp126,15
27.254,-93.75,2032,ssp126,0
27.254,-88.75,2032,ssp126,0
27.254,-83.75,2032,ssp126,0
27.254,-78.75,2032,ssp126,0
27.254,-73.75,2032,ssp126,0
27.254,-68.75,2032,ssp126,0
29.789,-123.75,2032,ssp126,0
29.789,-118.75,2032,ssp126,0
29.789,-113.75,2032,ssp126,23
29.789,-108.75,2032,ssp126,112
29.789,-103.75,2032,ssp126,95
29.789,-98.75,2032,ssp126,62
29.789,-93.75,2032,ssp126,18
29.789,-88.75,2032,ssp126,8
29.789,-83.75,2032,ssp126,10
29.789,-78.75,2032,ssp126,0
29.789,-73.75,2032,ssp126,0
29.789,-68.75,2032,ssp126,0
32.324,-123.75,2032,ssp126,0
32.324,-118.75,2032,ssp126,3
32.324,-113.75,2032,ssp126,62
32.324,-108.75,2032,ssp126,93
32.324,-103.75,2032,ssp126,87
32.324,-98.75,2032,ssp126,80
32.324,-93.75,2032,ssp126,67
32.324,-88.75,2032,ssp126,56
32.324,-83.75,2032,ssp126,51
32.324,-78.75,2032,ssp126,4
32.324,-73.75,2032,ssp126,0
32.324,-68.75,2032,ssp126,0
34.859,-123.75,2032,ssp126,2
34.859,-118.75,2032,ssp126,78
34.859,-113.75,2032,ssp126,108
34.859,-108.75,2032,ssp126,80
34.859,-103.75,2032,ssp126,69
34.859,-98.75,2032,ssp126,72
34.859,-93.75,2032,ssp126,75
34.859,-88.75,2032,ssp126,73
34.859,-83.75,2032,ssp126,72
34.859,-78.75,2032,ssp126,71
34.859,-73.75,2032,ssp126,6
34.859,-68.75,2032,ssp126,0
37.394,-123.75,2032,ssp126,13
37.394,-118.75,2032,ssp126,124
37.394,-113.75,2032,ssp126,91
37.394,-108.75,2032,ssp126,78
37.394,-103.75,2032,ssp126,62
37.394,-98.75,2032,ssp126,71
37.394,-93.75,2032,ssp126,64
37.394,-88.75,2032,ssp126,63
37.394,-83.75,2032,ssp126,72
37.394,-78.75,2032,ssp126,62
37.394,-73.75,2032,ssp126,49
37.394,-68.75,2032,ssp126,12
39.93,-123.75,2032,ssp126,76
39.93,-118.75,2032,ssp126,101
39.93,-113.75,2032,ssp126,97
39.93,-108.75,2032,ssp126,89
39.93,-103.75,2032,ssp126,70
39.93,-98.75,2032,ssp126,47
39.93,-93.75,2032,ssp126,51
39.93,-88.75,2032,ssp126,50
39.93,-83.75,2032,ssp126,55
39.93,-78.75,2032,ssp126,56
39.93,-73.75,2032,ssp126,92
39.93,-68.75,2032,ssp126,94
42.465,-123.75,2032,ssp126,128
42.465,-118.75,2032,ssp126,103
42.465,-113.75,2032,ssp126,92
42.465,-108.75,2032,ssp126,79
42.465,-103.75,2032,ssp126,65
42.465,-98.75,2032,ssp126,35
42.465,-93.75,2032,ssp126,44
42.465,-88.75,2032,ssp126,48
42.465,-83.75,2032,ssp126,50
42.465,-78.75,2032,ssp126,47
42.465,-73.75,2032,ssp126,57
42.465,-68.75,2032,ssp126,104
45.0,-123.75,2032,ssp126,110
45.0,-118.75,2032,ssp126,108
45.0,-113.75,2032,ssp126,75
45.0,-108.75,2032,ssp126,81
45.0,-103.75,2032,ssp126,50
45.0,-98.75,2032,ssp126,30
45.0,-93.75,2032,ssp126,34
45.0,-88.75,2032,ssp126,44
45.0,-83.75,2032,ssp126,61
45.0,-78.75,2032,ssp126,58
45.0,-73.75,2032,ssp126,55
45.0,-68.75,2032,ssp126,64
47.535,-123.75,2032,ssp126,109
47.535,-118.75,2032,ssp126,81
47.535,-113.75,2032,ssp126,80
47.535,-108.75,2032,ssp126,56
47.535,-103.75,2032,ssp126,45
47.535,-98.75,2032,ssp126,33
47.535,-93.75,2032,ssp126,38
47.535,-88.75,2032,ssp126,40
47.535,-83.75,2032,ssp126,46
47.535,-78.75,2032,ssp126,42
47.535,-73.75,2032,ssp126,47
47.535,-68.75,2032,ssp126,45
24.718,-123.75,2033,ssp126,0
24.718,-118.75,2033,ssp126,0
24.718,-113.75,2033,ssp126,0
24.718,-108.75,2033,ssp126,0
24.718,-103.75,2033,ssp126,93
24.718,-98.75,2033,ssp126,24
24.718,-93.75,2033,ssp126,0
24.718,-88.75,2033,ssp126,0
24.718,-83.75,2033,ssp126,0
24.718,-78.75,2033,ssp126,0
24.718,-73.75,2033,ssp126,0
24.718,-68.75,2033,ssp126,0
27.254,-123.75,2033,ssp126,0
27.254,-118.75,2033,ssp126,0
27.254,-113.75,2033,ssp126,0
27.254,-108.75,2033,ssp126,53
27.254,-103.75,2033,ssp126,65
27.254,-98.75,2033,ssp126,38
27.254,-93.75,2033,ssp126,0
27.254,-88.75,2033,ssp126,0
27.254,-83.75,2033,ssp126,0
27.254,-78.75,2033,ssp126,0
27.254,-73.75,2033,ssp126,0
27.254,-68.75,2033,ssp126,0
29.789,-123.75,2033,ssp126,0
29.789,-118.75,2033,ssp126,0
29.789,-113.75,2033,ssp126,5
29.789,-108.75,2033,ssp126,103
29.789,-103.75,2033,ssp126,78
29.789,-98.75,2033,ssp126,54
29.789,-93.75,2033,ssp126,45
29.789,-88.75,2033,ssp126,25
29.789,-83.75,2033,ssp126,34
29.789,-78.75,2033,ssp126,0
29.789,-73.75,2033,ssp126,0
29.789,-68.75,2033,ssp126,0
32.324,-123.75,2033,ssp126,0
32.324,-118.75,2033,ssp126,0
32.324,-113.75,2033,ssp126,50
32.324,-108.75,2033,ssp126,106
32.324,-103.75,2033,ssp126,98
32.324,-98.75,2033,ssp126,65
32.324,-93.75,2033,ssp126,56
32.324,-88.75,2033,ssp126,59
32.324,-83.75,2033,ssp126,56
32.324,-78.75,2033,ssp126,19
32.324,-73.75,2033,ssp126,0
32.324,-68.75,2033,ssp126,0
34.859,-123.75,2033,ssp126,0
34.859,-118.75,2033,ssp126,41
34.859,-113.75,2033,ssp126,116
34.859,-108.75,2033,ssp126,97
34.859,-103.75,2033,ssp126,98
34.859,-98.75,2033,ssp126,86
34.859,-93.75,2033,ssp126,74
34.859,-88.75,2033,ssp126,74
34.859,-83.75,2033,ssp126,75
34.859,-78.75,2033,ssp126,59
34.859,-73.75,2033,ssp126,11
34.859,-68.75,2033,ssp126,0
37.394,-123.75,2033,ssp126,1
37.394,-118.75,2033,ssp126,165
37.394,-113.75,2033,ssp126,124
37.394,-108.75,2033,ssp126,89
37.394,-103.75,2033,ssp126,81
37.394,-98.75,2033,ssp126,89
37.394,-93.75,2033,ssp126,87
37.394,-88.75,2033,ssp126,84
37.394,-83.75,2033,ssp126,84
37.394,-78.75,2033,ssp126,80
37.394,-73.75,2033,ssp126,40
37.394,-68.75,2033,ssp126,2
39.93,-123.75,2033,ssp126,28
39.93,-118.75,2033,ssp126,131
39.93,-113.75,2033,ssp126,111
39.93,-108.75,2033,ssp126,82
39.93,-103.75,2033,ssp126,62
39.93,-98.75,2033,ssp126,70
39.93,-93.75,2033,ssp126,76
39.93,-88.75,2033,ssp126,81
39.93,-83.75,2033,ssp126,79
39.93,-78.75,2033,ssp126,80
39.93,-73.75,2033,ssp126,105
39.93,-68.75,2033,ssp126,76
42.465,-123.75,2033,ssp126,107
42.465,-118.75,2033,ssp126,128
42.465,-113.75,2033,ssp126,95
42.465,-108.75,2033,ssp126,75
42.465,-103.75,2033,ssp126,63
42.465,-98.75,2033,ssp126,67
42.465,-93.75,2033,ssp126,66
42.465,-88.75,2033,ssp126,84
42.465,-83.75,2033,ssp126,76
42.465,-78.75,2033,ssp126,80
42.465,-73.75,2033,ssp126,63
42.465,-68.75,2033,ssp126,131
45.0,-123.75,2033,ssp126,75
45.0,-118.75,2033,ssp126,129
45.0,-113.75,2033,ssp126,77
45.0,-108.75,2033,ssp126,61
45.0,-103.75,2033,ssp126,55
45.0,-98.75,2033,ssp126,64
45.0,-93.75,2033,ssp126,55
45.0,-88.75,2033,ssp126,60
45.0,-83.75,2033,ssp126,77
45.0,-78.75,2033,ssp126,66
45.0,-73.75,2033,ssp126,49
45.0,-68.75,2033,ssp126,61
47.535,-123.75,2033,ssp126,85
47.535,-118.75,2033,ssp126,113
47.535,-113.75,2033,ssp126,75
47.535,-108.75,2033,ssp126,64
47.535,-103.75,2033,ssp126,57
47.535,-98.75,2033,ssp126,54
47.535,-93.75,2033,ssp126,54
47.535,-88.75,2033,ssp126,52
47.535,-83.75,2033,ssp126,49
47.535,-78.75,2033,ssp126,51
47.535,-73.75,2033,ssp126,40
47.535,-68.75,2033,ssp126,47
24.718,-123.75,2034,ssp126,0
24.718,-118.75,2034,ssp126,0
24.718,-113.75,2034,ssp126,0
24.718,-108.75,2034,ssp126,0
24.718,-103.75,2034,ssp126,65
24.718,-98.75,2034,ssp126,7
24.718,-93.75,2034,ssp126,0
24.718,-88.75,2034,ssp126,0
24.718,-83.75,2034,ssp126,0
24.718,-78.75,2034,ssp126,0
24.718,-73.75,2034,ssp126,0
24.718,-68.75,2034,ssp126,0
27.254,-123.75,2034,ssp126,0
27.254,-118.75,2034,ssp126,0
27.254,-113.75,2034,ssp126,0
27.254,-108.75,2034,ssp126,30
27.254,-103.75,2034,ssp126,61
27.254,-98.75,2034,ssp126,12
27.254,-93.75,2034,ssp126,0
27.254,-88.75,2034,ssp126,0
27.254,-83.75,2034,ssp126,0
27.254,-78.75,2034,ssp126,0
27.254,-73.75,2034,ssp126,0
27.254,-68.75,2034,ssp126,0
29.789,-123.75,2034,ssp126,0
29.789,-118.75,2034,ssp126,0
29.789,-113.75,2034,ssp126,2
29.789,-108.75,2034,ssp126,109
29.789,-103.75,2034,ssp126,80
29.789,-98.75,2034,ssp126,36
29.789,-93.75,2034,ssp126,20
29.789,-88.75,2034,ssp126,11
29.789,-83.75,2034,ssp126,17
29.789,-78.75,2034,ssp126,0
29.789,-73.75,2034,ssp126,0
29.789,-68.75,2034,ssp126,0
32.324,-123.75,2034,ssp126,0
32.324,-118.75,2034,ssp126,0
32.324,-113.75,2034,ssp126,40
32.324,-108.75,2034,ssp126,126
32.324,-103.75,2034,ssp126,108
32.324,-98.75,2034,ssp126,61
32.324,-93.75,2034,ssp126,47
32.324,-88.75,2034,ssp126,50
32.324,-83.75,2034,ssp126,52
32.324,-78.75,2034,ssp126,9
32.324,-73.75,2034,ssp126,0
32.324,-68.75,2034,ssp126,0
34.859,-123.75,2034,ssp126,0
34.859,-118.75,2034,ssp126,49
34.859,-113.75,2034,ssp126,138
34.859,-108.75,2034,ssp126,80
34.859,-103.75,2034,ssp126,95
34.859,-98.75,2034,ssp126,86
34.859,-93.75,2034,ssp126,62
34.859,-88.75,2034,ssp126,62
34.859,-83.75,2034,ssp126,63
34.859,-78.75,2034,ssp126,63
34.859,-73.75,2034,ssp126,5
34.859,-68.75,2034,ssp126,0
37.394,-123.75,2034,ssp126,3
37.394,-118.75,2034,ssp126,141
37.394,-113.75,2034,ssp126,96
37.394,-108.75,2034,ssp126,93
37.394,-103.75,2034,ssp126,84
37.394,-98.75,2034,ssp126,90
37.394,-93.75,2034,ssp126,73
37.394,-88.75,2034,ssp126,64
37.394,-83.75,2034,ssp126,61
37.394,-78.75,2034,ssp126,59
37.394,-73.75,2034,ssp126,37
37.394,-68.75,2034,ssp126,12
39.93,-123.75,2034,ssp126,36
39.93,-118.75,2034,ssp126,123
39.93,-113.75,2034,ssp126,109
39.93,-108.75,2034,ssp126,93
39.93,-103.75,2034,ssp126,90
39.93,-98.75,2034,ssp126,73
39.93,-93.75,2034,ssp126,60
39.93,-88.75,2034,ssp126,59
39.93,-83.75,2034,ssp126,55
39.93,-78.75,2034,ssp126,59
39.93,-73.75,2034,ssp126,94
39.93,-68.75,2034,ssp126,76
42.465,-123.75,2034,ssp126,107
42.465,-118.75,2034,ssp126,122
42.465,-113.75,2034,ssp126,111
42.465,-108.75,2034,ssp126,80
42.465,-103.75,2034,ssp126,93
42.465,-98.75,2034,ssp126,65
42.465,-93.75,2034,ssp126,59
42.465,-88.75,2034,ssp126,54
42.465,-83.75,2034,ssp126,59
42.465,-78.75,2034,ssp126,62
42.465,-73.75,2034,ssp126,49
42.465,-68.75,2034,ssp126,114
45.0,-123.75,2034,ssp126,67
45.0,-118.75,2034,ssp126,132
45.0,-113.75,2034,ssp126,100
45.0,-108.75,2034,ssp126,92
45.0,-103.75,2034,ssp126,85
45.0,-98.75,2034,ssp126,66
45.0,-93.75,2034,ssp126,60
45.0,-88.75,2034,ssp126,60
45.0,-83.75,2034,ssp126,63
45.0,-78.75,2034,ssp126,56
45.0,-73.75,2034,ssp126,48
45.0,-68.75,2034,ssp126,58
47.535,-123.75,2034,ssp126,71
47.535,-118.75,2034,ssp126,128
47.535,-113.75,2034,ssp126,90
47.535,-108.75,2034,ssp126,102
47.535,-103.75,2034,ssp126,88
47.535,-98.75,2034,ssp126,64
47.535,-93.75,2034,ssp126,55
47.535,-88.75,2034,ssp126,62
47.535,-83.75,2034,ssp126,60
47.535,-78.75,2034,ssp126,50
47.535,-73.75,2034,ssp126,47
47.535,-68.75,2034,ssp126,52
24.718,-123.75,2035,ssp126,0
24.718,-118.75,2035,ssp126,0
24.718,-113.75,2035,ssp126,0
24.718,-108.75,2035,ssp126,0
24.718,-103.75,2035,ssp126,50
24.718,-98.75,2035,ssp126,9
24.718,-93.75,2035,ssp126,0
24.718,-88.75,2035,ssp126,0
24.718,-83.75,2035,ssp126,0
24.718,-78.75,2035,ssp126,0
24.718,-73.75,2035,ssp126,0
24.718,-68.75,2035,ssp126,0
27.254,-123.75,2035,ssp126,0
27.254,-118.75,2035,ssp126,0
27.254,-113.75,2035,ssp126,0
27.254,-108.75,2035,ssp126,47
27.254,-103.75,2035,ssp126,50
27.254,-98.75,2035,ssp126,16
27.254,-93.75,2035,ssp126,0
27.254,-88.75,2035,ssp126,0
27.254,-83.75,2035,ssp126,0
27.254,-78.75,2035,ssp126,0
27.254,-73.75,2035,ssp126,0
27.254,-68.75,2035,ssp126,0
29.789,-123.75,2035,ssp126,0
29.789,-118.75,2035,ssp126,0
29.789,-113.75,2035,ssp126,16
29.789,-108.75,2035,ssp126,100
29.789,-103.75,2035,ssp126,55
29.789,-98.75,2035,ssp126,47
29.789,-93.75,2035,ssp126,23
29.789,-88.75,2035,ssp126,12
29.789,-83.75,2035,ssp126,18
29.789,-78.75,2035,ssp126,0
29.789,-73.75,2035,ssp126,0
29.789,-68.75,2035,ssp126,0
32.324,-123.75,2035,ssp126,0
32.324,-118.75,2035,ssp126,0
32.324,-113.75,2035,ssp126,70
32.324,-108.75,2035,ssp126,99
32.324,-103.75,2035,ssp126,76
32.324,-98.75,2035,ssp126,56
32.324,-93.75,2035,ssp126,49
32.324,-88.75,2035,ssp126,39
32.324,-83.75,2035,ssp126,33
32.324,-78.75,2035,ssp126,9
32.324,-73.75,2035,ssp126,1
32.324,-68.75,2035,ssp126,0
34.859,-123.75,2035,ssp126,0
34.859,-118.75,2035,ssp126,80
34.859,-113.75,2035,ssp126,113
34.859,-108.75,2035,ssp126,82
34.859,-103.75,2035,ssp126,77
34.859,-98.75,2035,ssp126,60
34.859,-93.75,2035,ssp126,56
34.859,-88.75,2035,ssp126,63
34.859,-83.75,2035,ssp126,54
34.859,-78.75,2035,ssp126,44
34.859,-73.75,2035,ssp126,6
34.859,-68.75,2035,ssp126,1
37.394,-123.75,2035,ssp126,8
37.394,-118.75,2035,ssp126,146
37.394,-113.75,2035,ssp126,93
37.394,-108.75,2035,ssp126,74
37.394,-103.75,2035,ssp126,57
37.394,-98.75,2035,ssp126,63
37.394,-93.75,2035,ssp126,64
37.394,-88.75,2035,ssp126,75
37.394,-83.75,2035,ssp126,82
37.394,-78.75,2035,ssp126,89
37.394,-73.75,2035,ssp126,37
37.394,-68.75,2035,ssp126,4
39.93,-123.75,2035,ssp126,76
39.93,-118.75,2035,ssp126,95
39.93,-113.75,2035,ssp126,81
39.93,-108.75,2035,ssp126,79
39.93,-103.75,2035,ssp126,53
39.93,-98.75,2035,ssp126,49
39.93,-93.75,2035,ssp126,61
39.93,-88.75,2035,ssp126,62
39.93,-83.75,2035,ssp126,70
39.93,-78.75,2035,ssp126,67
39.93,-73.75,2035,ssp126,87
39.93,-68.75,2035,ssp126,71
42.465,-123.75,2035,ssp126,159
42.465,-118.75,2035,ssp126,86
42.465,-113.75,2035,ssp126,72
42.465,-108.75,2035,ssp126,65
42.465,-103.75,2035,ssp126,48
42.465,-98.75,2035,ssp126,41
42.465,-93.75,2035,ssp126,35
42.465,-88.75,2035,ssp126,57
42.465,-83.75,2035,ssp126,61
42.465,-78.75,2035,ssp126,61
42.465,-73.75,2035,ssp126,60
42.465,-68.75,2035,ssp126,121
45.0,-123.75,2035,ssp126,130
45.0,-118.75,2035,ssp126,101
45.0,-113.75,2035,ssp126,47
45.0,-108.75,2035,ssp126,54
45.0,-103.75,2035,ssp126,44
45.0,-98.75,2035,ssp126,35
45.0,-93.75,2035,ssp126,39
45.0,-88.75,2035,ssp126,50
45.0,-83.75,2035,ssp126,62
45.0,-78.75,2035,ssp126,62
45.0,-73.75,2035,ssp126,44
45.0,-68.75,2035,ssp126,51
47.535,-123.75,2035,ssp126,132
47.535,-118.75,2035,ssp126,87
47.535,-113.75,2035,ssp126,55
47.535,-108.75,2035,ssp126,59
47.535,-103.75,2035,ssp126,46
47.535,-98.75,2035,ssp126,34
47.535,-93.75,2035,ssp126,32
47.535,-88.75,2035,ssp126,49
47.535,-83.75,2035,ssp126,45
47.535,-78.75,2035,ssp126,49
47.535,-73.75,2035,ssp126,32
47.535,-68.75,2035,ssp126,36
24.718,-123.75,2036,ssp126,0
24.718,-118.75,2036,ssp126,0
24.718,-113.75,2036,ssp126,0
24.718,-108.75,2036,ssp126,0
24.718,-103.75,2036,ssp126,72
24.718,-98.75,2036,ssp126,13
24.718,-93.75,2036,ssp126,0
24.718,-88.75,2036,ssp126,0
24.718,-83.75,2036,ssp126,0
24.718,-78.75,2036,ssp126,0
24.718,-73.75,2036,ssp126,0
24.718,-68.75,2036,ssp126,0
27.254,-123.75,2036,ssp126,0
27.254,-118.75,2036,ssp126,0
27.254,-113.75,2036,ssp126,0
27.254,-108.75,2036,ssp126,44
27.254,-103.75,2036,ssp126,65
27.254,-98.75,2036,ssp126,24
27.254,-93.75,2036,ssp126,0
27.254,-88.75,2036,ssp126,0
27.254,-83.75,2036,ssp126,2
27.254,-78.75,2036,ssp126,0
27.254,-73.75,2036,ssp126,0
27.254,-68.75,2036,ssp126,0
29.789,-123.75,2036,ssp126,0
29.789,-118.75,2036,ssp126,0
29.789,-113.75,2036,ssp126,10
29.789,-108.75,2036,ssp126,111
29.789,-103.75,2036,ssp126,89
29.789,-98.75,2036,ssp126,58
29.789,-93.75,2036,ssp126,28
29.789,-88.75,2036,ssp126,21
29.789,-83.75,2036,ssp126,25
29.789,-78.75,2036,ssp126,0
29.789,-73.75,2036,ssp126,0
29.789,-68.75,2036,ssp126,0
32.324,-123.75,2036,ssp126,0
32.324,-118.75,2036,ssp126,0
32.324,-113.75,2036,ssp126,84
32.324,-108.75,2036,ssp126,106
32.324,-103.75,2036,ssp126,98
32.324,-98.75,2036,ssp126,90
32.324,-93.75,2036,ssp126,85
32.324,-88.75,2036,ssp126,61
32.324,-83.75,2036,ssp126,64
32.324,-78.75,2036,ssp126,15
32.324,-73.75,2036,ssp126,0
32.324,-68.75,2036,ssp126,0
34.859,-123.75,2036,ssp126,0
34.859,-118.75,2036,ssp126,76
34.859,-113.75,2036,ssp126,108
34.859,-108.75,2036,ssp126,95
34.859,-103.75,2036,ssp126,81
34.859,-98.75,2036,ssp126,77
34.859,-93.75,2036,ssp126,74
34.859,-88.75,2036,ssp126,66
34.859,-83.75,2036,ssp126,74
34.859,-78.75,2036,ssp126,55
34.859,-73.75,2036,ssp126,14
34.859,-68.75,2036,ssp126,0
37.394,-123.75,2036,ssp126,0
37.394,-118.75,2036,ssp126,136
37.394,-113.75,2036,ssp126,96
37.394,-108.75,2036,ssp126,87
37.394,-103.75,2036,ssp126,82
37.394,-98.75,2036,ssp126,70
37.394,-93.75,2036,ssp126,69
37.394,-88.75,2036,ssp126,77
37.394,-83.75,2036,ssp126,74
37.394,-78.75,2036,ssp126,75
37.394,-73.75,2036,ssp126,49
37.394,-68.75,2036,ssp126,17
39.93,-123.75,2036,ssp126,54
39.93,-118.75,2036,ssp126,123
39.93,-113.75,2036,ssp126,97
39.93,-108.75,2036,ssp126,90
39.93,-103.75,2036,ssp126,72
39.93,-98.75,2036,ssp126,56
39.93,-93.75,2036,ssp126,65
39.93,-88.75,2036,ssp126,66
39.93,-83.75,2036,ssp126,71
39.93,-78.75,2036,ssp126,67
39.93,-73.75,2036,ssp126,84
39.93,-68.75,2036,ssp126,79
42.465,-123.75,2036,ssp126,131
42.465,-118.75,2036,ssp126,121
42.465,-113.75,2036,ssp126,96
42.465,-108.75,2036,ssp126,89
42.465,-103.75,2036,ssp126,69
42.465,-98.75,2036,ssp126,58
42.465,-93.75,2036,ssp126,57
42.465,-88.75,2036,ssp126,57
42.465,-83.75,2036,ssp126,56
42.465,-78.75,2036,ssp126,59
42.465,-73.75,2036,ssp126,70
42.465,-68.75,2036,ssp126,109
45.0,-123.75,2036,ssp126,91
45.0,-118.75,2036,ssp126,141
45.0,-113.75,2036,ssp126,97
45.0,-108.75,2036,ssp126,89
45.0,-103.75,2036,ssp126,71
45.0,-98.75,2036,ssp126,58
45.0,-93.75,2036,ssp126,48
45.0,-88.75,2036,ssp126,61
45.0,-83.75,2036,ssp126,60
45.0,-78.75,2036,ssp126,60
45.0,-73.75,2036,ssp126,65
45.0,-68.75,2036,ssp126,73
47.535,-123.75,2036,ssp126,111
47.535,-118.75,2036,ssp126,110
47.535,-113.75,2036,ssp126,102
47.535,-108.75,2036,ssp126,85
47.535,-103.75,2036,ssp126,60
47.535,-98.75,2036,ssp126,57
47.535,-93.75,2036,ssp126,48
47.535,-88.75,2036,ssp126,71
47.535,-83.75,2036,ssp126,60
47.535,-78.75,2036,ssp126,57
47.535,-73.75,2036,ssp126,63
47.535,-68.75,2036,ssp126,61
24.718,-123.75,2037,ssp126,0
24.718,-118.75,2037,ssp126,0
24.718,-113.75,2037,ssp126,0
24.718,-108.75,2037,ssp126,0
24.718,-103.75,2037,ssp126,91
24.718,-98.75,2037,ssp126,11
24.718,-93.75,2037,ssp126,0
24.718,-88.75,2037,ssp126,0
24.718,-83.75,2037,ssp126,0
24.718,-78.75,2037,ssp126,0
24.718,-73.75,2037,ssp126,0
24.718,-68.75,2037,ssp126,0
27.254,-123.75,2037,ssp126,0
27.254,-118.75,2037,ssp126,0
27.254,-113.75,2037,ssp126,0
27.254,-108.75,2037,ssp126,36
27.254,-103.75,2037,ssp126,75
27.254,-98.75,2037,ssp126,20
27.254,-93.75,2037,ssp126,0
27.254,-88.75,2037,ssp126,0
27.254,-83.75,2037,ssp126,2
27.254,-78.75,2037,ssp126,0
27.254,-73.75,2037,ssp126,0
27.254,-68.75,2037,ssp126,0
29.789,-123.75,2037,ssp126,0
29.789,-118.75,2037,ssp126,0
29.789,-113.75,2037,ssp126,0
29.789,-108.75,2037,ssp126,111
29.789,-103.75,2037,ssp126,82
29.789,-98.75,2037,ssp126,48
29.789,-93.75,2037,ssp126,32
29.789,-88.75,2037,ssp126,18
29.789,-83.75,2037,ssp126,21
29.789,-78.75,2037,ssp126,2
29.789,-73.75,2037,ssp126,0
29.789,-68.75,2037,ssp126,0
32.324,-123.75,2037,ssp126,0
32.324,-118.75,2037,ssp126,0
32.324,-113.75,2037,ssp126,49
32.324,-108.75,2037,ssp126,120
32.324,-103.75,2037,ssp126,106
32.324,-98.75,2037,ssp126,84
32.324,-93.75,2037,ssp126,62
32.324,-88.75,2037,ssp126,56
32.324,-83.75,2037,ssp126,46
32.324,-78.75,2037,ssp126,12
32.324,-73.75,2037,ssp126,0
32.324,-68.75,2037,ssp126,0
34.859,-123.75,2037,ssp126,0
34.859,-118.75,2037,ssp126,48
34.859,-113.75,2037,ssp126,129
34.859,-108.75,2037,ssp126,89
34.859,-103.75,2037,ssp126,105
34.859,-98.75,2037,ssp126,79
34.859,-93.75,2037,ssp126,85
34.859,-88.75,2037,ssp126,78
34.859,-83.75,2037,ssp126,75
34.859,-78.75,2037,ssp126,71
34.859,-73.75,2037,ssp126,9
34.859,-68.75,2037,ssp126,0
37.394,-123.75,2037,ssp126,6
37.394,-118.75,2037,ssp126,166
37.394,-113.75,2037,ssp126,102
37.394,-108.75,2037,ssp126,76
37.394,-103.75,2037,ssp126,77
37.394,-98.75,2037,ssp126,69
37.394,-93.75,2037,ssp126,70
37.394,-88.75,2037,ssp126,66
37.394,-83.75,2037,ssp126,69
37.394,-78.75,2037,ssp126,59
37.394,-73.75,2037,ssp126,44
37.394,-68.75,2037,ssp126,7
39.93,-123.75,2037,ssp126,35
39.93,-118.75,2037,ssp126,134
39.93,-113.75,2037,ssp126,93
39.93,-108.75,2037,ssp126,79
39.93,-103.75,2037,ssp126,76
39.93,-98.75,2037,ssp126,58
39.93,-93.75,2037,ssp126,60
39.93,-88.75,2037,ssp126,59
39.93,-83.75,2037,ssp126,56
39.93,-78.75,2037,ssp126,65
39.93,-73.75,2037,ssp126,90
39.93,-68.75,2037,ssp126,73
42.465,-123.75,2037,ssp126,127
42.465,-118.75,2037,ssp126,127
42.465,-113.75,2037,ssp126,102
42.465,-108.75,2037,ssp126,76
42.465,-103.75,2037,ssp126,71
42.465,-98.75,2037,ssp126,51
42.465,-93.75,2037,ssp126,55
42.465,-88.75,2037,ssp126,56
42.465,-83.75,2037,ssp126,54
42.465,-78.75,2037,ssp126,59
42.465,-73.75,2037,ssp126,57
42.465,-68.75,2037,ssp126,111
45.0,-123.75,2037,ssp126,76
45.0,-118.75,2037,ssp126,140
45.0,-113.75,2037,ssp126,78
45.0,-108.75,2037,ssp126,69
45.0,-103.75,2037,ssp126,69
45.0,-98.75,2037,ssp126,53
45.0,-93.75,2037,ssp126,56
45.0,-88.75,2037,ssp126,60
45.0,-83.75,2037,ssp126,69
45.0,-78.75,2037,ssp126,55
45.0,-73.75,2037,ssp126,55
45.0,-68.75,2037,ssp126,74
47.535,-123.75,2037,ssp126,80
47.535,-118.75,2037,ssp126,115
47.535,-113.75,2037,ssp126,81
47.535,-108.75,2037,ssp126,75
47.535,-103.75,2037,ssp126,54
47.535,-98.75,2037,ssp126,57
47.535,-93.75,2037,ssp126,58
47.535,-88.75,2037,ssp126,60
47.535,-83.75,2037,ssp126,57
47.535,-78.75,2037,ssp126,52
47.535,-73.75,2037,ssp126,58
47.535,-68.75,2037,ssp126,69
24.718,-123.75,2038,ssp126,0
24.718,-118.75,2038,ssp126,0
24.718,-113.75,2038,ssp126,0
24.718,-108.75,2038,ssp126,1
24.718,-103.75,2038,ssp126,67
24.718,-98.75,2038,ssp126,14
24.718,-93.75,2038,ssp126,0
24.718,-88.75,2038,ssp126,0
24.718,-83.75,2038,ssp126,0
24.718,-78.75,2038,ssp126,0
24.718,-73.75,2038,ssp126,0
24.718,-68.75,2038,ssp126,0
27.254,-123.75,2038,ssp126,0
27.254,-118.75,2038,ssp126,0
27.254,-113.75,2038,ssp126,0
27.254,-108.75,2038,ssp126,45
27.254,-103.75,2038,ssp126,74
27.254,-98.75,2038,ssp126,25
27.254,-93.75,2038,ssp126,0
27.254,-88.75,2038,ssp126,0
27.254,-83.75,2038,ssp126,0
27.254,-78.75,2038,ssp126,0
27.254,-73.75,2038,ssp126,0
27.254,-68.75,2038,ssp126,0
29.789,-123.75,2038,ssp126,0
29.789,-118.75,2038,ssp126,0
29.789,-113.75,2038,ssp126,12
29.789,-108.75,2038,ssp126,93
29.789,-103.75,2038,ssp126,92
29.789,-98.75,2038,ssp126,47
29.789,-93.75,2038,ssp126,33
29.789,-88.75,2038,ssp126,14
29.789,-83.75,2038,ssp126,24
29.789,-78.75,2038,ssp126,0
29.789,-73.75,2038,ssp126,0
29.789,-68.75,2038,ssp126,0
32.324,-123.75,2038,ssp126,0
32.324,-118.75,2038,ssp126,0
32.324,-113.75,2038,ssp126,37
32.324,-108.75,2038,ssp126,106
32.324,-103.75,2038,ssp126,86
32.324,-98.75,2038,ssp126,63
32.324,-93.75,2038,ssp126,63
32.324,-88.75,2038,ssp126,63
32.324,-83.75,2038,ssp126,64
32.324,-78.75,2038,ssp126,12
32.324,-73.75,2038,ssp126,0
32.324,-68.75,2038,ssp126,0
34.859,-123.75,2038,ssp126,0
34.859,-118.75,2038,ssp126,62
34.859,-113.75,2038,ssp126,100
34.859,-108.75,2038,ssp126,91
34.859,-103.75,2038,ssp126,86
34.859,-98.75,2038,ssp126,91
34.859,-93.75,2038,ssp126,85
34.859,-88.75,2038,ssp126,75
34.859,-83.75,2038,ssp126,78
34.859,-78.75,2038,ssp126,73
34.859,-73.75,2038,ssp126,6
34.859,-68.75,2038,ssp126,0
37.394,-123.75,2038,ssp126,6
37.394,-118.75,2038,ssp126,120
37.394,-113.75,2038,ssp126,97
37.394,-108.75,2038,ssp126,100
37.394,-103.75,2038,ssp126,83
37.394,-98.75,2038,ssp126,102
37.394,-93.75,2038,ssp126,88
37.394,-88.75,2038,ssp126,77
37.394,-83.75,2038,ssp126,74
37.394,-78.75,2038,ssp126,78
37.394,-73.75,2038,ssp126,43
37.394,-68.75,2038,ssp126,1
39.93,-123.75,2038,ssp126,67
39.93,-118.75,2038,ssp126,110
39.93,-113.75,2038,ssp126,93
39.93,-108.75,2038,ssp126,100
39.93,-103.75,2038,ssp126,73
39.93,-98.75,2038,ssp126,71
39.93,-93.75,2038,ssp126,70
39.93,-88.75,2038,ssp126,74
39.93,-83.75,2038,ssp126,67
39.93,-78.75,2038,ssp126,63
39.93,-73.75,2038,ssp126,106
39.93,-68.75,2038,ssp126,70
42.465,-123.75,2038,ssp126,100
42.465,-118.75,2038,ssp126,113
42.465,-113.75,2038,ssp126,90
42.465,-108.75,2038,ssp126,94
42.465,-103.75,2038,ssp126,72
42.465,-98.75,2038,ssp126,57
42.465,-93.75,2038,ssp126,39
42.465,-88.75,2038,ssp126,63
42.465,-83.75,2038,ssp126,70
42.465,-78.75,2038,ssp126,66
42.465,-73.75,2038,ssp126,57
42.465,-68.75,2038,ssp126,129
45.0,-123.75,2038,ssp126,84
45.0,-118.75,2038,ssp126,107
45.0,-113.75,2038,ssp126,112
45.0,-108.75,2038,ssp126,97
45.0,-103.75,2038,ssp126,68
45.0,-98.75,2038,ssp126,46
45.0,-93.75,2038,ssp126,38
45.0,-88.75,2038,ssp126,45
45.0,-83.75,2038,ssp126,71
45.0,-78.75,2038,ssp126,60
45.0,-73.75,2038,ssp126,49
45.0,-68.75,2038,ssp126,60
47.535,-123.75,2038,ssp126,85
47.535,-118.75,2038,ssp126,92
47.535,-113.75,2038,ssp126,114
47.535,-108.75,2038,ssp126,80
47.535,-103.75,2038,ssp126,56
47.535,-98.75,2038,ssp126,47
47.535,-93.75,2038,ssp126,35
47.535,-88.75,2038,ssp126,48
47.535,-83.75,2038,ssp126,40
47.535,-78.75,2038,ssp126,44
47.535,-73.75,2038,ssp126,40
47.535,-68.75,2038,ssp126,44
24.718,-123.75,2039,ssp126,0
24.718,-118.75,2039,ssp126,0
24.718,-113.75,2039,ssp126,0
24.718,-108.75,2039,ssp126,0
24.718,-103.75,2039,ssp126,69
24.718,-98.75,2039,ssp126,7
24.718,-93.75,2039,ssp126,0
24.718,-88.75,2039,ssp126,0
24.718,-83.75,2039,ssp126,0
24.718,-78.75,2039,ssp126,0
24.718,-73.75,2039,ssp126,0
24.718,-68.75,2039,ssp126,0
27.254,-123.75,2039,ssp126,0
27.254,-118.75,2039,ssp126,0
27.254,-113.75,2039,ssp126,0
27.254,-108.75,2039,ssp126,29
27.254,-103.75,2039,ssp126,58
27.254,-98.75,2039,ssp126,23
27.254,-93.75,2039,ssp126,0
27.254,-88.75,2039,ssp126,0
27.254,-83.75,2039,ssp126,0
27.254,-78.75,2039,ssp126,0
27.254,-73.75,2039,ssp126,0
27.254,-68.75,2039,ssp126,0
29.789,-123.75,2039,ssp126,0
29.789,-118.75,2039,ssp126,0
29.789,-113.75,2039,ssp126,7
29.789,-108.75,2039,ssp126,84
29.789,-103.75,2039,ssp126,67
29.789,-98.75,2039,ssp126,52
29.789,-93.75,2039,ssp126,18
29.789,-88.75,2039,ssp126,9
29.789,-83.75,2039,ssp126,14
29.789,-78.75,2039,ssp126,0
29.789,-73.75,2039,ssp126,0
29.789,-68.75,2039,ssp126,0
32.324,-123.75,2039,ssp126,0
32.324,-118.75,2039,ssp126,0
32.324,-113.75,2039,ssp126,46
32.324,-108.75,2039,ssp126,129
32.324,-103.75,2039,ssp126,99
32.324,-98.75,2039,ssp126,69
32.324,-93.75,2039,ssp126,58
32.324,-88.75,2039,ssp126,60
32.324,-83.75,2039,ssp126,52
32.324,-78.75,2039,ssp126,13
32.324,-73.75,2039,ssp126,0
32.324,-68.75,2039,ssp126,0
34.859,-123.75,2039,ssp126,0
34.859,-118.75,2039,ssp126,56
34.859,-113.75,2039,ssp126,115
34.859,-108.75,2039,ssp126,125
34.859,-103.75,2039,ssp126,121
34.859,-98.75,2039,ssp126,94
34.859,-93.75,2039,ssp126,79
34.859,-88.75,2039,ssp126,73
34.859,-83.75,2039,ssp126,79
34.859,-78.75,2039,ssp126,57
34.859,-73.75,2039,ssp126,13
34.859,-68.75,2039,ssp126,1
37.394,-123.75,2039,ssp126,0
37.394,-118.75,2039,ssp126,142
37.394,-113.75,2039,ssp126,113
37.394,-108.75,2039,ssp126,94
37.394,-103.75,2039,ssp126,95
37.394,-98.75,2039,ssp126,88
37.394,-93.75,2039,ssp126,81
37.394,-88.75,2039,ssp126,77
37.394,-83.75,2039,ssp126,82
37.394,-78.75,2039,ssp126,75
37.394,-73.75,2039,ssp126,52
37.394,-68.75,2039,ssp126,14
39.93,-123.75,2039,ssp126,41
39.93,-118.75,2039,ssp126,128
39.93,-113.75,2039,ssp126,111
39.93,-108.75,2039,ssp126,80
39.93,-103.75,2039,ssp126,80
39.93,-98.75,2039,ssp126,74
39.93,-93.75,2039,ssp126,69
39.93,-88.75,2039,ssp126,74
39.93,-83.75,2039,ssp126,68
39.93,-78.75,2039,ssp126,63
39.93,-73.75,2039,ssp126,95
39.93,-68.75,2039,ssp126,99
42.465,-123.75,2039,ssp126,125
42.465,-118.75,2039,ssp126,136
42.465,-113.75,2039,ssp126,113
42.465,-108.75,2039,ssp126,73
42.465,-103.75,2039,ssp126,82
42.465,-98.75,2039,ssp126,81
42.465,-93.75,2039,ssp126,62
42.465,-88.75,2039,ssp126,76
42.465,-83.75,2039,ssp126,73
42.465,-78.75,2039,ssp126,73
42.465,-73.75,2039,ssp126,58
42.465,-68.75,2039,ssp126,110
45.0,-123.75,2039,ssp126,84
45.0,-118.75,2039,ssp126,127
45.0,-113.75,2039,ssp126,97
45.0,-108.75,2039,ssp126,76
45.0,-103.75,2039,ssp126,75
45.0,-98.75,2039,ssp126,68
45.0,-93.75,2039,ssp126,54
45.0,-88.75,2039,ssp126,62
45.0,-83.75,2039,ssp126,70
45.0,-78.75,2039,ssp126,67
45.0,-73.75,2039,ssp126,53
45.0,-68.75,2039,ssp126,58
47.535,-123.75,2039,ssp126,88
47.535,-118.75,2039,ssp126,122
47.535,-113.75,2039,ssp126,91
47.535,-108.75,2039,ssp126,86
47.535,-103.75,2039,ssp126,72
47.535,-98.75,2039,ssp126,52
47.535,-93.75,2039,ssp126,64
47.535,-88.75,2039,ssp126,63
47.535,-83.75,2039,ssp126,56
47.535,-78.75,2039,ssp126,55
47.535,-73.75,2039,ssp126,50
47.535,-68.75,2039,ssp126,55
24.718,-123.75,2040,ssp126,0
24.718,-118.75,2040,ssp126,0
24.718,-113.75,2040,ssp126,0
24.718,-108.75,2040,ssp126,0
24.718,-103.75,2040,ssp126,55
24.718,-98.75,2040,ssp126,5
24.718,-93.75,2040,ssp126,0
24.718,-88.75,2040,ssp126,0
24.718,-83.75,2040,ssp126,0
24.718,-78.75,2040,ssp126,0
24.718,-73.75,2040,ssp126,0
24.718,-68.75,2040,ssp126,0
27.254,-123.75,2040,ssp126,0
27.254,-118.75,2040,ssp126,0
27.254,-113.75,2040,ssp126,0
27.254,-108.75,2040,ssp126,12
27.254,-103.75,2040,ssp126,52
27.254,-98.75,2040,ssp126,16
27.254,-93.75,2040,ssp126,0
27.254,-88.75,2040,ssp126,0
27.254,-83.75,2040,ssp126,0
27.254,-78.75,2040,ssp126,0
27.254,-73.75,2040,ssp126,0
27.254,-68.75,2040,ssp126,0
29.789,-123.75,2040,ssp126,0
29.789,-118.75,2040,ssp126,0
29.789,-113.75,2040,ssp126,3
29.789,-108.75,2040,ssp126,78
29.789,-103.75,2040,ssp126,63
29.789,-98.75,2040,ssp126,39
29.789,-93.75,2040,ssp126,14
29.789,-88.75,2040,ssp126,6
29.789,-83.75,2040,ssp126,12
29.789,-78.75,2040,ssp126,0
29.789,-73.75,2040,ssp126,0
29.789,-68.75,2040,ssp126,0
32.324,-123.75,2040,ssp126,0
32.324,-118.75,2040,ssp126,1
32.324,-113.75,2040,ssp126,40
32.324,-108.75,2040,ssp126,101
32.324,-103.75,2040,ssp126,86
32.324,-98.75,2040,ssp126,54
32.324,-93.75,2040,ssp126,47
32.324,-88.75,2040,ssp126,52
32.324,-83.75,2040,ssp126,49
32.324,-78.75,2040,ssp126,6
32.324,-73.75,2040,ssp126,0
32.324,-68.75,2040,ssp126,0
34.859,-123.75,2040,ssp126,0
34.859,-118.75,2040,ssp126,42
34.859,-113.75,2040,ssp126,92
34.859,-108.75,2040,ssp126,99
34.859,-103.75,2040,ssp126,91
34.859,-98.75,2040,ssp126,66
34.859,-93.75,2040,ssp126,63
34.859,-88.75,2040,ssp126,70
34.859,-83.75,2040,ssp126,78
34.859,-78.75,2040,ssp126,68
34.859,-73.75,2040,ssp126,3
34.859,-68.75,2040,ssp126,0
37.394,-123.75,2040,ssp126,2
37.394,-118.75,2040,ssp126,140
37.394,-113.75,2040,ssp126,120
37.394,-108.75,2040,ssp126,78
37.394,-103.75,2040,ssp126,98
37.394,-98.75,2040,ssp126,74
37.394,-93.75,2040,ssp126,62
37.394,-88.75,2040,ssp126,61
37.394,-83.75,2040,ssp126,70
37.394,-78.75,2040,ssp126,67
37.394,-73.75,2040,ssp126,38
37.394,-68.75,2040,ssp126,4
39.93,-123.75,2040,ssp126,21
39.93,-118.75,2040,ssp126,123
39.93,-113.75,2040,ssp126,100
39.93,-108.75,2040,ssp126,89
39.93,-103.75,2040,ssp126,96
39.93,-98.75,2040,ssp126,75
39.93,-93.75,2040,ssp126,65
39.93,-88.75,2040,ssp126,62
39.93,-83.75,2040,ssp126,74
39.93,-78.75,2040,ssp126,71
39.93,-73.75,2040,ssp126,84
39.93,-68.75,2040,ssp126,69
42.465,-123.75,2040,ssp126,98
42.465,-118.75,2040,ssp126,134
42.465,-113.75,2040,ssp126,100
42.465,-108.75,2040,ssp126,85
42.465,-103.75,2040,ssp126,98
42.465,-98.75,2040,ssp126,76
42.465,-93.75,2040,ssp126,69
42.465,-88.75,2040,ssp126,70
42.465,-83.75,2040,ssp126,72
42.465,-78.75,2040,ssp126,75
42.465,-73.75,2040,ssp126,58
42.465,-68.75,2040,ssp126,93
45.0,-123.75,2040,ssp126,73
45.0,-118.75,2040,ssp126,137
45.0,-113.75,2040,ssp126,122
45.0,-108.75,2040,ssp126,108
45.0,-103.75,2040,ssp126,95
45.0,-98.75,2040,ssp126,61
45.0,-93.75,2040,ssp126,64
45.0,-88.75,2040,ssp126,65
45.0,-83.75,2040,ssp126,73
45.0,-78.75,2040,ssp126,68
45.0,-73.75,2040,ssp126,47
45.0,-68.75,2040,ssp126,63
47.535,-123.75,2040,ssp126,80
47.535,-118.75,2040,ssp126,132
47.535,-113.75,2040,ssp126,126
47.535,-108.75,2040,ssp126,110
47.535,-103.75,2040,ssp126,80
47.535,-98.75,2040,ssp126,64
47.535,-93.75,2040,ssp126,59
47.535,-88.75,2040,ssp126,58
47.535,-83.75,2040,ssp126,42
47.535,-78.75,2040,ssp126,41
47.535,-73.75,2040,ssp126,34
47.535,-68.75,2040,ssp126,41
24.718,-123.75,2041,ssp126,0
24.718,-118.75,2041,ssp126,0
24.718,-113.75,2041,ssp126,0
24.718,-108.75,2041,ssp126,0
24.718,-103.75,2041,ssp126,51
24.718,-98.75,2041,ssp126,6
24.718,-93.75,2041,ssp126,0
24.718,-88.75,2041,ssp126,0
24.718,-83.75,2041,ssp126,0
24.718,-78.75,2041,ssp126,0
24.718,-73.75,2041,ssp126,0
24.718,-68.75,2041,ssp126,0
27.254,-123.75,2041,ssp126,0
27.254,-118.75,2041,ssp126,0
27.254,-113.75,2041,ssp126,0
27.254,-108.75,2041,ssp126,54
27.254,-103.75,2041,ssp126,58
27.254,-98.75,2041,ssp126,21
27.254,-93.75,2041,ssp126,1
27.254,-88.75,2041,ssp126,0
27.254,-83.75,2041,ssp126,1
27.254,-78.75,2041,ssp126,0
27.254,-73.75,2041,ssp126,0
27.254,-68.75,2041,ssp126,0
29.789,-123.75,2041,ssp126,0
29.789,-118.75,2041,ssp126,0
29.789,-113.75,2041,ssp126,27
29.789,-108.75,2041,ssp126,72
29.789,-103.75,2041,ssp126,87
29.789,-98.75,2041,ssp126,52
29.789,-93.75,2041,ssp126,30
29.789,-88.75,2041,ssp126,12
29.789,-83.75,2041,ssp126,17
29.789,-78.75,2041,ssp126,0
29.789,-73.75,2041,ssp126,0
29.789,-68.75,2041,ssp126,0
32.324,-123.75,2041,ssp126,0
32.324,-118.75,2041,ssp126,1
32.324,-113.75,2041,ssp126,66
32.324,-108.75,2041,ssp126,83
32.324,-103.75,2041,ssp126,73
32.324,-98.75,2041,ssp126,72
32.324,-93.75,2041,ssp126,64
32.324,-88.75,2041,ssp126,71
32.324,-83.75,2041,ssp126,70
32.324,-78.75,2041,ssp126,6
32.324,-73.75,2041,ssp126,1
32.324,-68.75,2041,ssp126,0
34.859,-123.75,2041,ssp126,0
34.859,-118.75,2041,ssp126,74
34.859,-113.75,2041,ssp126,87
34.859,-108.75,2041,ssp126,97
34.859,-103.75,2041,ssp126,75
34.859,-98.75,2041,ssp126,70
34.859,-93.75,2041,ssp126,72
34.859,-88.75,2041,ssp126,73
34.859,-83.75,2041,ssp126,78
34.859,-78.75,2041,ssp126,79
34.859,-73.75,2041,ssp126,6
34.859,-68.75,2041,ssp126,0
37.394,-123.75,2041,ssp126,5
37.394,-118.75,2041,ssp126,112
37.394,-113.75,2041,ssp126,101
37.394,-108.75,2041,ssp126,101
37.394,-103.75,2041,ssp126,77
37.394,-98.75,2041,ssp126,59
37.394,-93.75,2041,ssp126,64
37.394,-88.75,2041,ssp126,66
37.394,-83.75,2041,ssp126,65
37.394,-78.75,2041,ssp126,63
37.394,-73.75,2041,ssp126,37
37.394,-68.75,2041,ssp126,7
39.93,-123.75,2041,ssp126,63
39.93,-118.75,2041,ssp126,114
39.93,-113.75,2041,ssp126,101
39.93,-108.75,2041,ssp126,77
39.93,-103.75,2041,ssp126,81
39.93,-98.75,2041,ssp126,53
39.93,-93.75,2041,ssp126,55
39.93,-88.75,2041,ssp126,54
39.93,-83.75,2041,ssp126,65
39.93,-78.75,2041,ssp126,57
39.93,-73.75,2041,ssp126,93
39.93,-68.75,2041,ssp126,63
42.465,-123.75,2041,ssp126,121
42.465,-118.75,2041,ssp126,108
42.465,-113.75,2041,ssp126,94
42.465,-108.75,2041,ssp126,76
42.465,-103.75,2041,ssp126,65
42.465,-98.75,2041,ssp126,53
42.465,-93.75,2041,ssp126,51
42.465,-88.75,2041,ssp126,65
42.465,-83.75,2041,ssp126,66
42.465,-78.75,2041,ssp126,65
42.465,-73.75,2041,ssp126,54
42.465,-68.75,2041,ssp126,124
45.0,-123.75,2041,ssp126,93
45.0,-118.75,2041,ssp126,117
45.0,-113.75,2041,ssp126,90
45.0,-108.75,2041,ssp126,80
45.0,-103.75,2041,ssp126,61
45.0,-98.75,2041,ssp126,53
45.0,-93.75,2041,ssp126,53
45.0,-88.75,2041,ssp126,52
45.0,-83.75,2041,ssp126,57
45.0,-78.75,2041,ssp126,56
45.0,-73.75,2041,ssp126,43
45.0,-68.75,2041,ssp126,58
47.535,-123.75,2041,ssp126,116
47.535,-118.75,2041,ssp126,91
47.535,-113.75,2041,ssp126,87
47.535,-108.75,2041,ssp126,61
47.535,-103.75,2041,ssp126,54
47.535,-98.75,2041,ssp126,52
47.535,-93.75,2041,ssp126,55
47.535,-88.75,2041,ssp126,43
47.535,-83.75,2041,ssp126,49
47.535,-78.75,2041,ssp126,42
47.535,-73.75,2041,ssp126,37
47.535,-68.75,2041,ssp126,38
24.718,-123.75,2042,ssp126,0
24.718,-118.75,2042,ssp126,0
24.718,-113.75,2042,ssp126,0
24.718,-108.75,2042,ssp126,0
24.718,-103.75,2042,ssp126,82
24.718,-98.75,2042,ssp126,15
24.718,-93.75,2042,ssp126,0
24.718,-88.75,2042,ssp126,0
24.718,-83.75,2042,ssp126,0
24.718,-78.75,2042,ssp126,0
24.718,-73.75,2042,ssp126,0
24.718,-68.75,2042,ssp126,0
27.254,-123.75,2042,ssp126,0
27.254,-118.75,2042,ssp126,0
27.254,-113.75,2042,ssp126,0
27.254,-108.75,2042,ssp126,53
27.254,-103.75,2042,ssp126,77
27.254,-98.75,2042,ssp126,21
27.254,-93.75,2042,ssp126,6
27.254,-88.75,2042,ssp126,1
27.254,-83.75,2042,ssp126,9
27.254,-78.75,2042,ssp126,0
27.254,-73.75,2042,ssp126,0
27.254,-68.75,2042,ssp126,0
29.789,-123.75,2042,ssp126,0
29.789,-118.75,2042,ssp126,0
29.789,-113.75,2042,ssp126,20
29.789,-108.75,2042,ssp126,99
29.789,-103.75,2042,ssp126,89
29.789,-98.75,2042,ssp126,50
29.789,-93.75,2042,ssp126,26
29.789,-88.75,2042,ssp126,19
29.789,-83.75,2042,ssp126,18
29.789,-78.75,2042,ssp126,2
29.789,-73.75,2042,ssp126,0
29.789,-68.75,2042,ssp126,0
32.324,-123.75,2042,ssp126,0
32.324,-118.75,2042,ssp126,0
32.324,-113.75,2042,ssp126,71
32.324,-108.75,2042,ssp126,114
32.324,-103.75,2042,ssp126,83
32.324,-98.75,2042,ssp126,62
32.324,-93.75,2042,ssp126,59
32.324,-88.75,2042,ssp126,51
32.324,-83.75,2042,ssp126,36
32.324,-78.75,2042,ssp126,19
32.324,-73.75,2042,ssp126,4
32.324,-68.75,2042,ssp126,0
34.859,-123.75,2042,ssp126,0
34.859,-118.75,2042,ssp126,83
34.859,-113.75,2042,ssp126,98
34.859,-108.75,2042,ssp126,89
34.859,-103.75,2042,ssp126,78
34.859,-98.75,2042,ssp126,59
34.859,-93.75,2042,ssp126,57
34.859,-88.75,2042,ssp126,52
34.859,-83.75,2042,ssp126,69
34.859,-78.75,2042,ssp126,46
34.859,-73.75,2042,ssp126,13
34.859,-68.75,2042,ssp126,1
37.394,-123.75,2042,ssp126,0
37.394,-118.75,2042,ssp126,110
37.394,-113.75,2042,ssp126,92
37.394,-108.75,2042,ssp126,84
37.394,-103.75,2042,ssp126,86
37.394,-98.75,2042,ssp126,63
37.394,-93.75,2042,ssp126,57
37.394,-88.75,2042,ssp126,55
37.394,-83.75,2042,ssp126,56
37.394,-78.75,2042,ssp126,69
37.394,-73.75,2042,ssp126,43
37.394,-68.75,2042,ssp126,15
39.93,-123.75,2042,ssp126,75
39.93,-118.75,2042,ssp126,107
39.93,-113.75,2042,ssp126,98
39.93,-108.75,2042,ssp126,77
39.93,-103.75,2042,ssp126,79
39.93,-98.75,2042,ssp126,70
39.93,-93.75,2042,ssp126,56
39.93,-88.75,2042,ssp126,64
39.93,-83.75,2042,ssp126,62
39.93,-78.75,2042,ssp126,70
39.93,-73.75,2042,ssp126,77
39.93,-68.75,2042,ssp126,71
42.465,-123.75,2042,ssp126,130
42.465,-118.75,2042,ssp126,106
42.465,-113.75,2042,ssp126,93
42.465,-108.75,2042,ssp126,68
42.465,-103.75,2042,ssp126,82
42.465,-98.75,2042,ssp126,58
42.465,-93.75,2042,ssp126,49
42.465,-88.75,2042,ssp126,65
42.465,-83.75,2042,ssp126,63
42.465,-78.75,2042,ssp126,70
42.465,-73.75,2042,ssp126,82
42.465,-68.75,2042,ssp126,112
45.0,-123.75,2042,ssp126,100
45.0,-118.75,2042,ssp126,115
45.0,-113.75,2042,ssp126,84
45.0,-108.75,2042,ssp126,76
45.0,-103.75,2042,ssp126,82
45.0,-98.75,2042,ssp126,50
45.0,-93.75,2042,ssp126,53
45.0,-88.75,2042,ssp126,59
45.0,-83.75,2042,ssp126,67
45.0,-78.75,2042,ssp126,69
45.0,-73.75,2042,ssp126,65
45.0,-68.75,2042,ssp126,62
47.535,-123.75,2042,ssp126,112
47.535,-118.75,2042,ssp126,88
47.535,-113.75,2042,ssp126,81
47.535,-108.75,2042,ssp126,81
47.535,-103.75,2042,ssp126,62
47.535,-98.75,2042,ssp126,49
47.535,-93.75,2042,ssp126,54
47.535,-88.75,2042,ssp126,55
47.535,-83.75,2042,ssp126,63
47.535,-78.75,2042,ssp126,60
47.535,-73.75,2042,ssp126,50
47.535,-68.75,2042,ssp126,48
24.718,-123.75,2043,ssp126,0
24.718,-118.75,2043,ssp126,0
24.718,-113.75,2043,ssp126,0
24.718,-108.75,2043,ssp126,0
24.718,-103.75,2043,ssp126,78
24.718,-98.75,2043,ssp126,17
24.718,-93.75,2043,ssp126,0
24.718,-88.75,2043,ssp126,0
24.718,-83.75,2043,ssp126,0
24.718,-78.75,2043,ssp126,0
24.718,-73.75,2043,ssp126,0
24.718,-68.75,2043,ssp126,0
27.254,-123.75,2043,ssp126,0
27.254,-118.75,2043,ssp126,0
27.254,-113.75,2043,ssp126,0
27.254,-108.75,2043,ssp126,37
27.254,-103.75,2043,ssp126,64
27.254,-98.75,2043,ssp126,19
27.254,-93.75,2043,ssp126,0
27.254,-88.75,2043,ssp126,0
27.254,-83.75,2043,ssp126,3
27.254,-78.75,2043,ssp126,0
27.254,-73.75,2043,ssp126,0
27.254,-68.75,2043,ssp126,0
29.789,-123.75,2043,ssp126,0
29.789,-118.75,2043,ssp126,1
29.789,-113.75,2043,ssp126,20
29.789,-108.75,2043,ssp126,105
29.789,-103.75,2043,ssp126,76
29.789,-98.75,2043,ssp126,40
29.789,-93.75,2043,ssp126,23
29.789,-88.75,2043,ssp126,17
29.789,-83.75,2043,ssp126,21
29.789,-78.75,2043,ssp126,2
29.789,-73.75,2043,ssp126,0
29.789,-68.75,2043,ssp126,0
32.324,-123.75,2043,ssp126,2
32.324,-118.75,2043,ssp126,4
32.324,-113.75,2043,ssp126,74
32.324,-108.75,2043,ssp126,100
32.324,-103.75,2043,ssp126,80
32.324,-98.75,2043,ssp126,61
32.324,-93.75,2043,ssp126,55
32.324,-88.75,2043,ssp126,50
32.324,-83.75,2043,ssp126,46
32.324,-78.75,2043,ssp126,14
32.324,-73.75,2043,ssp126,1
32.324,-68.75,2043,ssp126,0
34.859,-123.75,2043,ssp126,5
34.859,-118.75,2043,ssp126,85
34.859,-113.75,2043,ssp126,121
34.859,-108.75,2043,ssp126,81
34.859,-103.75,2043,ssp126,81
34.859,-98.75,2043,ssp126,74
34.859,-93.75,2043,ssp126,65
34.859,-88.75,2043,ssp126,63
34.859,-83.75,2043,ssp126,65
34.859,-78.75,2043,ssp126,50
34.859,-73.75,2043,ssp126,12
34.859,-68.75,2043,ssp126,0
37.394,-123.75,2043,ssp126,4
37.394,-118.75,2043,ssp126,122
37.394,-113.75,2043,ssp126,94
37.394,-108.75,2043,ssp126,72
37.394,-103.75,2043,ssp126,77
37.394,-98.75,2043,ssp126,82
37.394,-93.75,2043,ssp126,64
37.394,-88.75,2043,ssp126,64
37.394,-83.75,2043,ssp126,63
37.394,-78.75,2043,ssp126,59
37.394,-73.75,2043,ssp126,39
37.394,-68.75,2043,ssp126,10
39.93,-123.75,2043,ssp126,66
39.93,-118.75,2043,ssp126,92
39.93,-113.75,2043,ssp126,78
39.93,-108.75,2043,ssp126,63
39.93,-103.75,2043,ssp126,67
39.93,-98.75,2043,ssp126,84
39.93,-93.75,2043,ssp126,63
39.93,-88.75,2043,ssp126,59
39.93,-83.75,2043,ssp126,66
39.93,-78.75,2043,ssp126,61
39.93,-73.75,2043,ssp126,80
39.93,-68.75,2043,ssp126,68
42.465,-123.75,2043,ssp126,143
42.465,-118.75,2043,ssp126,89
42.465,-113.75,2043,ssp126,72
42.465,-108.75,2043,ssp126,57
42.465,-103.75,2043,ssp126,50
42.465,-98.75,2043,ssp126,73
42.465,-93.75,2043,ssp126,58
42.465,-88.75,2043,ssp126,66
42.465,-83.75,2043,ssp126,69
42.465,-78.75,2043,ssp126,75
42.465,-73.75,2043,ssp126,61
42.465,-68.75,2043,ssp126,113
45.0,-123.75,2043,ssp126,131
45.0,-118.75,2043,ssp126,100
45.0,-113.75,2043,ssp126,70
45.0,-108.75,2043,ssp126,64
45.0,-103.75,2043,ssp126,59
45.0,-98.75,2043,ssp126,60
45.0,-93.75,2043,ssp126,60
45.0,-88.75,2043,ssp126,74
45.0,-83.75,2043,ssp126,75
45.0,-78.75,2043,ssp126,72
45.0,-73.75,2043,ssp126,63
45.0,-68.75,2043,ssp126,71
47.535,-123.75,2043,ssp126,134
47.535,-118.75,2043,ssp126,83
47.535,-113.75,2043,ssp126,76
47.535,-108.75,2043,ssp126,62
47.535,-103.75,2043,ssp126,58
47.535,-98.75,2043,ssp126,51
47.535,-93.75,2043,ssp126,57
47.535,-88.75,2043,ssp126,63
47.535,-83.75,2043,ssp126,54
47.535,-78.75,2043,ssp126,66
47.535,-73.75,2043,ssp126,55
47.535,-68.75,2043,ssp126,60
24.718,-123.75,2044,ssp126,0
24.718,-118.75,2044,ssp126,0
24.718,-113.75,2044,ssp126,0
24.718,-108.75,2044,ssp126,0
24.718,-103.75,2044,ssp126,59
24.718,-98.75,2044,ssp126,9
24.718,-93.75,2044,ssp126,0
24.718,-88.75,2044,ssp126,0
24.718,-83.75,2044,ssp126,0
24.718,-78.75,2044,ssp126,0
24.718,-73.75,2044,ssp126,0
24.718,-68.75,2044,ssp126,0
27.254,-123.75,2044,ssp126,0
27.254,-118.75,2044,ssp126,0
27.254,-113.75,2044,ssp126,2
27.254,-108.75,2044,ssp126,43
27.254,-103.75,2044,ssp126,51
27.254,-98.75,2044,ssp126,27
27.254,-93.75,2044,ssp126,0
27.254,-88.75,2044,ssp126,0
27.254,-83.75,2044,ssp126,0
27.254,-78.75,2044,ssp126,0
27.254,-73.75,2044,ssp126,0
27.254,-68.75,2044,ssp126,0
29.789,-123.75,2044,ssp126,0
29.789,-118.75,2044,ssp126,0
29.789,-113.75,2044,ssp126,17
29.789,-108.75,2044,ssp126,97
29.789,-103.75,2044,ssp126,70
29.789,-98.75,2044,ssp126,55
29.789,-93.75,2044,ssp126,23
29.789,-88.75,2044,ssp126,8
29.789,-83.75,2044,ssp126,12
29.789,-78.75,2044,ssp126,0
29.789,-73.75,2044,ssp126,0
29.789,-68.75,2044,ssp126,0
32.324,-123.75,2044,ssp126,3
32.324,-118.75,2044,ssp126,4
32.324,-113.75,2044,ssp126,71
32.324,-108.75,2044,ssp126,106
32.324,-103.75,2044,ssp126,82
32.324,-98.75,2044,ssp126,59
32.324,-93.75,2044,ssp126,53
32.324,-88.75,2044,ssp126,50
32.324,-83.75,2044,ssp126,44
32.324,-78.75,2044,ssp126,6
32.324,-73.75,2044,ssp126,0
32.324,-68.75,2044,ssp126,0
34.859,-123.75,2044,ssp126,4
34.859,-118.75,2044,ssp126,87
34.859,-113.75,2044,ssp126,121
34.859,-108.75,2044,ssp126,95
34.859,-103.75,2044,ssp126,86
34.859,-98.75,2044,ssp126,79
34.859,-93.75,2044,ssp126,63
34.859,-88.75,2044,ssp126,67
34.859,-83.75,2044,ssp126,64
34.859,-78.75,2044,ssp126,45
34.859,-73.75,2044,ssp126,6
34.859,-68.75,2044,ssp126,0
37.394,-123.75,2044,ssp126,13
37.394,-118.75,2044,ssp126,134
37.394,-113.75,2044,ssp126,98
37.394,-108.75,2044,ssp126,83
37.394,-103.75,2044,ssp126,72
37.394,-98.75,2044,ssp126,90
37.394,-93.75,2044,ssp126,76
37.394,-88.75,2044,ssp126,83
37.394,-83.75,2044,ssp126,81
37.394,-78.75,2044,ssp126,73
37.394,-73.75,2044,ssp126,25
37.394,-68.75,2044,ssp126,1
39.93,-123.75,2044,ssp126,79
39.93,-118.75,2044,ssp126,101
39.93,-113.75,2044,ssp126,88
39.93,-108.75,2044,ssp126,80
39.93,-103.75,2044,ssp126,65
39.93,-98.75,2044,ssp126,72
39.93,-93.75,2044,ssp126,78
39.93,-88.75,2044,ssp126,82
39.93,-83.75,2044,ssp126,86
39.93,-78.75,2044,ssp126,83
39.93,-73.75,2044,ssp126,85
39.93,-68.75,2044,ssp126,54
42.465,-123.75,2044,ssp126,129
42.465,-118.75,2044,ssp126,104
42.465,-113.75,2044,ssp126,82
42.465,-108.75,2044,ssp126,73
42.465,-103.75,2044,ssp126,59
42.465,-98.75,2044,ssp126,53
42.465,-93.75,2044,ssp126,54
42.465,-88.75,2044,ssp126,84
42.465,-83.75,2044,ssp126,86
42.465,-78.75,2044,ssp126,79
42.465,-73.75,2044,ssp126,56
42.465,-68.75,2044,ssp126,101
45.0,-123.75,2044,ssp126,112
45.0,-118.75,2044,ssp126,122
45.0,-113.75,2044,ssp126,70
45.0,-108.75,2044,ssp126,76
45.0,-103.75,2044,ssp126,61
45.0,-98.75,2044,ssp126,47
45.0,-93.75,2044,ssp126,48
45.0,-88.75,2044,ssp126,48
45.0,-83.75,2044,ssp126,65
45.0,-78.75,2044,ssp126,53
45.0,-73.75,2044,ssp126,45
45.0,-68.75,2044,ssp126,63
47.535,-123.75,2044,ssp126,120
47.535,-118.75,2044,ssp126,109
47.535,-113.75,2044,ssp126,83
47.535,-108.75,2044,ssp126,79
47.535,-103.75,2044,ssp126,57
47.535,-98.75,2044,ssp126,41
47.535,-93.75,2044,ssp126,42
47.535,-88.75,2044,ssp126,55
47.535,-83.75,2044,ssp126,46
47.535,-78.75,2044,ssp126,43
47.535,-73.75,2044,ssp126,43
47.535,-68.75,2044,ssp126,43
24.718,-123.75,2045,ssp126,0
24.718,-118.75,2045,ssp126,0
24.718,-113.75,2045,ssp126,0
24.718,-108.75,2045,ssp126,0
24.718,-103.75,2045,ssp126,77
24.718,-98.75,2045,ssp126,12
24.718,-93.75,2045,ssp126,0
24.718,-88.75,2045,ssp126,0
24.718,-83.75,2045,ssp126,0
24.718,-78.75,2045,ssp126,0
24.718,-73.75,2045,ssp126,0
24.718,-68.75,2045,ssp126,0
27.254,-123.75,2045,ssp126,0
27.254,-118.75,2045,ssp126,0
27.254,-113.75,2045,ssp126,0
27.254,-108.75,2045,ssp126,44
27.254,-103.75,2045,ssp126,64
27.254,-98.75,2045,ssp126,20
27.254,-93.75,2045,ssp126,0
27.254,-88.75,2045,ssp126,0
27.254,-83.75,2045,ssp126,0
27.254,-78.75,2045,ssp126,0
27.254,-73.75,2045,ssp126,0
27.254,-68.75,2045,ssp126,0
29.789,-123.75,2045,ssp126,0
29.789,-118.75,2045,ssp126,0
29.789,-113.75,2045,ssp126,15
29.789,-108.75,2045,ssp126,84
29.789,-103.75,2045,ssp126,76
29.789,-98.75,2045,ssp126,53
29.789,-93.75,2045,ssp126,26
29.789,-88.75,2045,ssp126,18
29.789,-83.75,2045,ssp126,20
29.789,-78.75,2045,ssp126,0
29.789,-73.75,2045,ssp126,0
29.789,-68.75,2045,ssp126,0
32.324,-123.75,2045,ssp126,0
32.324,-118.75,2045,ssp126,1
32.324,-113.75,2045,ssp126,65
32.324,-108.75,2045,ssp126,107
32.324,-103.75,2045,ssp126,96
32.324,-98.75,2045,ssp126,81
32.324,-93.75,2045,ssp126,64
32.324,-88.75,2045,ssp126,71
32.324,-83.75,2045,ssp126,67
32.324,-78.75,2045,ssp126,8
32.324,-73.75,2045,ssp126,0
32.324,-68.75,2045,ssp126,0
34.859,-123.75,2045,ssp126,0
34.859,-118.75,2045,ssp126,62
34.859,-113.75,2045,ssp126,106
34.859,-108.75,2045,ssp126,85
34.859,-103.75,2045,ssp126,94
34.859,-98.75,2045,ssp126,88
34.859,-93.75,2045,ssp126,80
34.859,-88.75,2045,ssp126,77
34.859,-83.75,2045,ssp126,87
34.859,-78.75,2045,ssp126,77
34.859,-73.75,2045,ssp126,4
34.859,-68.75,2045,ssp126,0
37.394,-123.75,2045,ssp126,5
37.394,-118.75,2045,ssp126,147
37.394,-113.75,2045,ssp126,95
37.394,-108.75,2045,ssp126,76
37.394,-103.75,2045,ssp126,69
37.394,-98.75,2045,ssp126,81
37.394,-93.75,2045,ssp126,71
37.394,-88.75,2045,ssp126,76
37.394,-83.75,2045,ssp126,72
37.394,-78.75,2045,ssp126,74
37.394,-73.75,2045,ssp126,38
37.394,-68.75,2045,ssp126,6
39.93,-123.75,2045,ssp126,39
39.93,-118.75,2045,ssp126,114
39.93,-113.75,2045,ssp126,83
39.93,-108.75,2045,ssp126,78
39.93,-103.75,2045,ssp126,54
39.93,-98.75,2045,ssp126,71
39.93,-93.75,2045,ssp126,65
39.93,-88.75,2045,ssp126,63
39.93,-83.75,2045,ssp126,73
39.93,-78.75,2045,ssp126,73
39.93,-73.75,2045,ssp126,98
39.93,-68.75,2045,ssp126,48
42.465,-123.75,2045,ssp126,117
42.465,-118.75,2045,ssp126,112
42.465,-113.75,2045,ssp126,74
42.465,-108.75,2045,ssp126,78
42.465,-103.75,2045,ssp126,63
42.465,-98.75,2045,ssp126,46
42.465,-93.75,2045,ssp126,54
42.465,-88.75,2045,ssp126,65
42.465,-83.75,2045,ssp126,72
42.465,-78.75,2045,ssp126,77
42.465,-73.75,2045,ssp126,76
42.465,-68.75,2045,ssp126,115
45.0,-123.75,2045,ssp126,83
45.0,-118.75,2045,ssp126,131
45.0,-113.75,2045,ssp126,82
45.0,-108.75,2045,ssp126,69
45.0,-103.75,2045,ssp126,65
45.0,-98.75,2045,ssp126,47
45.0,-93.75,2045,ssp126,43
45.0,-88.75,2045,ssp126,49
45.0,-83.75,2045,ssp126,68
45.0,-78.75,2045,ssp126,63
45.0,-73.75,2045,ssp126,59
45.0,-68.75,2045,ssp126,70
47.535,-123.75,2045,ssp126,75
47.535,-118.75,2045,ssp126,128
47.535,-113.75,2045,ssp126,67
47.535,-108.75,2045,ssp126,69
47.535,-103.75,2045,ssp126,55
47.535,-98.75,2045,ssp126,50
47.535,-93.75,2045,ssp126,40
47.535,-88.75,2045,ssp126,44
47.535,-83.75,2045,ssp126,43
47.535,-78.75,2045,ssp126,47
47.535,-73.75,2045,ssp126,53
47.535,-68.75,2045,ssp126,56
24.718,-123.75,2046,ssp126,0
24.718,-118.75,2046,ssp126,0
24.718,-113.75,2046,ssp126,0
24.718,-108.75,2046,ssp126,0
24.718,-103.75,2046,ssp126,43
24.718,-98.75,2046,ssp126,8
24.718,-93.75,2046,ssp126,0
24.718,-88.75,2046,ssp126,0
24.718,-83.75,2046,ssp126,0
24.718,-78.75,2046,ssp126,0
24.718,-73.75,2046,ssp126,0
24.718,-68.75,2046,ssp126,0
27.254,-123.75,2046,ssp126,0
27.254,-118.75,2046,ssp126,0
27.254,-113.75,2046,ssp126,1
27.254,-108.75,2046,ssp126,19
27.254,-103.75,2046,ssp126,41
27.254,-98.75,2046,ssp126,11
27.254,-93.75,2046,ssp126,0
27.254,-88.75,2046,ssp126,0
27.254,-83.75,2046,ssp126,0
27.254,-78.75,2046,ssp126,0
27.254,-73.75,2046,ssp126,0
27.254,-68.75,2046,ssp126,0
29.789,-123.75,2046,ssp126,0
29.789,-118.75,2046,ssp126,0
29.789,-113.75,2046,ssp126,5
29.789,-108.75,2046,ssp126,86
29.789,-103.75,2046,ssp126,59
29.789,-98.75,2046,ssp126,39
29.789,-93.75,2046,ssp126,18
29.789,-88.75,2046,ssp126,9
29.789,-83.75,2046,ssp126,7
29.789,-78.75,2046,ssp126,0
29.789,-73.75,2046,ssp126,0
29.789,-68.75,2046,ssp126,0
32.324,-123.75,2046,ssp126,0
32.324,-118.75,2046,ssp126,1
32.324,-113.75,2046,ssp126,36
32.324,-108.75,2046,ssp126,117
32.324,-103.75,2046,ssp126,92
32.324,-98.75,2046,ssp126,67
32.324,-93.75,2046,ssp126,52
32.324,-88.75,2046,ssp126,51
32.324,-83.75,2046,ssp126,40
32.324,-78.75,2046,ssp126,3
32.324,-73.75,2046,ssp126,0
32.324,-68.75,2046,ssp126,0
34.859,-123.75,2046,ssp126,0
34.859,-118.75,2046,ssp126,57
34.859,-113.75,2046,ssp126,133
34.859,-108.75,2046,ssp126,107
34.859,-103.75,2046,ssp126,99
34.859,-98.75,2046,ssp126,79
34.859,-93.75,2046,ssp126,69
34.859,-88.75,2046,ssp126,65
34.859,-83.75,2046,ssp126,72
34.859,-78.75,2046,ssp126,54
34.859,-73.75,2046,ssp126,2
34.859,-68.75,2046,ssp126,0
37.394,-123.75,2046,ssp126,6
37.394,-118.75,2046,ssp126,141
37.394,-113.75,2046,ssp126,105
37.394,-108.75,2046,ssp126,88
37.394,-103.75,2046,ssp126,100
37.394,-98.75,2046,ssp126,80
37.394,-93.75,2046,ssp126,76
37.394,-88.75,2046,ssp126,76
37.394,-83.75,2046,ssp126,70
37.394,-78.75,2046,ssp126,81
37.394,-73.75,2046,ssp126,21
37.394,-68.75,2046,ssp126,2
39.93,-123.75,2046,ssp126,72
39.93,-118.75,2046,ssp126,108
39.93,-113.75,2046,ssp126,93
39.93,-108.75,2046,ssp126,82
39.93,-103.75,2046,ssp126,92
39.93,-98.75,2046,ssp126,81
39.93,-93.75,2046,ssp126,86
39.93,-88.75,2046,ssp126,84
39.93,-83.75,2046,ssp126,81
39.93,-78.75,2046,ssp126,82
39.93,-73.75,2046,ssp126,92
39.93,-68.75,2046,ssp126,39
42.465,-123.75,2046,ssp126,138
42.465,-118.75,2046,ssp126,100
42.465,-113.75,2046,ssp126,102
42.465,-108.75,2046,ssp126,80
42.465,-103.75,2046,ssp126,79
42.465,-98.75,2046,ssp126,62
42.465,-93.75,2046,ssp126,65
42.465,-88.75,2046,ssp126,83
42.465,-83.75,2046,ssp126,77
42.465,-78.75,2046,ssp126,89
42.465,-73.75,2046,ssp126,71
42.465,-68.75,2046,ssp126,114
45.0,-123.75,2046,ssp126,130
45.0,-118.75,2046,ssp126,109
45.0,-113.75,2046,ssp126,86
45.0,-108.75,2046,ssp126,78
45.0,-103.75,2046,ssp126,70
45.0,-98.75,2046,ssp126,57
45.0,-93.75,2046,ssp126,58
45.0,-88.75,2046,ssp126,58
45.0,-83.75,2046,ssp126,69
45.0,-78.75,2046,ssp126,71
45.0,-73.75,2046,ssp126,60
45.0,-68.75,2046,ssp126,70
47.535,-123.75,2046,ssp126,130
47.535,-118.75,2046,ssp126,87
47.535,-113.75,2046,ssp126,80
47.535,-108.75,2046,ssp126,77
47.535,-103.75,2046,ssp126,60
47.535,-98.75,2046,ssp126,51
47.535,-93.75,2046,ssp126,45
47.535,-88.75,2046,ssp126,52
47.535,-83.75,2046,ssp126,52
47.535,-78.75,2046,ssp126,46
47.535,-73.75,2046,ssp126,50
47.535,-68.75,2046,ssp126,47
24.718,-123.75,2047,ssp126,0
24.718,-118.75,2047,ssp126,0
24.718,-113.75,2047,ssp126,0
24.718,-108.75,2047,ssp126,0
24.718,-103.75,2047,ssp126,80
24.718,-98.75,2047,ssp126,5
24.718,-93.75,2047,ssp126,0
24.718,-88.75,2047,ssp126,0
24.718,-83.75,2047,ssp126,0
24.718,-78.75,2047,ssp126,0
24.718,-73.75,2047,ssp126,0
24.718,-68.75,2047,ssp126,0
27.254,-123.75,2047,ssp126,0
27.254,-118.75,2047,ssp126,0
27.254,-113.75,2047,ssp126,0
27.254,-108.75,2047,ssp126,30
27.254,-103.75,2047,ssp126,76
27.254,-98.75,2047,ssp126,22
27.254,-93.75,2047,ssp126,0
27.254,-88.75,2047,ssp126,0
27.254,-83.75,2047,ssp126,1
27.254,-78.75,2047,ssp126,0
27.254,-73.75,2047,ssp126,0
27.254,-68.75,2047,ssp126,0
29.789,-123.75,2047,ssp126,0
29.789,-118.75,2047,ssp126,0
29.789,-113.75,2047,ssp126,3
29.789,-108.75,2047,ssp126,110
29.789,-103.75,2047,ssp126,79
29.789,-98.75,2047,ssp126,49
29.789,-93.75,2047,ssp126,25
29.789,-88.75,2047,ssp126,13
29.789,-83.75,2047,ssp126,15
29.789,-78.75,2047,ssp126,0
29.789,-73.75,2047,ssp126,0
29.789,-68.75,2047,ssp126,0
32.324,-123.75,2047,ssp126,0
32.324,-118.75,2047,ssp126,0
32.324,-113.75,2047,ssp126,48
32.324,-108.75,2047,ssp126,121
32.324,-103.75,2047,ssp126,102
32.324,-98.75,2047,ssp126,65
32.324,-93.75,2047,ssp126,55
32.324,-88.75,2047,ssp126,48
32.324,-83.75,2047,ssp126,54
32.324,-78.75,2047,ssp126,9
32.324,-73.75,2047,ssp126,0
32.324,-68.75,2047,ssp126,0
34.859,-123.75,2047,ssp126,0
34.859,-118.75,2047,ssp126,63
34.859,-113.75,2047,ssp126,124
34.859,-108.75,2047,ssp126,92
34.859,-103.75,2047,ssp126,91
34.859,-98.75,2047,ssp126,75
34.859,-93.75,2047,ssp126,71
34.859,-88.75,2047,ssp126,69
34.859,-83.75,2047,ssp126,71
34.859,-78.75,2047,ssp126,66
34.859,-73.75,2047,ssp126,3
34.859,-68.75,2047,ssp126,0
37.394,-123.75,2047,ssp126,1
37.394,-118.75,2047,ssp126,144
37.394,-113.75,2047,ssp126,85
37.394,-108.75,2047,ssp126,78
37.394,-103.75,2047,ssp126,77
37.394,-98.75,2047,ssp126,63
37.394,-93.75,2047,ssp126,67
37.394,-88.75,2047,ssp126,68
37.394,-83.75,2047,ssp126,63
37.394,-78.75,2047,ssp126,57
37.394,-73.75,2047,ssp126,53
37.394,-68.75,2047,ssp126,3
39.93,-123.75,2047,ssp126,52
39.93,-118.75,2047,ssp126,117
39.93,-113.75,2047,ssp126,83
39.93,-108.75,2047,ssp126,71
39.93,-103.75,2047,ssp126,73
39.93,-98.75,2047,ssp126,56
39.93,-93.75,2047,ssp126,65
39.93,-88.75,2047,ssp126,60
39.93,-83.75,2047,ssp126,57
39.93,-78.75,2047,ssp126,58
39.93,-73.75,2047,ssp126,94
39.93,-68.75,2047,ssp126,80
42.465,-123.75,2047,ssp126,126
42.465,-118.75,2047,ssp126,108
42.465,-113.75,2047,ssp126,82
42.465,-108.75,2047,ssp126,74
42.465,-103.75,2047,ssp126,73
42.465,-98.75,2047,ssp126,48
42.465,-93.75,2047,ssp126,44
42.465,-88.75,2047,ssp126,58
42.465,-83.75,2047,ssp126,59
42.465,-78.75,2047,ssp126,55
42.465,-73.75,2047,ssp126,51
42.465,-68.75,2047,ssp126,126
45.0,-123.75,2047,ssp126,90
45.0,-118.75,2047,ssp126,117
45.0,-113.75,2047,ssp126,74
45.0,-108.75,2047,ssp126,83
45.0,-103.75,2047,ssp126,60
45.0,-98.75,2047,ssp126,36
45.0,-93.75,2047,ssp126,39
45.0,-88.75,2047,ssp126,46
45.0,-83.75,2047,ssp126,58
45.0,-78.75,2047,ssp126,51
45.0,-73.75,2047,ssp126,45
45.0,-68.75,2047,ssp126,61
47.535,-123.75,2047,ssp126,108
47.535,-118.75,2047,ssp126,109
47.535,-113.75,2047,ssp126,82
47.535,-108.75,2047,ssp126,73
47.535,-103.75,2047,ssp126,54
47.535,-98.75,2047,ssp126,38
47.535,-93.75,2047,ssp126,37
47.535,-88.75,2047,ssp126,42
47.535,-83.75,2047,ssp126,37
47.535,-78.75,2047,ssp126,46
47.535,-73.75,2047,ssp126,42
47.535,-68.75,2047,ssp126,39
24.718,-123.75,2048,ssp126,0
24.718,-118.75,2048,ssp126,0
24.718,-113.75,2048,ssp126,0
24.718,-108.75,2048,ssp126,0
24.718,-103.75,2048,ssp126,65
24.718,-98.75,2048,ssp126,9
24.718,-93.75,2048,ssp126,0
24.718,-88.75,2048,ssp126,0
24.718,-83.75,2048,ssp126,0
24.718,-78.75,2048,ssp126,0
24.718,-73.75,2048,ssp126,0
24.718,-68.75,2048,ssp126,0
27.254,-123.75,2048,ssp126,0
27.254,-118.75,2048,ssp126,0
27.254,-113.75,2048,ssp126,0
27.254,-108.75,2048,ssp126,33
27.254,-103.75,2048,ssp126,55
27.254,-98.75,2048,ssp126,19
27.254,-93.75,2048,ssp126,0
27.254,-88.75,2048,ssp126,0
27.254,-83.75,2048,ssp126,0
27.254,-78.75,2048,ssp126,0
27.254,-73.75,2048,ssp126,0
27.254,-68.75,2048,ssp126,0
29.789,-123.75,2048,ssp126,0
29.789,-118.75,2048,ssp126,0
29.789,-113.75,2048,ssp126,7
29.789,-108.75,2048,ssp126,90
29.789,-103.75,2048,ssp126,62
29.789,-98.75,2048,ssp126,49
29.789,-93.75,2048,ssp126,16
29.789,-88.75,2048,ssp126,6
29.789,-83.75,2048,ssp126,7
29.789,-78.75,2048,ssp126,0
29.789,-73.75,2048,ssp126,0
29.789,-68.75,2048,ssp126,0
32.324,-123.75,2048,ssp126,0
32.324,-118.75,2048,ssp126,0
32.324,-113.75,2048,ssp126,67
32.324,-108.75,2048,ssp126,99
32.324,-103.75,2048,ssp126,80
32.324,-98.75,2048,ssp126,66
32.324,-93.75,2048,ssp126,53
32.324,-88.75,2048,ssp126,56
32.324,-83.75,2048,ssp126,44
32.324,-78.75,2048,ssp126,2
32.324,-73.75,2048,ssp126,0
32.324,-68.75,2048,ssp126,0
34.859,-123.75,2048,ssp126,0
34.859,-118.75,2048,ssp126,70
34.859,-113.75,2048,ssp126,107
34.859,-108.75,2048,ssp126,111
34.859,-103.75,2048,ssp126,89
34.859,-98.75,2048,ssp126,64
34.859,-93.75,2048,ssp126,62
34.859,-88.75,2048,ssp126,60
34.859,-83.75,2048,ssp126,67
34.859,-78.75,2048,ssp126,57
34.859,-73.75,2048,ssp126,2
34.859,-68.75,2048,ssp126,0
37.394,-123.75,2048,ssp126,4
37.394,-118.75,2048,ssp126,136
37.394,-113.75,2048,ssp126,106
37.394,-108.75,2048,ssp126,89
37.394,-103.75,2048,ssp126,95
37.394,-98.75,2048,ssp126,63
37.394,-93.75,2048,ssp126,59
37.394,-88.75,2048,ssp126,69
37.394,-83.75,2048,ssp126,67
37.394,-78.75,2048,ssp126,72
37.394,-73.75,2048,ssp126,30
37.394,-68.75,2048,ssp126,4
39.93,-123.75,2048,ssp126,65
39.93,-118.75,2048,ssp126,123
39.93,-113.75,2048,ssp126,97
39.93,-108.75,2048,ssp126,92
39.93,-103.75,2048,ssp126,89
39.93,-98.75,2048,ssp126,56
39.93,-93.75,2048,ssp126,55
39.93,-88.75,2048,ssp126,60
39.93,-83.75,2048,ssp126,63
39.93,-78.75,2048,ssp126,73
39.93,-73.75,2048,ssp126,81
39.93,-68.75,2048,ssp126,53
42.465,-123.75,2048,ssp126,122
42.465,-118.75,2048,ssp126,116
42.465,-113.75,2048,ssp126,89
42.465,-108.75,2048,ssp126,77
42.465,-103.75,2048,ssp126,83
42.465,-98.75,2048,ssp126,59
42.465,-93.75,2048,ssp126,59
42.465,-88.75,2048,ssp126,63
42.465,-83.75,2048,ssp126,70
42.465,-78.75,2048,ssp126,75
42.465,-73.75,2048,ssp126,75
42.465,-68.75,2048,ssp126,125
45.0,-123.75,2048,ssp126,102
45.0,-118.75,2048,ssp126,131
45.0,-113.75,2048,ssp126,84
45.0,-108.75,2048,ssp126,83
45.0,-103.75,2048,ssp126,81
45.0,-98.75,2048,ssp126,67
45.0,-93.75,2048,ssp126,66
45.0,-88.75,2048,ssp126,71
45.0,-83.75,2048,ssp126,87
45.0,-78.75,2048,ssp126,68
45.0,-73.75,2048,ssp126,69
45.0,-68.75,2048,ssp126,72
47.535,-123.75,2048,ssp126,102
47.535,-118.75,2048,ssp126,119
47.535,-113.75,2048,ssp126,89
47.535,-108.75,2048,ssp126,86
47.535,-103.75,2048,ssp126,68
47.535,-98.75,2048,ssp126,64
47.535,-93.75,2048,ssp126,58
47.535,-88.75,2048,ssp126,68
47.535,-83.75,2048,ssp126,63
47.535,-78.75,2048,ssp126,58
47.535,-73.75,2048,ssp126,58
47.535,-68.75,2048,ssp126,51
24.718,-123.75,2049,ssp126,0
24.718,-118.75,2049,ssp126,0
24.718,-113.75,2049,ssp126,0
24.718,-108.75,2049,ssp126,0
24.718,-103.75,2049,ssp126,51
24.718,-98.75,2049,ssp126,17
24.718,-93.75,2049,ssp126,0
24.718,-88.75,2049,ssp126,0
24.718,-83.75,2049,ssp126,0
24.718,-78.75,2049,ssp126,0
24.718,-73.75,2049,ssp126,0
24.718,-68.75,2049,ssp126,0
27.254,-123.75,2049,ssp126,0
27.254,-118.75,2049,ssp126,0
27.254,-113.75,2049,ssp126,0
27.254,-108.75,2049,ssp126,24
27.254,-103.75,2049,ssp126,50
27.254,-98.75,2049,ssp126,28
27.254,-93.75,2049,ssp126,0
27.254,-88.75,2049,ssp126,0
27.254,-83.75,2049,ssp126,0
27.254,-78.75,2049,ssp126,0
27.254,-73.75,2049,ssp126,0
27.254,-68.75,2049,ssp126,0
29.789,-123.75,2049,ssp126,0
29.789,-118.75,2049,ssp126,0
29.789,-113.75,2049,ssp126,14
29.789,-108.75,2049,ssp126,91
29.789,-103.75,2049,ssp126,71
29.789,-98.75,2049,ssp126,47
29.789,-93.75,2049,ssp126,27
29.789,-88.75,2049,ssp126,14
29.789,-83.75,2049,ssp126,15
29.789,-78.75,2049,ssp126,0
29.789,-73.75,2049,ssp126,0
29.789,-68.75,2049,ssp126,0
32.324,-123.75,2049,ssp126,0
32.324,-118.75,2049,ssp126,0
32.324,-113.75,2049,ssp126,60
32.324,-108.75,2049,ssp126,88
32.324,-103.75,2049,ssp126,79
32.324,-98.75,2049,ssp126,65
32.324,-93.75,2049,ssp126,53
32.324,-88.75,2049,ssp126,53
32.324,-83.75,2049,ssp126,54
32.324,-78.75,2049,ssp126,11
32.324,-73.75,2049,ssp126,0
32.324,-68.75,2049,ssp126,0
34.859,-123.75,2049,ssp126,0
34.859,-118.75,2049,ssp126,69
34.859,-113.75,2049,ssp126,98
34.859,-108.75,2049,ssp126,88
34.859,-103.75,2049,ssp126,74
34.859,-98.75,2049,ssp126,72
34.859,-93.75,2049,ssp126,70
34.859,-88.75,2049,ssp126,71
34.859,-83.75,2049,ssp126,73
34.859,-78.75,2049,ssp126,64
34.859,-73.75,2049,ssp126,8
34.859,-68.75,2049,ssp126,0
37.394,-123.75,2049,ssp126,3
37.394,-118.75,2049,ssp126,113
37.394,-113.75,2049,ssp126,83
37.394,-108.75,2049,ssp126,85
37.394,-103.75,2049,ssp126,78
37.394,-98.75,2049,ssp126,67
37.394,-93.75,2049,ssp126,67
37.394,-88.75,2049,ssp126,67
37.394,-83.75,2049,ssp126,73
37.394,-78.75,2049,ssp126,78
37.394,-73.75,2049,ssp126,34
37.394,-68.75,2049,ssp126,9
39.93,-123.75,2049,ssp126,42
39.93,-118.75,2049,ssp126,99
39.93,-113.75,2049,ssp126,94
39.93,-108.75,2049,ssp126,83
39.93,-103.75,2049,ssp126,74
39.93,-98.75,2049,ssp126,52
39.93,-93.75,2049,ssp126,54
39.93,-88.75,2049,ssp126,67
39.93,-83.75,2049,ssp126,69
39.93,-78.75,2049,ssp126,60
39.93,-73.75,2049,ssp126,92
39.93,-68.75,2049,ssp126,61
42.465,-123.75,2049,ssp126,102
42.465,-118.75,2049,ssp126,103
42.465,-113.75,2049,ssp126,89
42.465,-108.75,2049,ssp126,83
42.465,-103.75,2049,ssp126,78
42.465,-98.75,2049,ssp126,51
42.465,-93.75,2049,ssp126,51
42.465,-88.75,2049,ssp126,58
42.465,-83.75,2049,ssp126,66
42.465,-78.75,2049,ssp126,61
42.465,-73.75,2049,ssp126,49
42.465,-68.75,2049,ssp126,112
45.0,-123.75,2049,ssp126,79
45.0,-118.75,2049,ssp126,124
45.0,-113.75,2049,ssp126,90
45.0,-108.75,2049,ssp126,87
45.0,-103.75,2049,ssp126,66
45.0,-98.75,2049,ssp126,46
45.0,-93.75,2049,ssp126,49
45.0,-88.75,2049,ssp126,64
45.0,-83.75,2049,ssp126,66
45.0,-78.75,2049,ssp126,59
45.0,-73.75,2049,ssp126,44
45.0,-68.75,2049,ssp126,52
47.535,-123.75,2049,ssp126,103
47.535,-118.75,2049,ssp126,111
47.535,-113.75,2049,ssp126,87
47.535,-108.75,2049,ssp126,65
47.535,-103.75,2049,ssp126,52
47.535,-98.75,2049,ssp126,49
47.535,-93.75,2049,ssp126,54
47.535,-88.75,2049,ssp126,62
47.535,-83.75,2049,ssp126,53
47.535,-78.75,2049,ssp126,50
47.535,-73.75,2049,ssp126,43
47.535,-68.75,2049,ssp126,42
24.718,-123.75,2050,ssp126,0
24.718,-118.75,2050,ssp126,0
24.718,-113.75,2050,ssp126,0
24.718,-108.75,2050,ssp126,0
24.718,-103.75,2050,ssp126,79
24.718,-98.75,2050,ssp126,12
24.718,-93.75,2050,ssp126,0
24.718,-88.75,2050,ssp126,0
24.718,-83.75,2050,ssp126,0
24.718,-78.75,2050,ssp126,0
24.718,-73.75,2050,ssp126,0
24.718,-68.75,2050,ssp126,0
27.254,-123.75,2050,ssp126,0
27.254,-118.75,2050,ssp126,0
27.254,-113.75,2050,ssp126,3
27.254,-108.75,2050,ssp126,52
27.254,-103.75,2050,ssp126,74
27.254,-98.75,2050,ssp126,22
27.254,-93.75,2050,ssp126,1
27.254,-88.75,2050,ssp126,0
27.254,-83.75,2050,ssp126,0
27.254,-78.75,2050,ssp126,0
27.254,-73.75,2050,ssp126,0
27.254,-68.75,2050,ssp126,0
29.789,-123.75,2050,ssp126,0
29.789,-118.75,2050,ssp126,0
29.789,-113.75,2050,ssp126,14
29.789,-108.75,2050,ssp126,104
29.789,-103.75,2050,ssp126,88
29.789,-98.75,2050,ssp126,41
29.789,-93.75,2050,ssp126,25
29.789,-88.75,2050,ssp126,22
29.789,-83.75,2050,ssp126,21
29.789,-78.75,2050,ssp126,1
29.789,-73.75,2050,ssp126,0
29.789,-68.75,2050,ssp126,0
32.324,-123.75,2050,ssp126,0
32.324,-118.75,2050,ssp126,4
32.324,-113.75,2050,ssp126,72
32.324,-108.75,2050,ssp126,118
32.324,-103.75,2050,ssp126,101
32.324,-98.75,2050,ssp126,68
32.324,-93.75,2050,ssp126,60
32.324,-88.75,2050,ssp126,40
32.324,-83.75,2050,ssp126,32
32.324,-78.75,2050,ssp126,10
32.324,-73.75,2050,ssp126,2
32.324,-68.75,2050,ssp126,0
34.859,-123.75,2050,ssp126,3
34.859,-118.75,2050,ssp126,79
34.859,-113.75,2050,ssp126,105
34.859,-108.75,2050,ssp126,97
34.859,-103.75,2050,ssp126,99
34.859,-98.75,2050,ssp126,88
34.859,-93.75,2050,ssp126,69
34.859,-88.75,2050,ssp126,57
34.859,-83.75,2050,ssp126,60
34.859,-78.75,2050,ssp126,51
34.859,-73.75,2050,ssp126,5
34.859,-68.75,2050,ssp126,2
37.394,-123.75,2050,ssp126,11
37.394,-118.75,2050,ssp126,128
37.394,-113.75,2050,ssp126,90
37.394,-108.75,2050,ssp126,85
37.394,-103.75,2050,ssp126,92
37.394,-98.75,2050,ssp126,80
37.394,-93.75,2050,ssp126,62
37.394,-88.75,2050,ssp126,60
37.394,-83.75,2050,ssp126,63
37.394,-78.75,2050,ssp126,66
37.394,-73.75,2050,ssp126,31
37.394,-68.75,2050,ssp126,6
39.93,-123.75,2050,ssp126,69
39.93,-118.75,2050,ssp126,100
39.93,-113.75,2050,ssp126,97
39.93,-108.75,2050,ssp126,63
39.93,-103.75,2050,ssp126,69
39.93,-98.75,2050,ssp126,66
39.93,-93.75,2050,ssp126,59
39.93,-88.75,2050,ssp126,57
39.93,-83.75,2050,ssp126,60
39.93,-78.75,2050,ssp126,65
39.93,-73.75,2050,ssp126,74
39.93,-68.75,2050,ssp126,56
42.465,-123.75,2050,ssp126,136
42.465,-118.75,2050,ssp126,95
42.465,-113.75,2050,ssp126,75
42.465,-108.75,2050,ssp126,55
42.465,-103.75,2050,ssp126,68
42.465,-98.75,2050,ssp126,57
42.465,-93.75,2050,ssp126,51
42.465,-88.75,2050,ssp126,57
42.465,-83.75,2050,ssp126,61
42.465,-78.75,2050,ssp126,64
42.465,-73.75,2050,ssp126,61
42.465,-68.75,2050,ssp126,90
45.0,-123.75,2050,ssp126,107
45.0,-118.75,2050,ssp126,93
45.0,-113.75,2050,ssp126,56
45.0,-108.75,2050,ssp126,54
45.0,-103.75,2050,ssp126,53
45.0,-98.75,2050,ssp126,45
45.0,-93.75,2050,ssp126,53
45.0,-88.75,2050,ssp126,70
45.0,-83.75,2050,ssp126,72
45.0,-78.75,2050,ssp126,70
45.0,-73.75,2050,ssp126,61
45.0,-68.75,2050,ssp126,70
47.535,-123.75,2050,ssp126,107
47.535,-118.75,2050,ssp126,79
47.535,-113.75,2050,ssp126,59
47.535,-108.75,2050,ssp126,49
47.535,-103.75,2050,ssp126,40
47.535,-98.75,2050,ssp126,46
47.535,-93.75,2050,ssp126,49
47.535,-88.75,2050,ssp126,65
47.535,-83.75,2050,ssp126,60
47.535,-78.75,2050,ssp126,61
47.535,-73.75,2050,ssp126,56
47.535,-68.75,2050,ssp126,57
24.718,-123.75,2051,ssp126,0
24.718,-118.75,2051,ssp126,0
24.718,-113.75,2051,ssp126,0
24.718,-108.75,2051,ssp126,0
24.718,-103.75,2051,ssp126,91
24.718,-98.75,2051,ssp126,4
24.718,-93.75,2051,ssp126,0
24.718,-88.75,2051,ssp126,0
24.718,-83.75,2051,ssp126,0
24.718,-78.75,2051,ssp126,0
24.718,-73.75,2051,ssp126,0
24.718,-68.75,2051,ssp126,0
27.254,-123.75,2051,ssp126,0
27.254,-118.75,2051,ssp126,0
27.254,-113.75,2051,ssp126,1
27.254,-108.75,2051,ssp126,59
27.254,-103.75,2051,ssp126,85
27.254,-98.75,2051,ssp126,26
27.254,-93.75,2051,ssp126,0
27.254,-88.75,2051,ssp126,0
27.254,-83.75,2051,ssp126,1
27.254,-78.75,2051,ssp126,0
27.254,-73.75,2051,ssp126,0
27.254,-68.75,2051,ssp126,0
29.789,-123.75,2051,ssp126,0
29.789,-118.75,2051,ssp126,0
29.789,-113.75,2051,ssp126,15
29.789,-108.75,2051,ssp126,102
29.789,-103.75,2051,ssp126,87
29.789,-98.75,2051,ssp126,53
29.789,-93.75,2051,ssp126,43
29.789,-88.75,2051,ssp126,21
29.789,-83.75,2051,ssp126,28
29.789,-78.75,2051,ssp126,0
29.789,-73.75,2051,ssp126,0
29.789,-68.75,2051,ssp126,0
32.324,-123.75,2051,ssp126,0
32.324,-118.75,2051,ssp126,0
32.324,-113.75,2051,ssp126,54
32.324,-108.75,2051,ssp126,117
32.324,-103.75,2051,ssp126,87
32.324,-98.75,2051,ssp126,74
32.324,-93.75,2051,ssp126,58
32.324,-88.75,2051,ssp126,64
32.324,-83.75,2051,ssp126,70
32.324,-78.75,2051,ssp126,11
32.324,-73.75,2051,ssp126,0
32.324,-68.75,2051,ssp126,0
34.859,-123.75,2051,ssp126,0
34.859,-118.75,2051,ssp126,62
34.859,-113.75,2051,ssp126,108
34.859,-108.75,2051,ssp126,92
34.859,-103.75,2051,ssp126,90
34.859,-98.75,2051,ssp126,73
34.859,-93.75,2051,ssp126,75
34.859,-88.75,2051,ssp126,78
34.859,-83.75,2051,ssp126,77
34.859,-78.75,2051,ssp126,67
34.859,-73.75,2051,ssp126,11
34.859,-68.75,2051,ssp126,0
37.394,-123.75,2051,ssp126,0
37.394,-118.75,2051,ssp126,136
37.394,-113.75,2051,ssp126,98
37.394,-108.75,2051,ssp126,84
37.394,-103.75,2051,ssp126,88
37.394,-98.75,2051,ssp126,83
37.394,-93.75,2051,ssp126,74
37.394,-88.75,2051,ssp126,77
37.394,-83.75,2051,ssp126,71
37.394,-78.75,2051,ssp126,80
37.394,-73.75,2051,ssp126,43
37.394,-68.75,2051,ssp126,4
39.93,-123.75,2051,ssp126,33
39.93,-118.75,2051,ssp126,115
39.93,-113.75,2051,ssp126,94
39.93,-108.75,2051,ssp126,86
39.93,-103.75,2051,ssp126,85
39.93,-98.75,2051,ssp126,78
39.93,-93.75,2051,ssp126,61
39.93,-88.75,2051,ssp126,64
39.93,-83.75,2051,ssp126,76
39.93,-78.75,2051,ssp126,71
39.93,-73.75,2051,ssp126,86
39.93,-68.75,2051,ssp126,65
42.465,-123.75,2051,ssp126,109
42.465,-118.75,2051,ssp126,110
42.465,-113.75,2051,ssp126,97
42.465,-108.75,2051,ssp126,83
42.465,-103.75,2051,ssp126,82
42.465,-98.75,2051,ssp126,73
42.465,-93.75,2051,ssp126,50
42.465,-88.75,2051,ssp126,64
42.465,-83.75,2051,ssp126,64
42.465,-78.75,2051,ssp126,69
42.465,-73.75,2051,ssp126,57
42.465,-68.75,2051,ssp126,118
45.0,-123.75,2051,ssp126,60
45.0,-118.75,2051,ssp126,116
45.0,-113.75,2051,ssp126,98
45.0,-108.75,2051,ssp126,90
45.0,-103.75,2051,ssp126,84
45.0,-98.75,2051,ssp126,64
45.0,-93.75,2051,ssp126,51
45.0,-88.75,2051,ssp126,57
45.0,-83.75,2051,ssp126,73
45.0,-78.75,2051,ssp126,65
45.0,-73.75,2051,ssp126,44
45.0,-68.75,2051,ssp126,56
47.535,-123.75,2051,ssp126,97
47.535,-118.75,2051,ssp126,104
47.535,-113.75,2051,ssp126,106
47.535,-108.75,2051,ssp126,92
47.535,-103.75,2051,ssp126,69
47.535,-98.75,2051,ssp126,52
47.535,-93.75,2051,ssp126,60
47.535,-88.75,2051,ssp126,64
47.535,-83.75,2051,ssp126,58
47.535,-78.75,2051,ssp126,52
47.535,-73.75,2051,ssp126,41
47.535,-68.75,2051,ssp126,42
24.718,-123.75,2052,ssp126,0
24.718,-118.75,2052,ssp126,0
24.718,-113.75,2052,ssp126,0
24.718,-108.75,2052,ssp126,0
24.718,-103.75,2052,ssp126,50
24.718,-98.75,2052,ssp126,7
24.718,-93.75,2052,ssp126,0
24.718,-88.75,2052,ssp126,0
24.718,-83.75,2052,ssp126,0
24.718,-78.75,2052,ssp126,0
24.718,-73.75,2052,ssp126,0
24.718,-68.75,2052,ssp126,0
27.254,-123.75,2052,ssp126,0
27.254,-118.75,2052,ssp126,0
27.254,-113.75,2052,ssp126,0
27.254,-108.75,2052,ssp126,35
27.254,-103.75,2052,ssp126,45
27.254,-98.75,2052,ssp126,18
27.254,-93.75,2052,ssp126,0
27.254,-88.75,2052,ssp126,0
27.254,-83.75,2052,ssp126,0
27.254,-78.75,2052,ssp126,0
27.254,-73.75,2052,ssp126,0
27.254,-68.75,2052,ssp126,0
29.789,-123.75,2052,ssp126,0
29.789,-118.75,2052,ssp126,0
29.789,-113.75,2052,ssp126,14
29.789,-108.75,2052,ssp126,80
29.789,-103.75,2052,ssp126,57
29.789,-98.75,2052,ssp126,40
29.789,-93.75,2052,ssp126,17
29.789,-88.75,2052,ssp126,6
29.789,-83.75,2052,ssp126,12
29.789,-78.75,2052,ssp126,0
29.789,-73.75,2052,ssp126,0
29.789,-68.75,2052,ssp126,0
32.324,-123.75,2052,ssp126,0
32.324,-118.75,2052,ssp126,0
32.324,-113.75,2052,ssp126,72
32.324,-108.75,2052,ssp126,93
32.324,-103.75,2052,ssp126,91
32.324,-98.75,2052,ssp126,63
32.324,-93.75,2052,ssp126,54
32.324,-88.75,2052,ssp126,58
32.324,-83.75,2052,ssp126,54
32.324,-78.75,2052,ssp126,5
32.324,-73.75,2052,ssp126,0
32.324,-68.75,2052,ssp126,0
34.859,-123.75,2052,ssp126,0
34.859,-118.75,2052,ssp126,67
34.859,-113.75,2052,ssp126,110
34.859,-108.75,2052,ssp126,89
34.859,-103.75,2052,ssp126,86
34.859,-98.75,2052,ssp126,77
34.859,-93.75,2052,ssp126,73
34.859,-88.75,2052,ssp126,70
34.859,-83.75,2052,ssp126,73
34.859,-78.75,2052,ssp126,67
34.859,-73.75,2052,ssp126,5
34.859,-68.75,2052,ssp126,0
37.394,-123.75,2052,ssp126,10
37.394,-118.75,2052,ssp126,127
37.394,-113.75,2052,ssp126,88
37.394,-108.75,2052,ssp126,86
37.394,-103.75,2052,ssp126,79
37.394,-98.75,2052,ssp126,61
37.394,-93.75,2052,ssp126,65
37.394,-88.75,2052,ssp126,71
37.394,-83.75,2052,ssp126,66
37.394,-78.75,2052,ssp126,72
37.394,-73.75,2052,ssp126,35
37.394,-68.75,2052,ssp126,5
39.93,-123.75,2052,ssp126,60
39.93,-118.75,2052,ssp126,107
39.93,-113.75,2052,ssp126,86
39.93,-108.75,2052,ssp126,91
39.93,-103.75,2052,ssp126,64
39.93,-98.75,2052,ssp126,49
39.93,-93.75,2052,ssp126,50
39.93,-88.75,2052,ssp126,54
39.93,-83.75,2052,ssp126,59
39.93,-78.75,2052,ssp126,62
39.93,-73.75,2052,ssp126,86
39.93,-68.75,2052,ssp126,70
42.465,-123.75,2052,ssp126,130
42.465,-118.75,2052,ssp126,85
42.465,-113.75,2052,ssp126,84
42.465,-108.75,2052,ssp126,89
42.465,-103.75,2052,ssp126,72
42.465,-98.75,2052,ssp126,47
42.465,-93.75,2052,ssp126,35
42.465,-88.75,2052,ssp126,61
42.465,-83.75,2052,ssp126,58
42.465,-78.75,2052,ssp126,62
42.465,-73.75,2052,ssp126,53
42.465,-68.75,2052,ssp126,103
45.0,-123.75,2052,ssp126,121
45.0,-118.75,2052,ssp126,94
45.0,-113.75,2052,ssp126,87
45.0,-108.75,2052,ssp126,79
45.0,-103.75,2052,ssp126,65
45.0,-98.75,2052,ssp126,51
45.0,-93.75,2052,ssp126,39
45.0,-88.75,2052,ssp126,48
45.0,-83.75,2052,ssp126,67
45.0,-78.75,2052,ssp126,63
45.0,-73.75,2052,ssp126,54
45.0,-68.75,2052,ssp126,48
47.535,-123.75,2052,ssp126,120
47.535,-118.75,2052,ssp126,80
47.535,-113.75,2052,ssp126,72
47.535,-108.75,2052,ssp126,73
47.535,-103.75,2052,ssp126,62
47.535,-98.75,2052,ssp126,66
47.535,-93.75,2052,ssp126,52
47.535,-88.75,2052,ssp126,61
47.535,-83.75,2052,ssp126,57
47.535,-78.75,2052,ssp126,61
47.535,-73.75,2052,ssp126,55
47.535,-68.75,2052,ssp126,49
24.718,-123.75,2053,ssp126,0
24.718,-118.75,2053,ssp126,0
24.718,-113.75,2053,ssp126,0
24.718,-108.75,2053,ssp126,0
24.718,-103.75,2053,ssp126,53
24.718,-98.75,2053,ssp126,5
24.718,-93.75,2053,ssp126,0
24.718,-88.75,2053,ssp126,0
24.718,-83.75,2053,ssp126,0
24.718,-78.75,2053,ssp126,0
24.718,-73.75,2053,ssp126,0
24.718,-68.75,2053,ssp126,0
27.254,-123.75,2053,ssp126,0
27.254,-118.75,2053,ssp126,0
27.254,-113.75,2053,ssp126,0
27.254,-108.75,2053,ssp126,26
27.254,-103.75,2053,ssp126,49
27.254,-98.75,2053,ssp126,16
27.254,-93.75,2053,ssp126,0
27.254,-88.75,2053,ssp126,0
27.254,-83.75,2053,ssp126,0
27.254,-78.75,2053,ssp126,0
27.254,-73.75,2053,ssp126,0
27.254,-68.75,2053,ssp126,0
29.789,-123.75,2053,ssp126,0
29.789,-118.75,2053,ssp126,0
29.789,-113.75,2053,ssp126,10
29.789,-108.75,2053,ssp126,86
29.789,-103.75,2053,ssp126,63
29.789,-98.75,2053,ssp126,43
29.789,-93.75,2053,ssp126,19
29.789,-88.75,2053,ssp126,8
29.789,-83.75,2053,ssp126,17
29.789,-78.75,2053,ssp126,0
29.789,-73.75,2053,ssp126,0
29.789,-68.75,2053,ssp126,0
32.324,-123.75,2053,ssp126,0
32.324,-118.75,2053,ssp126,1
32.324,-113.75,2053,ssp126,57
32.324,-108.75,2053,ssp126,100
32.324,-103.75,2053,ssp126,89
32.324,-98.75,2053,ssp126,70
32.324,-93.75,2053,ssp126,52
32.324,-88.75,2053,ssp126,47
32.324,-83.75,2053,ssp126,40
32.324,-78.75,2053,ssp126,4
32.324,-73.75,2053,ssp126,0
32.324,-68.75,2053,ssp126,0
34.859,-123.75,2053,ssp126,0
34.859,-118.75,2053,ssp126,63
34.859,-113.75,2053,ssp126,92
34.859,-108.75,2053,ssp126,95
34.859,-103.75,2053,ssp126,92
34.859,-98.75,2053,ssp126,72
34.859,-93.75,2053,ssp126,68
34.859,-88.75,2053,ssp126,54
34.859,-83.75,2053,ssp126,50
34.859,-78.75,2053,ssp126,61
34.859,-73.75,2053,ssp126,3
34.859,-68.75,2053,ssp126,0
37.394,-123.75,2053,ssp126,3
37.394,-118.75,2053,ssp126,119
37.394,-113.75,2053,ssp126,102
37.394,-108.75,2053,ssp126,94
37.394,-103.75,2053,ssp126,84
37.394,-98.75,2053,ssp126,81
37.394,-93.75,2053,ssp126,72
37.394,-88.75,2053,ssp126,58
37.394,-83.75,2053,ssp126,59
37.394,-78.75,2053,ssp126,68
37.394,-73.75,2053,ssp126,35
37.394,-68.75,2053,ssp126,6
39.93,-123.75,2053,ssp126,72
39.93,-118.75,2053,ssp126,128
39.93,-113.75,2053,ssp126,100
39.93,-108.75,2053,ssp126,77
39.93,-103.75,2053,ssp126,88
39.93,-98.75,2053,ssp126,80
39.93,-93.75,2053,ssp126,72
39.93,-88.75,2053,ssp126,64
39.93,-83.75,2053,ssp126,61
39.93,-78.75,2053,ssp126,67
39.93,-73.75,2053,ssp126,91
39.93,-68.75,2053,ssp126,79
42.465,-123.75,2053,ssp126,126
42.465,-118.75,2053,ssp126,128
42.465,-113.75,2053,ssp126,114
42.465,-108.75,2053,ssp126,84
42.465,-103.75,2053,ssp126,77
42.465,-98.75,2053,ssp126,64
42.465,-93.75,2053,ssp126,71
42.465,-88.75,2053,ssp126,85
42.465,-83.75,2053,ssp126,75
42.465,-78.75,2053,ssp126,74
42.465,-73.75,2053,ssp126,52
42.465,-68.75,2053,ssp126,119
45.0,-123.75,2053,ssp126,116
45.0,-118.75,2053,ssp126,121
45.0,-113.75,2053,ssp126,95
45.0,-108.75,2053,ssp126,91
45.0,-103.75,2053,ssp126,75
45.0,-98.75,2053,ssp126,55
45.0,-93.75,2053,ssp126,48
45.0,-88.75,2053,ssp126,63
45.0,-83.75,2053,ssp126,68
45.0,-78.75,2053,ssp126,59
45.0,-73.75,2053,ssp126,45
45.0,-68.75,2053,ssp126,45
47.535,-123.75,2053,ssp126,109
47.535,-118.75,2053,ssp126,85
47.535,-113.75,2053,ssp126,105
47.535,-108.75,2053,ssp126,67
47.535,-103.75,2053,ssp126,62
47.535,-98.75,2053,ssp126,44
47.535,-93.75,2053,ssp126,39
47.535,-88.75,2053,ssp126,53
47.535,-83.75,2053,ssp126,48
47.535,-78.75,2053,ssp126,37
47.535,-73.75,2053,ssp126,37
47.535,-68.75,2053,ssp126,25
24.718,-123.75,2054,ssp126,0
24.718,-118.75,2054,ssp126,0
24.718,-113.75,2054,ssp126,0
24.718,-108.75,2054,ssp126,0
24.718,-103.75,2054,ssp126,60
24.718,-98.75,2054,ssp126,12
24.718,-93.75,2054,ssp126,0
24.718,-88.75,2054,ssp126,0
24.718,-83.75,2054,ssp126,0
24.718,-78.75,2054,ssp126,0
24.718,-73.75,2054,ssp126,0
24.718,-68.75,2054,ssp126,0
27.254,-123.75,2054,ssp126,0
27.254,-118.75,2054,ssp126,0
27.254,-113.75,2054,ssp126,0
27.254,-108.75,2054,ssp126,25
27.254,-103.75,2054,ssp126,47
27.254,-98.75,2054,ssp126,26
27.254,-93.75,2054,ssp126,2
27.254,-88.75,2054,ssp126,0
27.254,-83.75,2054,ssp126,0
27.254,-78.75,2054,ssp126,0
27.254,-73.75,2054,ssp126,0
27.254,-68.75,2054,ssp126,0
29.789,-123.75,2054,ssp126,0
29.789,-118.75,2054,ssp126,0
29.789,-113.75,2054,ssp126,11
29.789,-108.75,2054,ssp126,84
29.789,-103.75,2054,ssp126,65
29.789,-98.75,2054,ssp126,50
29.789,-93.75,2054,ssp126,32
29.789,-88.75,2054,ssp126,17
29.789,-83.75,2054,ssp126,31
29.789,-78.75,2054,ssp126,0
29.789,-73.75,2054,ssp126,0
29.789,-68.75,2054,ssp126,0
32.324,-123.75,2054,ssp126,0
32.324,-118.75,2054,ssp126,0
32.324,-113.75,2054,ssp126,36
32.324,-108.75,2054,ssp126,107
32.324,-103.75,2054,ssp126,92
32.324,-98.75,2054,ssp126,70
32.324,-93.75,2054,ssp126,64
32.324,-88.75,2054,ssp126,57
32.324,-83.75,2054,ssp126,57
32.324,-78.75,2054,ssp126,13
32.324,-73.75,2054,ssp126,0
32.324,-68.75,2054,ssp126,0
34.859,-123.75,2054,ssp126,0
34.859,-118.75,2054,ssp126,57
34.859,-113.75,2054,ssp126,114
34.859,-108.75,2054,ssp126,105
34.859,-103.75,2054,ssp126,105
34.859,-98.75,2054,ssp126,68
34.859,-93.75,2054,ssp126,57
34.859,-88.75,2054,ssp126,64
34.859,-83.75,2054,ssp126,71
34.859,-78.75,2054,ssp126,67
34.859,-73.75,2054,ssp126,8
34.859,-68.75,2054,ssp126,0
37.394,-123.75,2054,ssp126,0
37.394,-118.75,2054,ssp126,139
37.394,-113.75,2054,ssp126,96
37.394,-108.75,2054,ssp126,73
37.394,-103.75,2054,ssp126,85
37.394,-98.75,2054,ssp126,70
37.394,-93.75,2054,ssp126,70
37.394,-88.75,2054,ssp126,75
37.394,-83.75,2054,ssp126,68
37.394,-78.75,2054,ssp126,66
37.394,-73.75,2054,ssp126,46
37.394,-68.75,2054,ssp126,8
39.93,-123.75,2054,ssp126,74
39.93,-118.75,2054,ssp126,118
39.93,-113.75,2054,ssp126,86
39.93,-108.75,2054,ssp126,63
39.93,-103.75,2054,ssp126,81
39.93,-98.75,2054,ssp126,69
39.93,-93.75,2054,ssp126,66
39.93,-88.75,2054,ssp126,64
39.93,-83.75,2054,ssp126,70
39.93,-78.75,2054,ssp126,68
39.93,-73.75,2054,ssp126,92
39.93,-68.75,2054,ssp126,59
42.465,-123.75,2054,ssp126,135
42.465,-118.75,2054,ssp126,100
42.465,-113.75,2054,ssp126,75
42.465,-108.75,2054,ssp126,66
42.465,-103.75,2054,ssp126,79
42.465,-98.75,2054,ssp126,68
42.465,-93.75,2054,ssp126,46
42.465,-88.75,2054,ssp126,66
42.465,-83.75,2054,ssp126,66
42.465,-78.75,2054,ssp126,69
42.465,-73.75,2054,ssp126,57
42.465,-68.75,2054,ssp126,117
45.0,-123.75,2054,ssp126,123
45.0,-118.75,2054,ssp126,105
45.0,-113.75,2054,ssp126,67
45.0,-108.75,2054,ssp126,70
45.0,-103.75,2054,ssp126,69
45.0,-98.75,2054,ssp126,53
45.0,-93.75,2054,ssp126,50
45.0,-88.75,2054,ssp126,58
45.0,-83.75,2054,ssp126,74
45.0,-78.75,2054,ssp126,63
45.0,-73.75,2054,ssp126,46
45.0,-68.75,2054,ssp126,51
47.535,-123.75,2054,ssp126,107
47.535,-118.75,2054,ssp126,98
47.535,-113.75,2054,ssp126,73
47.535,-108.75,2054,ssp126,71
47.535,-103.75,2054,ssp126,60
47.535,-98.75,2054,ssp126,49
47.535,-93.75,2054,ssp126,42
47.535,-88.75,2054,ssp126,68
47.535,-83.75,2054,ssp126,57
47.535,-78.75,2054,ssp126,48
47.535,-73.75,2054,ssp126,49
47.535,-68.75,2054,ssp126,47
24.718,-123.75,2055,ssp126,0
24.718,-118.75,2055,ssp126,0
24.718,-113.75,2055,ssp126,0
24.718,-108.75,2055,ssp126,0
24.718,-103.75,2055,ssp126,54
24.718,-98.75,2055,ssp126,2
24.718,-93.75,2055,ssp126,0
24.718,-88.75,2055,ssp126,0
24.718,-83.75,2055,ssp126,0
24.718,-78.75,2055,ssp126,0
24.718,-73.75,2055,ssp126,0
24.718,-68.75,2055,ssp126,0
27.254,-123.75,2055,ssp126,0
27.254,-118.75,2055,ssp126,0
27.254,-113.75,2055,ssp126,0
27.254,-108.75,2055,ssp126,30
27.254,-103.75,2055,ssp126,52
27.254,-98.75,2055,ssp126,16
27.254,-93.75,2055,ssp126,0
27.254,-88.75,2055,ssp126,0
27.254,-83.75,2055,ssp126,0
27.254,-78.75,2055,ssp126,0
27.254,-73.75,2055,ssp126,0
27.254,-68.75,2055,ssp126,0
29.789,-123.75,2055,ssp126,0
29.789,-118.75,2055,ssp126,0
29.789,-113.75,2055,ssp126,11
29.789,-108.75,2055,ssp126,87
29.789,-103.75,2055,ssp126,78
29.789,-98.75,2055,ssp126,45
29.789,-93.75,2055,ssp126,21
29.789,-88.75,2055,ssp126,4
29.789,-83.75,2055,ssp126,13
29.789,-78.75,2055,ssp126,0
29.789,-73.75,2055,ssp126,0
29.789,-68.75,2055,ssp126,0
32.324,-123.75,2055,ssp126,0
32.324,-118.75,2055,ssp126,0
32.324,-113.75,2055,ssp126,50
32.324,-108.75,2055,ssp126,110
32.324,-103.75,2055,ssp126,95
32.324,-98.75,2055,ssp126,69
32.324,-93.75,2055,ssp126,48
32.324,-88.75,2055,ssp126,62
32.324,-83.75,2055,ssp126,55
32.324,-78.75,2055,ssp126,6
32.324,-73.75,2055,ssp126,0
32.324,-68.75,2055,ssp126,0
34.859,-123.75,2055,ssp126,0
34.859,-118.75,2055,ssp126,73
34.859,-113.75,2055,ssp126,101
34.859,-108.75,2055,ssp126,118
34.859,-103.75,2055,ssp126,96
34.859,-98.75,2055,ssp126,74
34.859,-93.75,2055,ssp126,69
34.859,-88.75,2055,ssp126,81
34.859,-83.75,2055,ssp126,68
34.859,-78.75,2055,ssp126,66
34.859,-73.75,2055,ssp126,3
34.859,-68.75,2055,ssp126,0
37.394,-123.75,2055,ssp126,11
37.394,-118.75,2055,ssp126,125
37.394,-113.75,2055,ssp126,108
37.394,-108.75,2055,ssp126,106
37.394,-103.75,2055,ssp126,99
37.394,-98.75,2055,ssp126,75
37.394,-93.75,2055,ssp126,68
37.394,-88.75,2055,ssp126,68
37.394,-83.75,2055,ssp126,63
37.394,-78.75,2055,ssp126,64
37.394,-73.75,2055,ssp126,28
37.394,-68.75,2055,ssp126,5
39.93,-123.75,2055,ssp126,72
39.93,-118.75,2055,ssp126,106
39.93,-113.75,2055,ssp126,100
39.93,-108.75,2055,ssp126,84
39.93,-103.75,2055,ssp126,94
39.93,-98.75,2055,ssp126,74
39.93,-93.75,2055,ssp126,61
39.93,-88.75,2055,ssp126,61
39.93,-83.75,2055,ssp126,57
39.93,-78.75,2055,ssp126,60
39.93,-73.75,2055,ssp126,98
39.93,-68.75,2055,ssp126,56
42.465,-123.75,2055,ssp126,129
42.465,-118.75,2055,ssp126,106
42.465,-113.75,2055,ssp126,81
42.465,-108.75,2055,ssp126,64
42.465,-103.75,2055,ssp126,84
42.465,-98.75,2055,ssp126,78
42.465,-93.75,2055,ssp126,60
42.465,-88.75,2055,ssp126,59
42.465,-83.75,2055,ssp126,59
42.465,-78.75,2055,ssp126,63
42.465,-73.75,2055,ssp126,49
42.465,-68.75,2055,ssp126,102
45.0,-123.75,2055,ssp126,119
45.0,-118.75,2055,ssp126,116
45.0,-113.75,2055,ssp126,73
45.0,-108.75,2055,ssp126,68
45.0,-103.75,2055,ssp126,80
45.0,-98.75,2055,ssp126,71
45.0,-93.75,2055,ssp126,55
45.0,-88.75,2055,ssp126,57
45.0,-83.75,2055,ssp126,70
45.0,-78.75,2055,ssp126,55
45.0,-73.75,2055,ssp126,56
45.0,-68.75,2055,ssp126,64
47.535,-123.75,2055,ssp126,122
47.535,-118.75,2055,ssp126,95
47.535,-113.75,2055,ssp126,77
47.535,-108.75,2055,ssp126,69
47.535,-103.75,2055,ssp126,71
47.535,-98.75,2055,ssp126,62
47.535,-93.75,2055,ssp126,53
47.535,-88.75,2055,ssp126,76
47.535,-83.75,2055,ssp126,64
47.535,-78.75,2055,ssp126,54
47.535,-73.75,2055,ssp126,58
47.535,-68.75,2055,ssp126,51
24.718,-123.75,2056,ssp126,0
24.718,-118.75,2056,ssp126,0
24.718,-113.75,2056,ssp126,0
24.718,-108.75,2056,ssp126,0
24.718,-103.75,2056,ssp126,86
24.718,-98.75,2056,ssp126,11
24.718,-93.75,2056,ssp126,0
24.718,-88.75,2056,ssp126,0
24.718,-83.75,2056,ssp126,0
24.718,-78.75,2056,ssp126,0
24.718,-73.75,2056,ssp126,0
24.718,-68.75,2056,ssp126,0
27.254,-123.75,2056,ssp126,0
27.254,-118.75,2056,ssp126,0
27.254,-113.75,2056,ssp126,0
27.254,-108.75,2056,ssp126,47
27.254,-103.75,2056,ssp126,63
27.254,-98.75,2056,ssp126,18
27.254,-93.75,2056,ssp126,1
27.254,-88.75,2056,ssp126,0
27.254,-83.75,2056,ssp126,3
27.254,-78.75,2056,ssp126,0
27.254,-73.75,2056,ssp126,0
27.254,-68.75,2056,ssp126,0
29.789,-123.75,2056,ssp126,0
29.789,-118.75,2056,ssp126,0
29.789,-113.75,2056,ssp126,17
29.789,-108.75,2056,ssp126,94
29.789,-103.75,2056,ssp126,81
29.789,-98.75,2056,ssp126,44
29.789,-93.75,2056,ssp126,27
29.789,-88.75,2056,ssp126,17
29.789,-83.75,2056,ssp126,15
29.789,-78.75,2056,ssp126,1
29.789,-73.75,2056,ssp126,0
29.789,-68.75,2056,ssp126,0
32.324,-123.75,2056,ssp126,0
32.324,-118.75,2056,ssp126,0
32.324,-113.75,2056,ssp126,53
32.324,-108.75,2056,ssp126,107
32.324,-103.75,2056,ssp126,97
32.324,-98.75,2056,ssp126,71
32.324,-93.75,2056,ssp126,50
32.324,-88.75,2056,ssp126,59
32.324,-83.75,2056,ssp126,53
32.324,-78.75,2056,ssp126,11
32.324,-73.75,2056,ssp126,0
32.324,-68.75,2056,ssp126,0
34.859,-123.75,2056,ssp126,0
34.859,-118.75,2056,ssp126,63
34.859,-113.75,2056,ssp126,115
34.859,-108.75,2056,ssp126,97
34.859,-103.75,2056,ssp126,84
34.859,-98.75,2056,ssp126,88
34.859,-93.75,2056,ssp126,79
34.859,-88.75,2056,ssp126,84
34.859,-83.75,2056,ssp126,82
34.859,-78.75,2056,ssp126,65
34.859,-73.75,2056,ssp126,5
34.859,-68.75,2056,ssp126,0
37.394,-123.75,2056,ssp126,4
37.394,-118.75,2056,ssp126,142
37.394,-113.75,2056,ssp126,98
37.394,-108.75,2056,ssp126,82
37.394,-103.75,2056,ssp126,63
37.394,-98.75,2056,ssp126,62
37.394,-93.75,2056,ssp126,80
37.394,-88.75,2056,ssp126,82
37.394,-83.75,2056,ssp126,71
37.394,-78.75,2056,ssp126,76
37.394,-73.75,2056,ssp126,35
37.394,-68.75,2056,ssp126,0
39.93,-123.75,2056,ssp126,54
39.93,-118.75,2056,ssp126,111
39.93,-113.75,2056,ssp126,76
39.93,-108.75,2056,ssp126,81
39.93,-103.75,2056,ssp126,60
39.93,-98.75,2056,ssp126,56
39.93,-93.75,2056,ssp126,65
39.93,-88.75,2056,ssp126,68
39.93,-83.75,2056,ssp126,68
39.93,-78.75,2056,ssp126,74
39.93,-73.75,2056,ssp126,99
39.93,-68.75,2056,ssp126,65
42.465,-123.75,2056,ssp126,147
42.465,-118.75,2056,ssp126,98
42.465,-113.75,2056,ssp126,81
42.465,-108.75,2056,ssp126,81
42.465,-103.75,2056,ssp126,52
42.465,-98.75,2056,ssp126,55
42.465,-93.75,2056,ssp126,52
42.465,-88.75,2056,ssp126,63
42.465,-83.75,2056,ssp126,71
42.465,-78.75,2056,ssp126,76
42.465,-73.75,2056,ssp126,68
42.465,-68.75,2056,ssp126,127
45.0,-123.75,2056,ssp126,94
45.0,-118.75,2056,ssp126,123
45.0,-113.75,2056,ssp126,86
45.0,-108.75,2056,ssp126,62
45.0,-103.75,2056,ssp126,54
45.0,-98.75,2056,ssp126,56
45.0,-93.75,2056,ssp126,42
45.0,-88.75,2056,ssp126,46
45.0,-83.75,2056,ssp126,71
45.0,-78.75,2056,ssp126,66
45.0,-73.75,2056,ssp126,54
45.0,-68.75,2056,ssp126,65
47.535,-123.75,2056,ssp126,118
47.535,-118.75,2056,ssp126,99
47.535,-113.75,2056,ssp126,67
47.535,-108.75,2056,ssp126,60
47.535,-103.75,2056,ssp126,53
47.535,-98.75,2056,ssp126,48
47.535,-93.75,2056,ssp126,51
47.535,-88.75,2056,ssp126,51
47.535,-83.75,2056,ssp126,51
47.535,-78.75,2056,ssp126,46
47.535,-73.75,2056,ssp126,53
47.535,-68.75,2056,ssp126,57
24.718,-123.75,2057,ssp126,0
24.718,-118.75,2057,ssp126,0
24.718,-113.75,2057,ssp126,0
24.718,-108.75,2057,ssp126,0
24.718,-103.75,2057,ssp126,65
24.718,-98.75,2057,ssp126,3
24.718,-93.75,2057,ssp126,0
24.718,-88.75,2057,ssp126,0
24.718,-83.75,2057,ssp126,0
24.718,-78.75,2057,ssp126,0
24.718,-73.75,2057,ssp126,0
24.718,-68.75,2057,ssp126,0
27.254,-123.75,2057,ssp126,0
27.254,-118.75,2057,ssp126,0
27.254,-113.75,2057,ssp126,0
27.254,-108.75,2057,ssp126,28
27.254,-103.75,2057,ssp126,62
27.254,-98.75,2057,ssp126,15
27.254,-93.75,2057,ssp126,0
27.254,-88.75,2057,ssp126,0
27.254,-83.75,2057,ssp126,0
27.254,-78.75,2057,ssp126,0
27.254,-73.75,2057,ssp126,0
27.254,-68.75,2057,ssp126,0
29.789,-123.75,2057,ssp126,0
29.789,-118.75,2057,ssp126,0
29.789,-113.75,2057,ssp126,4
29.789,-108.75,2057,ssp126,95
29.789,-103.75,2057,ssp126,77
29.789,-98.75,2057,ssp126,51
29.789,-93.75,2057,ssp126,15
29.789,-88.75,2057,ssp126,2
29.789,-83.75,2057,ssp126,9
29.789,-78.75,2057,ssp126,0
29.789,-73.75,2057,ssp126,0
29.789,-68.75,2057,ssp126,0
32.324,-123.75,2057,ssp126,0
32.324,-118.75,2057,ssp126,0
32.324,-113.75,2057,ssp126,51
32.324,-108.75,2057,ssp126,103
32.324,-103.75,2057,ssp126,87
32.324,-98.75,2057,ssp126,76
32.324,-93.75,2057,ssp126,61
32.324,-88.75,2057,ssp126,63
32.324,-83.75,2057,ssp126,55
32.324,-78.75,2057,ssp126,5
32.324,-73.75,2057,ssp126,0
32.324,-68.75,2057,ssp126,0
34.859,-123.75,2057,ssp126,0
34.859,-118.75,2057,ssp126,45
34.859,-113.75,2057,ssp126,109
34.859,-108.75,2057,ssp126,91
34.859,-103.75,2057,ssp126,100
34.859,-98.75,2057,ssp126,87
34.859,-93.75,2057,ssp126,92
34.859,-88.75,2057,ssp126,83
34.859,-83.75,2057,ssp126,75
34.859,-78.75,2057,ssp126,64
34.859,-73.75,2057,ssp126,5
34.859,-68.75,2057,ssp126,1
37.394,-123.75,2057,ssp126,2
37.394,-118.75,2057,ssp126,144
37.394,-113.75,2057,ssp126,105
37.394,-108.75,2057,ssp126,93
37.394,-103.75,2057,ssp126,84
37.394,-98.75,2057,ssp126,87
37.394,-93.75,2057,ssp126,82
37.394,-88.75,2057,ssp126,88
37.394,-83.75,2057,ssp126,70
37.394,-78.75,2057,ssp126,77
37.394,-73.75,2057,ssp126,27
37.394,-68.75,2057,ssp126,3
39.93,-123.75,2057,ssp126,46
39.93,-118.75,2057,ssp126,133
39.93,-113.75,2057,ssp126,104
39.93,-108.75,2057,ssp126,81
39.93,-103.75,2057,ssp126,88
39.93,-98.75,2057,ssp126,66
39.93,-93.75,2057,ssp126,62
39.93,-88.75,2057,ssp126,72
39.93,-83.75,2057,ssp126,76
39.93,-78.75,2057,ssp126,65
39.93,-73.75,2057,ssp126,99
39.93,-68.75,2057,ssp126,67
42.465,-123.75,2057,ssp126,117
42.465,-118.75,2057,ssp126,128
42.465,-113.75,2057,ssp126,91
42.465,-108.75,2057,ssp126,80
42.465,-103.75,2057,ssp126,69
42.465,-98.75,2057,ssp126,43
42.465,-93.75,2057,ssp126,58
42.465,-88.75,2057,ssp126,70
42.465,-83.75,2057,ssp126,67
42.465,-78.75,2057,ssp126,69
42.465,-73.75,2057,ssp126,55
42.465,-68.75,2057,ssp126,114
45.0,-123.75,2057,ssp126,95
45.0,-118.75,2057,ssp126,128
45.0,-113.75,2057,ssp126,97
45.0,-108.75,2057,ssp126,83
45.0,-103.75,2057,ssp126,56
45.0,-98.75,2057,ssp126,45
45.0,-93.75,2057,ssp126,48
45.0,-88.75,2057,ssp126,50
45.0,-83.75,2057,ssp126,63
45.0,-78.75,2057,ssp126,50
45.0,-73.75,2057,ssp126,45
45.0,-68.75,2057,ssp126,51
47.535,-123.75,2057,ssp126,109
47.535,-118.75,2057,ssp126,113
47.535,-113.75,2057,ssp126,92
47.535,-108.75,2057,ssp126,76
47.535,-103.75,2057,ssp126,52
47.535,-98.75,2057,ssp126,44
47.535,-93.75,2057,ssp126,50
47.535,-88.75,2057,ssp126,53
47.535,-83.75,2057,ssp126,50
47.535,-78.75,2057,ssp126,50
47.535,-73.75,2057,ssp126,44
47.535,-68.75,2057,ssp126,55
24.718,-123.75,2058,ssp126,0
24.718,-118.75,2058,ssp126,0
24.718,-113.75,2058,ssp126,0
24.718,-108.75,2058,ssp126,0
24.718,-103.75,2058,ssp126,88
24.718,-98.75,2058,ssp126,7
24.718,-93.75,2058,ssp126,0
24.718,-88.75,2058,ssp126,0
24.718,-83.75,2058,ssp126,0
24.718,-78.75,2058,ssp126,0
24.718,-73.75,2058,ssp126,0
24.718,-68.75,2058,ssp126,0
27.254,-123.75,2058,ssp126,0
27.254,-118.75,2058,ssp126,0
27.254,-113.75,2058,ssp126,0
27.254,-108.75,2058,ssp126,42
27.254,-103.75,2058,ssp126,66
27.254,-98.75,2058,ssp126,24
27.254,-93.75,2058,ssp126,0
27.254,-88.75,2058,ssp126,0
27.254,-83.75,2058,ssp126,1
27.254,-78.75,2058,ssp126,0
27.254,-73.75,2058,ssp126,0
27.254,-68.75,2058,ssp126,0
29.789,-123.75,2058,ssp126,0
29.789,-118.75,2058,ssp126,0
29.789,-113.75,2058,ssp126,9
29.789,-108.75,2058,ssp126,97
29.789,-103.75,2058,ssp126,73
29.789,-98.75,2058,ssp126,48
29.789,-93.75,2058,ssp126,39
29.789,-88.75,2058,ssp126,16
29.789,-83.75,2058,ssp126,17
29.789,-78.75,2058,ssp126,0
29.789,-73.75,2058,ssp126,0
29.789,-68.75,2058,ssp126,0
32.324,-123.75,2058,ssp126,0
32.324,-118.75,2058,ssp126,0
32.324,-113.75,2058,ssp126,48
32.324,-108.75,2058,ssp126,103
32.324,-103.75,2058,ssp126,87
32.324,-98.75,2058,ssp126,65
32.324,-93.75,2058,ssp126,56
32.324,-88.75,2058,ssp126,56
32.324,-83.75,2058,ssp126,52
32.324,-78.75,2058,ssp126,10
32.324,-73.75,2058,ssp126,0
32.324,-68.75,2058,ssp126,0
34.859,-123.75,2058,ssp126,0
34.859,-118.75,2058,ssp126,46
34.859,-113.75,2058,ssp126,113
34.859,-108.75,2058,ssp126,96
34.859,-103.75,2058,ssp126,82
34.859,-98.75,2058,ssp126,76
34.859,-93.75,2058,ssp126,68
34.859,-88.75,2058,ssp126,69
34.859,-83.75,2058,ssp126,81
34.859,-78.75,2058,ssp126,68
34.859,-73.75,2058,ssp126,10
34.859,-68.75,2058,ssp126,0
37.394,-123.75,2058,ssp126,1
37.394,-118.75,2058,ssp126,126
37.394,-113.75,2058,ssp126,93
37.394,-108.75,2058,ssp126,85
37.394,-103.75,2058,ssp126,80
37.394,-98.75,2058,ssp126,73
37.394,-93.75,2058,ssp126,72
37.394,-88.75,2058,ssp126,78
37.394,-83.75,2058,ssp126,70
37.394,-78.75,2058,ssp126,79
37.394,-73.75,2058,ssp126,34
37.394,-68.75,2058,ssp126,6
39.93,-123.75,2058,ssp126,37
39.93,-118.75,2058,ssp126,118
39.93,-113.75,2058,ssp126,92
39.93,-108.75,2058,ssp126,84
39.93,-103.75,2058,ssp126,72
39.93,-98.75,2058,ssp126,60
39.93,-93.75,2058,ssp126,60
39.93,-88.75,2058,ssp126,60
39.93,-83.75,2058,ssp126,72
39.93,-78.75,2058,ssp126,73
39.93,-73.75,2058,ssp126,95
39.93,-68.75,2058,ssp126,55
42.465,-123.75,2058,ssp126,108
42.465,-118.75,2058,ssp126,108
42.465,-113.75,2058,ssp126,94
42.465,-108.75,2058,ssp126,73
42.465,-103.75,2058,ssp126,59
42.465,-98.75,2058,ssp126,43
42.465,-93.75,2058,ssp126,45
42.465,-88.75,2058,ssp126,74
42.465,-83.75,2058,ssp126,83
42.465,-78.75,2058,ssp126,80
42.465,-73.75,2058,ssp126,66
42.465,-68.75,2058,ssp126,104
45.0,-123.75,2058,ssp126,95
45.0,-118.75,2058,ssp126,102
45.0,-113.75,2058,ssp126,84
45.0,-108.75,2058,ssp126,70
45.0,-103.75,2058,ssp126,44
45.0,-98.75,2058,ssp126,34
45.0,-93.75,2058,ssp126,45
45.0,-88.75,2058,ssp126,61
45.0,-83.75,2058,ssp126,80
45.0,-78.75,2058,ssp126,74
45.0,-73.75,2058,ssp126,64
45.0,-68.75,2058,ssp126,77
47.535,-123.75,2058,ssp126,94
47.535,-118.75,2058,ssp126,81
47.535,-113.75,2058,ssp126,61
47.535,-108.75,2058,ssp126,54
47.535,-103.75,2058,ssp126,36
47.535,-98.75,2058,ssp126,33
47.535,-93.75,2058,ssp126,39
47.535,-88.75,2058,ssp126,65
47.535,-83.75,2058,ssp126,53
47.535,-78.75,2058,ssp126,53
47.535,-73.75,2058,ssp126,49
47.535,-68.75,2058,ssp126,53
24.718,-123.75,2059,ssp126,0
24.718,-118.75,2059,ssp126,0
24.718,-113.75,2059,ssp126,0
24.718,-108.75,2059,ssp126,0
24.718,-103.75,2059,ssp126,81
24.718,-98.75,2059,ssp126,5
24.718,-93.75,2059,ssp126,0
24.718,-88.75,2059,ssp126,0
24.718,-83.75,2059,ssp126,0
24.718,-78.75,2059,ssp126,0
24.718,-73.75,2059,ssp126,0
24.718,-68.75,2059,ssp126,0
27.254,-123.75,2059,ssp126,0
27.254,-118.75,2059,ssp126,0
27.254,-113.75,2059,ssp126,0
27.254,-108.75,2059,ssp126,39
27.254,-103.75,2059,ssp126,79
27.254,-98.75,2059,ssp126,14
27.254,-93.75,2059,ssp126,0
27.254,-88.75,2059,ssp126,0
27.254,-83.75,2059,ssp126,3
27.254,-78.75,2059,ssp126,0
27.254,-73.75,2059,ssp126,0
27.254,-68.75,2059,ssp126,0
29.789,-123.75,2059,ssp126,0
29.789,-118.75,2059,ssp126,0
29.789,-113.75,2059,ssp126,5
29.789,-108.75,2059,ssp126,117
29.789,-103.75,2059,ssp126,99
29.789,-98.75,2059,ssp126,46
29.789,-93.75,2059,ssp126,14
29.789,-88.75,2059,ssp126,11
29.789,-83.75,2059,ssp126,17
29.789,-78.75,2059,ssp126,0
29.789,-73.75,2059,ssp126,0
29.789,-68.75,2059,ssp126,0
32.324,-123.75,2059,ssp126,0
32.324,-118.75,2059,ssp126,0
32.324,-113.75,2059,ssp126,53
32.324,-108.75,2059,ssp126,120
32.324,-103.75,2059,ssp126,109
32.324,-98.75,2059,ssp126,93
32.324,-93.75,2059,ssp126,65
32.324,-88.75,2059,ssp126,67
32.324,-83.75,2059,ssp126,53
32.324,-78.75,2059,ssp126,12
32.324,-73.75,2059,ssp126,0
32.324,-68.75,2059,ssp126,0
34.859,-123.75,2059,ssp126,0
34.859,-118.75,2059,ssp126,52
34.859,-113.75,2059,ssp126,139
34.859,-108.75,2059,ssp126,84
34.859,-103.75,2059,ssp126,103
34.859,-98.75,2059,ssp126,98
34.859,-93.75,2059,ssp126,86
34.859,-88.75,2059,ssp126,78
34.859,-83.75,2059,ssp126,72
34.859,-78.75,2059,ssp126,62
34.859,-73.75,2059,ssp126,9
34.859,-68.75,2059,ssp126,0
37.394,-123.75,2059,ssp126,0
37.394,-118.75,2059,ssp126,129
37.394,-113.75,2059,ssp126,72
37.394,-108.75,2059,ssp126,70
37.394,-103.75,2059,ssp126,78
37.394,-98.75,2059,ssp126,86
37.394,-93.75,2059,ssp126,76
37.394,-88.75,2059,ssp126,74
37.394,-83.75,2059,ssp126,68
37.394,-78.75,2059,ssp126,69
37.394,-73.75,2059,ssp126,34
37.394,-68.75,2059,ssp126,6
39.93,-123.75,2059,ssp126,27
39.93,-118.75,2059,ssp126,97
39.93,-113.75,2059,ssp126,76
39.93,-108.75,2059,ssp126,71
39.93,-103.75,2059,ssp126,67
39.93,-98.75,2059,ssp126,69
39.93,-93.75,2059,ssp126,58
39.93,-88.75,2059,ssp126,68
39.93,-83.75,2059,ssp126,69
39.93,-78.75,2059,ssp126,74
39.93,-73.75,2059,ssp126,74
39.93,-68.75,2059,ssp126,67
42.465,-123.75,2059,ssp126,119
42.465,-118.75,2059,ssp126,94
42.465,-113.75,2059,ssp126,71
42.465,-108.75,2059,ssp126,70
42.465,-103.75,2059,ssp126,69
42.465,-98.75,2059,ssp126,62
42.465,-93.75,2059,ssp126,56
42.465,-88.75,2059,ssp126,71
42.465,-83.75,2059,ssp126,78
42.465,-78.75,2059,ssp126,74
42.465,-73.75,2059,ssp126,69
42.465,-68.75,2059,ssp126,96
45.0,-123.75,2059,ssp126,70
45.0,-118.75,2059,ssp126,131
45.0,-113.75,2059,ssp126,70
45.0,-108.75,2059,ssp126,76
45.0,-103.75,2059,ssp126,73
45.0,-98.75,2059,ssp126,56
45.0,-93.75,2059,ssp126,57
45.0,-88.75,2059,ssp126,69
45.0,-83.75,2059,ssp126,77
45.0,-78.75,2059,ssp126,69
45.0,-73.75,2059,ssp126,57
45.0,-68.75,2059,ssp126,63
47.535,-123.75,2059,ssp126,87
47.535,-118.75,2059,ssp126,126
47.535,-113.75,2059,ssp126,78
47.535,-108.75,2059,ssp126,76
47.535,-103.75,2059,ssp126,60
47.535,-98.75,2059,ssp126,52
47.535,-93.75,2059,ssp126,48
47.535,-88.75,2059,ssp126,73
47.535,-83.75,2059,ssp126,73
47.535,-78.75,2059,ssp126,59
47.535,-73.75,2059,ssp126,62
47.535,-68.75,2059,ssp126,66
24.718,-123.75,2060,ssp126,0
24.718,-118.75,2060,ssp126,0
24.718,-113.75,2060,ssp126,0
24.718,-108.75,2060,ssp126,0
24.718,-103.75,2060,ssp126,47
24.718,-98.75,2060,ssp126,8
24.718,-93.75,2060,ssp126,0
24.718,-88.75,2060,ssp126,0
24.718,-83.75,2060,ssp126,0
24.718,-78.75,2060,ssp126,0
24.718,-73.75,2060,ssp126,0
24.718,-68.75,2060,ssp126,0
27.254,-123.75,2060,ssp126,0
27.254,-118.75,2060,ssp126,0
27.254,-113.75,2060,ssp126,0
27.254,-108.75,2060,ssp126,23
27.254,-103.75,2060,ssp126,48
27.254,-98.75,2060,ssp126,15
27.254,-93.75,2060,ssp126,0
27.254,-88.75,2060,ssp126,0
27.254,-83.75,2060,ssp126,1
27.254,-78.75,2060,ssp126,0
27.254,-73.75,2060,ssp126,0
27.254,-68.75,2060,ssp126,0
29.789,-123.75,2060,ssp126,0
29.789,-118.75,2060,ssp126,0
29.789,-113.75,2060,ssp126,3
29.789,-108.75,2060,ssp126,81
29.789,-103.75,2060,ssp126,70
29.789,-98.75,2060,ssp126,45
29.789,-93.75,2060,ssp126,16
29.789,-88.75,2060,ssp126,8
29.789,-83.75,2060,ssp126,12
29.789,-78.75,2060,ssp126,0
29.789,-73.75,2060,ssp126,0
29.789,-68.75,2060,ssp126,0
32.324,-123.75,2060,ssp126,0
32.324,-118.75,2060,ssp126,0
32.324,-113.75,2060,ssp126,57
32.324,-108.75,2060,ssp126,94
32.324,-103.75,2060,ssp126,85
32.324,-98.75,2060,ssp126,61
32.324,-93.75,2060,ssp126,50
32.324,-88.75,2060,ssp126,48
32.324,-83.75,2060,ssp126,44
32.324,-78.75,2060,ssp126,7
32.324,-73.75,2060,ssp126,0
32.324,-68.75,2060,ssp126,0
34.859,-123.75,2060,ssp126,0
34.859,-118.75,2060,ssp126,71
34.859,-113.75,2060,ssp126,97
34.859,-108.75,2060,ssp126,117
34.859,-103.75,2060,ssp126,100
34.859,-98.75,2060,ssp126,77
34.859,-93.75,2060,ssp126,65
34.859,-88.75,2060,ssp126,62
34.859,-83.75,2060,ssp126,62
34.859,-78.75,2060,ssp126,50
34.859,-73.75,2060,ssp126,6
34.859,-68.75,2060,ssp126,0
37.394,-123.75,2060,ssp126,6
37.394,-118.75,2060,ssp126,108
37.394,-113.75,2060,ssp126,106
37.394,-108.75,2060,ssp126,98
37.394,-103.75,2060,ssp126,98
37.394,-98.75,2060,ssp126,79
37.394,-93.75,2060,ssp126,81
37.394,-88.75,2060,ssp126,64
37.394,-83.75,2060,ssp126,70
37.394,-78.75,2060,ssp126,74
37.394,-73.75,2060,ssp126,29
37.394,-68.75,2060,ssp126,1
39.93,-123.75,2060,ssp126,66
39.93,-118.75,2060,ssp126,117
39.93,-113.75,2060,ssp126,101
39.93,-108.75,2060,ssp126,85
39.93,-103.75,2060,ssp126,92
39.93,-98.75,2060,ssp126,82
39.93,-93.75,2060,ssp126,70
39.93,-88.75,2060,ssp126,70
39.93,-83.75,2060,ssp126,80
39.93,-78.75,2060,ssp126,79
39.93,-73.75,2060,ssp126,96
39.93,-68.75,2060,ssp126,61
42.465,-123.75,2060,ssp126,117
42.465,-118.75,2060,ssp126,117
42.465,-113.75,2060,ssp126,95
42.465,-108.75,2060,ssp126,76
42.465,-103.75,2060,ssp126,81
42.465,-98.75,2060,ssp126,78
42.465,-93.75,2060,ssp126,62
42.465,-88.75,2060,ssp126,78
42.465,-83.75,2060,ssp126,79
42.465,-78.75,2060,ssp126,76
42.465,-73.75,2060,ssp126,77
42.465,-68.75,2060,ssp126,113
45.0,-123.75,2060,ssp126,111
45.0,-118.75,2060,ssp126,129
45.0,-113.75,2060,ssp126,73
45.0,-108.75,2060,ssp126,83
45.0,-103.75,2060,ssp126,72
45.0,-98.75,2060,ssp126,68
45.0,-93.75,2060,ssp126,67
45.0,-88.75,2060,ssp126,78
45.0,-83.75,2060,ssp126,86
45.0,-78.75,2060,ssp126,81
45.0,-73.75,2060,ssp126,79
45.0,-68.75,2060,ssp126,87
47.535,-123.75,2060,ssp126,126
47.535,-118.75,2060,ssp126,111
47.535,-113.75,2060,ssp126,80
47.535,-108.75,2060,ssp126,85
47.535,-103.75,2060,ssp126,66
47.535,-98.75,2060,ssp126,62
47.535,-93.75,2060,ssp126,64
47.535,-88.75,2060,ssp126,76
47.535,-83.75,2060,ssp126,63
47.535,-78.75,2060,ssp126,62
47.535,-73.75,2060,ssp126,62
47.535,-68.75,2060,ssp126,72
24.718,-123.75,2061,ssp126,0
24.718,-118.75,2061,ssp126,0
24.718,-113.75,2061,ssp126,0
24.718,-108.75,2061,ssp126,0
24.718,-103.75,2061,ssp126,53
24.718,-98.75,2061,ssp126,1
24.718,-93.75,2061,ssp126,0
24.718,-88.75,2061,ssp126,0
24.718,-83.75,2061,ssp126,0
24.718,-78.75,2061,ssp126,0
24.718,-73.75,2061,ssp126,0
24.718,-68.75,2061,ssp126,0
27.254,-123.75,2061,ssp126,0
27.254,-118.75,2061,ssp126,0
27.254,-113.75,2061,ssp126,1
27.254,-108.75,2061,ssp126,28
27.254,-103.75,2061,ssp126,63
27.254,-98.75,2061,ssp126,11
27.254,-93.75,2061,ssp126,0
27.254,-88.75,2061,ssp126,0
27.254,-83.75,2061,ssp126,0
27.254,-78.75,2061,ssp126,0
27.254,-73.75,2061,ssp126,0
27.254,-68.75,2061,ssp126,0
29.789,-123.75,2061,ssp126,0
29.789,-118.75,2061,ssp126,0
29.789,-113.75,2061,ssp126,13
29.789,-108.75,2061,ssp126,91
29.789,-103.75,2061,ssp126,87
29.789,-98.75,2061,ssp126,39
29.789,-93.75,2061,ssp126,14
29.789,-88.75,2061,ssp126,6
29.789,-83.75,2061,ssp126,10
29.789,-78.75,2061,ssp126,0
29.789,-73.75,2061,ssp126,0
29.789,-68.75,2061,ssp126,0
32.324,-123.75,2061,ssp126,0
32.324,-118.75,2061,ssp126,2
32.324,-113.75,2061,ssp126,55
32.324,-108.75,2061,ssp126,131
32.324,-103.75,2061,ssp126,97
32.324,-98.75,2061,ssp126,72
32.324,-93.75,2061,ssp126,52
32.324,-88.75,2061,ssp126,46
32.324,-83.75,2061,ssp126,38
32.324,-78.75,2061,ssp126,5
32.324,-73.75,2061,ssp126,0
32.324,-68.75,2061,ssp126,0
34.859,-123.75,2061,ssp126,5
34.859,-118.75,2061,ssp126,65
34.859,-113.75,2061,ssp126,121
34.859,-108.75,2061,ssp126,105
34.859,-103.75,2061,ssp126,109
34.859,-98.75,2061,ssp126,79
34.859,-93.75,2061,ssp126,67
34.859,-88.75,2061,ssp126,59
34.859,-83.75,2061,ssp126,62
34.859,-78.75,2061,ssp126,51
34.859,-73.75,2061,ssp126,3
34.859,-68.75,2061,ssp126,0
37.394,-123.75,2061,ssp126,20
37.394,-118.75,2061,ssp126,126
37.394,-113.75,2061,ssp126,100
37.394,-108.75,2061,ssp126,80
37.394,-103.75,2061,ssp126,99
37.394,-98.75,2061,ssp126,90
37.394,-93.75,2061,ssp126,71
37.394,-88.75,2061,ssp126,74
37.394,-83.75,2061,ssp126,80
37.394,-78.75,2061,ssp126,75
37.394,-73.75,2061,ssp126,20
37.394,-68.75,2061,ssp126,3
39.93,-123.75,2061,ssp126,81
39.93,-118.75,2061,ssp126,94
39.93,-113.75,2061,ssp126,91
39.93,-108.75,2061,ssp126,75
39.93,-103.75,2061,ssp126,78
39.93,-98.75,2061,ssp126,79
39.93,-93.75,2061,ssp126,76
39.93,-88.75,2061,ssp126,73
39.93,-83.75,2061,ssp126,87
39.93,-78.75,2061,ssp126,76
39.93,-73.75,2061,ssp126,94
39.93,-68.75,2061,ssp126,55
42.465,-123.75,2061,ssp126,119
42.465,-118.75,2061,ssp126,90
42.465,-113.75,2061,ssp126,77
42.465,-108.75,2061,ssp126,71
42.465,-103.75,2061,ssp126,73
42.465,-98.75,2061,ssp126,75
42.465,-93.75,2061,ssp126,67
42.465,-88.75,2061,ssp126,80
42.465,-83.75,2061,ssp126,84
42.465,-78.75,2061,ssp126,96
42.465,-73.75,2061,ssp126,68
42.465,-68.75,2061,ssp126,124
45.0,-123.75,2061,ssp126,99
45.0,-118.75,2061,ssp126,94
45.0,-113.75,2061,ssp126,61
45.0,-108.75,2061,ssp126,63
45.0,-103.75,2061,ssp126,67
45.0,-98.75,2061,ssp126,61
45.0,-93.75,2061,ssp126,56
45.0,-88.75,2061,ssp126,69
45.0,-83.75,2061,ssp126,89
45.0,-78.75,2061,ssp126,80
45.0,-73.75,2061,ssp126,54
45.0,-68.75,2061,ssp126,61
47.535,-123.75,2061,ssp126,100
47.535,-118.75,2061,ssp126,80
47.535,-113.75,2061,ssp126,72
47.535,-108.75,2061,ssp126,80
47.535,-103.75,2061,ssp126,61
47.535,-98.75,2061,ssp126,54
47.535,-93.75,2061,ssp126,48
47.535,-88.75,2061,ssp126,76
47.535,-83.75,2061,ssp126,53
47.535,-78.75,2061,ssp126,50
47.535,-73.75,2061,ssp126,40
47.535,-68.75,2061,ssp126,43
24.718,-123.75,2062,ssp126,0
24.718,-118.75,2062,ssp126,0
24.718,-113.75,2062,ssp126,0
24.718,-108.75,2062,ssp126,0
24.718,-103.75,2062,ssp126,91
24.718,-98.75,2062,ssp126,7
24.718,-93.75,2062,ssp126,0
24.718,-88.75,2062,ssp126,0
24.718,-83.75,2062,ssp126,0
24.718,-78.75,2062,ssp126,0
24.718,-73.75,2062,ssp126,0
24.718,-68.75,2062,ssp126,0
27.254,-123.75,2062,ssp126,0
27.254,-118.75,2062,ssp126,0
27.254,-113.75,2062,ssp126,0
27.254,-108.75,2062,ssp126,38
27.254,-103.75,2062,ssp126,77
27.254,-98.75,2062,ssp126,24
27.254,-93.75,2062,ssp126,0
27.254,-88.75,2062,ssp126,0
27.254,-83.75,2062,ssp126,0
27.254,-78.75,2062,ssp126,0
27.254,-73.75,2062,ssp126,0
27.254,-68.75,2062,ssp126,0
29.789,-123.75,2062,ssp126,0
29.789,-118.75,2062,ssp126,0
29.789,-113.75,2062,ssp126,9
29.789,-108.75,2062,ssp126,102
29.789,-103.75,2062,ssp126,88
29.789,-98.75,2062,ssp126,56
29.789,-93.75,2062,ssp126,31
29.789,-88.75,2062,ssp126,12
29.789,-83.75,2062,ssp126,23
29.789,-78.75,2062,ssp126,0
29.789,-73.75,2062,ssp126,0
29.789,-68.75,2062,ssp126,0
32.324,-123.75,2062,ssp126,0
32.324,-118.75,2062,ssp126,0
32.324,-113.75,2062,ssp126,46
32.324,-108.75,2062,ssp126,125
32.324,-103.75,2062,ssp126,112
32.324,-98.75,2062,ssp126,85
32.324,-93.75,2062,ssp126,67
32.324,-88.75,2062,ssp126,70
32.324,-83.75,2062,ssp126,63
32.324,-78.75,2062,ssp126,9
32.324,-73.75,2062,ssp126,0
32.324,-68.75,2062,ssp126,0
34.859,-123.75,2062,ssp126,0
34.859,-118.75,2062,ssp126,55
34.859,-113.75,2062,ssp126,123
34.859,-108.75,2062,ssp126,101
34.859,-103.75,2062,ssp126,95
34.859,-98.75,2062,ssp126,93
34.859,-93.75,2062,ssp126,77
34.859,-88.75,2062,ssp126,79
34.859,-83.75,2062,ssp126,69
34.859,-78.75,2062,ssp126,67
34.859,-73.75,2062,ssp126,7
34.859,-68.75,2062,ssp126,0
37.394,-123.75,2062,ssp126,5
37.394,-118.75,2062,ssp126,141
37.394,-113.75,2062,ssp126,90
37.394,-108.75,2062,ssp126,75
37.394,-103.75,2062,ssp126,71
37.394,-98.75,2062,ssp126,74
37.394,-93.75,2062,ssp126,74
37.394,-88.75,2062,ssp126,68
37.394,-83.75,2062,ssp126,65
37.394,-78.75,2062,ssp126,57
37.394,-73.75,2062,ssp126,46
37.394,-68.75,2062,ssp126,11
39.93,-123.75,2062,ssp126,35
39.93,-118.75,2062,ssp126,105
39.93,-113.75,2062,ssp126,89
39.93,-108.75,2062,ssp126,76
39.93,-103.75,2062,ssp126,68
39.93,-98.75,2062,ssp126,64
39.93,-93.75,2062,ssp126,56
39.93,-88.75,2062,ssp126,55
39.93,-83.75,2062,ssp126,66
39.93,-78.75,2062,ssp126,63
39.93,-73.75,2062,ssp126,90
39.93,-68.75,2062,ssp126,61
42.465,-123.75,2062,ssp126,106
42.465,-118.75,2062,ssp126,103
42.465,-113.75,2062,ssp126,81
42.465,-108.75,2062,ssp126,77
42.465,-103.75,2062,ssp126,73
42.465,-98.75,2062,ssp126,65
42.465,-93.75,2062,ssp126,45
42.465,-88.75,2062,ssp126,50
42.465,-83.75,2062,ssp126,53
42.465,-78.75,2062,ssp126,67
42.465,-73.75,2062,ssp126,67
42.465,-68.75,2062,ssp126,102
45.0,-123.75,2062,ssp126,70
45.0,-118.75,2062,ssp126,129
45.0,-113.75,2062,ssp126,81
45.0,-108.75,2062,ssp126,73
45.0,-103.75,2062,ssp126,77
45.0,-98.75,2062,ssp126,54
45.0,-93.75,2062,ssp126,46
45.0,-88.75,2062,ssp126,49
45.0,-83.75,2062,ssp126,58
45.0,-78.75,2062,ssp126,52
45.0,-73.75,2062,ssp126,60
45.0,-68.75,2062,ssp126,84
47.535,-123.75,2062,ssp126,94
47.535,-118.75,2062,ssp126,117
47.535,-113.75,2062,ssp126,81
47.535,-108.75,2062,ssp126,86
47.535,-103.75,2062,ssp126,61
47.535,-98.75,2062,ssp126,46
47.535,-93.75,2062,ssp126,49
47.535,-88.75,2062,ssp126,56
47.535,-83.75,2062,ssp126,45
47.535,-78.75,2062,ssp126,38
47.535,-73.75,2062,ssp126,51
47.535,-68.75,2062,ssp126,62
24.718,-123.75,2063,ssp126,0
24.718,-118.75,2063,ssp126,0
24.718,-113.75,2063,ssp126,0
24.718,-108.75,2063,ssp126,0
24.718,-103.75,2063,ssp126,73
24.718,-98.75,2063,ssp126,1
24.718,-93.75,2063,ssp126,0
24.718,-88.75,2063,ssp126,0
24.718,-83.75,2063,ssp126,0
24.718,-78.75,2063,ssp126,0
24.718,-73.75,2063,ssp126,0
24.718,-68.75,2063,ssp126,0
27.254,-123.75,2063,ssp126,0
27.254,-118.75,2063,ssp126,0
27.254,-113.75,2063,ssp126,0
27.254,-108.75,2063,ssp126,32
27.254,-103.75,2063,ssp126,71
27.254,-98.75,2063,ssp126,9
27.254,-93.75,2063,ssp126,0
27.254,-88.75,2063,ssp126,0
27.254,-83.75,2063,ssp126,0
27.254,-78.75,2063,ssp126,0
27.254,-73.75,2063,ssp126,0
27.254,-68.75,2063,ssp126,0
29.789,-123.75,2063,ssp126,0
29.789,-118.75,2063,ssp126,0
29.789,-113.75,2063,ssp126,1
29.789,-108.75,2063,ssp126,101
29.789,-103.75,2063,ssp126,87
29.789,-98.75,2063,ssp126,49
29.789,-93.75,2063,ssp126,13
29.789,-88.75,2063,ssp126,3
29.789,-83.75,2063,ssp126,5
29.789,-78.75,2063,ssp126,0
29.789,-73.75,2063,ssp126,0
29.789,-68.75,2063,ssp126,0
32.324,-123.75,2063,ssp126,0
32.324,-118.75,2063,ssp126,0
32.324,-113.75,2063,ssp126,40
32.324,-108.75,2063,ssp126,123
32.324,-103.75,2063,ssp126,106
32.324,-98.75,2063,ssp126,90
32.324,-93.75,2063,ssp126,80
32.324,-88.75,2063,ssp126,54
32.324,-83.75,2063,ssp126,50
32.324,-78.75,2063,ssp126,1
32.324,-73.75,2063,ssp126,0
32.324,-68.75,2063,ssp126,0
34.859,-123.75,2063,ssp126,0
34.859,-118.75,2063,ssp126,40
34.859,-113.75,2063,ssp126,128
34.859,-108.75,2063,ssp126,110
34.859,-103.75,2063,ssp126,92
34.859,-98.75,2063,ssp126,106
34.859,-93.75,2063,ssp126,98
34.859,-88.75,2063,ssp126,97
34.859,-83.75,2063,ssp126,87
34.859,-78.75,2063,ssp126,55
34.859,-73.75,2063,ssp126,0
34.859,-68.75,2063,ssp126,0
37.394,-123.75,2063,ssp126,0
37.394,-118.75,2063,ssp126,178
37.394,-113.75,2063,ssp126,113
37.394,-108.75,2063,ssp126,82
37.394,-103.75,2063,ssp126,86
37.394,-98.75,2063,ssp126,98
37.394,-93.75,2063,ssp126,91
37.394,-88.75,2063,ssp126,104
37.394,-83.75,2063,ssp126,109
37.394,-78.75,2063,ssp126,90
37.394,-73.75,2063,ssp126,10
37.394,-68.75,2063,ssp126,0
39.93,-123.75,2063,ssp126,20
39.93,-118.75,2063,ssp126,145
39.93,-113.75,2063,ssp126,104
39.93,-108.75,2063,ssp126,76
39.93,-103.75,2063,ssp126,71
39.93,-98.75,2063,ssp126,89
39.93,-93.75,2063,ssp126,86
39.93,-88.75,2063,ssp126,94
39.93,-83.75,2063,ssp126,98
39.93,-78.75,2063,ssp126,109
39.93,-73.75,2063,ssp126,96
39.93,-68.75,2063,ssp126,31
42.465,-123.75,2063,ssp126,98
42.465,-118.75,2063,ssp126,144
42.465,-113.75,2063,ssp126,105
42.465,-108.75,2063,ssp126,80
42.465,-103.75,2063,ssp126,79
42.465,-98.75,2063,ssp126,94
42.465,-93.75,2063,ssp126,82
42.465,-88.75,2063,ssp126,95
42.465,-83.75,2063,ssp126,101
42.465,-78.75,2063,ssp126,100
42.465,-73.75,2063,ssp126,85
42.465,-68.75,2063,ssp126,117
45.0,-123.75,2063,ssp126,52
45.0,-118.75,2063,ssp126,141
45.0,-113.75,2063,ssp126,103
45.0,-108.75,2063,ssp126,85
45.0,-103.75,2063,ssp126,90
45.0,-98.75,2063,ssp126,85
45.0,-93.75,2063,ssp126,70
45.0,-88.75,2063,ssp126,80
45.0,-83.75,2063,ssp126,94
45.0,-78.75,2063,ssp126,84
45.0,-73.75,2063,ssp126,70
45.0,-68.75,2063,ssp126,81
47.535,-123.75,2063,ssp126,66
47.535,-118.75,2063,ssp126,140
47.535,-113.75,2063,ssp126,105
47.535,-108.75,2063,ssp126,88
47.535,-103.75,2063,ssp126,74
47.535,-98.75,2063,ssp126,61
47.535,-93.75,2063,ssp126,59
47.535,-88.75,2063,ssp126,76
47.535,-83.75,2063,ssp126,70
47.535,-78.75,2063,ssp126,56
47.535,-73.75,2063,ssp126,48
47.535,-68.75,2063,ssp126,44
24.718,-123.75,2064,ssp126,0
24.718,-118.75,2064,ssp126,0
24.718,-113.75,2064,ssp126,0
24.718,-108.75,2064,ssp126,0
24.718,-103.75,2064,ssp126,75
24.718,-98.75,2064,ssp126,10
24.718,-93.75,2064,ssp126,0
24.718,-88.75,2064,ssp126,0
24.718,-83.75,2064,ssp126,0
24.718,-78.75,2064,ssp126,0
24.718,-73.75,2064,ssp126,0
24.718,-68.75,2064,ssp126,0
27.254,-123.75,2064,ssp126,0
27.254,-118.75,2064,ssp126,0
27.254,-113.75,2064,ssp126,1
27.254,-108.75,2064,ssp126,42
27.254,-103.75,2064,ssp126,69
27.254,-98.75,2064,ssp126,19
27.254,-93.75,2064,ssp126,0
27.254,-88.75,2064,ssp126,0
27.254,-83.75,2064,ssp126,0
27.254,-78.75,2064,ssp126,0
27.254,-73.75,2064,ssp126,0
27.254,-68.75,2064,ssp126,0
29.789,-123.75,2064,ssp126,0
29.789,-118.75,2064,ssp126,0
29.789,-113.75,2064,ssp126,8
29.789,-108.75,2064,ssp126,111
29.789,-103.75,2064,ssp126,76
29.789,-98.75,2064,ssp126,40
29.789,-93.75,2064,ssp126,21
29.789,-88.75,2064,ssp126,14
29.789,-83.75,2064,ssp126,12
29.789,-78.75,2064,ssp126,0
29.789,-73.75,2064,ssp126,0
29.789,-68.75,2064,ssp126,0
32.324,-123.75,2064,ssp126,0
32.324,-118.75,2064,ssp126,3
32.324,-113.75,2064,ssp126,58
32.324,-108.75,2064,ssp126,95
32.324,-103.75,2064,ssp126,86
32.324,-98.75,2064,ssp126,77
32.324,-93.75,2064,ssp126,53
32.324,-88.75,2064,ssp126,50
32.324,-83.75,2064,ssp126,44
32.324,-78.75,2064,ssp126,3
32.324,-73.75,2064,ssp126,0
32.324,-68.75,2064,ssp126,0
34.859,-123.75,2064,ssp126,1
34.859,-118.75,2064,ssp126,65
34.859,-113.75,2064,ssp126,119
34.859,-108.75,2064,ssp126,73
34.859,-103.75,2064,ssp126,86
34.859,-98.75,2064,ssp126,83
34.859,-93.75,2064,ssp126,76
34.859,-88.75,2064,ssp126,61
34.859,-83.75,2064,ssp126,79
34.859,-78.75,2064,ssp126,44
34.859,-73.75,2064,ssp126,2
34.859,-68.75,2064,ssp126,0
37.394,-123.75,2064,ssp126,5
37.394,-118.75,2064,ssp126,115
37.394,-113.75,2064,ssp126,74
37.394,-108.75,2064,ssp126,57
37.394,-103.75,2064,ssp126,75
37.394,-98.75,2064,ssp126,73
37.394,-93.75,2064,ssp126,67
37.394,-88.75,2064,ssp126,66
37.394,-83.75,2064,ssp126,79
37.394,-78.75,2064,ssp126,79
37.394,-73.75,2064,ssp126,18
37.394,-68.75,2064,ssp126,2
39.93,-123.75,2064,ssp126,60
39.93,-118.75,2064,ssp126,78
39.93,-113.75,2064,ssp126,69
39.93,-108.75,2064,ssp126,67
39.93,-103.75,2064,ssp126,75
39.93,-98.75,2064,ssp126,81
39.93,-93.75,2064,ssp126,71
39.93,-88.75,2064,ssp126,62
39.93,-83.75,2064,ssp126,60
39.93,-78.75,2064,ssp126,76
39.93,-73.75,2064,ssp126,90
39.93,-68.75,2064,ssp126,33
42.465,-123.75,2064,ssp126,120
42.465,-118.75,2064,ssp126,87
42.465,-113.75,2064,ssp126,70
42.465,-108.75,2064,ssp126,77
42.465,-103.75,2064,ssp126,76
42.465,-98.75,2064,ssp126,69
42.465,-93.75,2064,ssp126,64
42.465,-88.75,2064,ssp126,70
42.465,-83.75,2064,ssp126,73
42.465,-78.75,2064,ssp126,79
42.465,-73.75,2064,ssp126,72
42.465,-68.75,2064,ssp126,98
45.0,-123.75,2064,ssp126,103
45.0,-118.75,2064,ssp126,92
45.0,-113.75,2064,ssp126,86
45.0,-108.75,2064,ssp126,66
45.0,-103.75,2064,ssp126,66
45.0,-98.75,2064,ssp126,66
45.0,-93.75,2064,ssp126,70
45.0,-88.75,2064,ssp126,76
45.0,-83.75,2064,ssp126,82
45.0,-78.75,2064,ssp126,73
45.0,-73.75,2064,ssp126,82
45.0,-68.75,2064,ssp126,87
47.535,-123.75,2064,ssp126,100
47.535,-118.75,2064,ssp126,86
47.535,-113.75,2064,ssp126,78
47.535,-108.75,2064,ssp126,72
47.535,-103.75,2064,ssp126,66
47.535,-98.75,2064,ssp126,69
47.535,-93.75,2064,ssp126,72
47.535,-88.75,2064,ssp126,75
47.535,-83.75,2064,ssp126,79
47.535,-78.75,2064,ssp126,84
47.535,-73.75,2064,ssp126,73
47.535,-68.75,2064,ssp126,78
24.718,-123.75,2065,ssp126,0
24.718,-118.75,2065,ssp126,0
24.718,-113.75,2065,ssp126,0
24.718,-108.75,2065,ssp126,0
24.718,-103.75,2065,ssp126,72
24.718,-98.75,2065,ssp126,6
24.718,-93.75,2065,ssp126,0
24.718,-88.75,2065,ssp126,0
24.718,-83.75,2065,ssp126,0
24.718,-78.75,2065,ssp126,0
24.718,-73.75,2065,ssp126,0
24.718,-68.75,2065,ssp126,0
27.254,-123.75,2065,ssp126,0
27.254,-118.75,2065,ssp126,0
27.254,-113.75,2065,ssp126,0
27.254,-108.75,2065,ssp126,26
27.254,-103.75,2065,ssp126,65
27.254,-98.75,2065,ssp126,21
27.254,-93.75,2065,ssp126,0
27.254,-88.75,2065,ssp126,0
27.254,-83.75,2065,ssp126,0
27.254,-78.75,2065,ssp126,0
27.254,-73.75,2065,ssp126,0
27.254,-68.75,2065,ssp126,0
29.789,-123.75,2065,ssp126,0
29.789,-118.75,2065,ssp126,0
29.789,-113.75,2065,ssp126,2
29.789,-108.75,2065,ssp126,119
29.789,-103.75,2065,ssp126,84
29.789,-98.75,2065,ssp126,52
29.789,-93.75,2065,ssp126,26
29.789,-88.75,2065,ssp126,10
29.789,-83.75,2065,ssp126,10
29.789,-78.75,2065,ssp126,0
29.789,-73.75,2065,ssp126,0
29.789,-68.75,2065,ssp126,0
32.324,-123.75,2065,ssp126,0
32.324,-118.75,2065,ssp126,0
32.324,-113.75,2065,ssp126,50
32.324,-108.75,2065,ssp126,122
32.324,-103.75,2065,ssp126,101
32.324,-98.75,2065,ssp126,84
32.324,-93.75,2065,ssp126,70
32.324,-88.75,2065,ssp126,62
32.324,-83.75,2065,ssp126,50
32.324,-78.75,2065,ssp126,3
32.324,-73.75,2065,ssp126,0
32.324,-68.75,2065,ssp126,0
34.859,-123.75,2065,ssp126,2
34.859,-118.75,2065,ssp126,63
34.859,-113.75,2065,ssp126,118
34.859,-108.75,2065,ssp126,95
34.859,-103.75,2065,ssp126,93
34.859,-98.75,2065,ssp126,88
34.859,-93.75,2065,ssp126,77
34.859,-88.75,2065,ssp126,72
34.859,-83.75,2065,ssp126,74
34.859,-78.75,2065,ssp126,53
34.859,-73.75,2065,ssp126,3
34.859,-68.75,2065,ssp126,0
37.394,-123.75,2065,ssp126,8
37.394,-118.75,2065,ssp126,133
37.394,-113.75,2065,ssp126,94
37.394,-108.75,2065,ssp126,77
37.394,-103.75,2065,ssp126,76
37.394,-98.75,2065,ssp126,67
37.394,-93.75,2065,ssp126,61
37.394,-88.75,2065,ssp126,71
37.394,-83.75,2065,ssp126,64
37.394,-78.75,2065,ssp126,72
37.394,-73.75,2065,ssp126,21
37.394,-68.75,2065,ssp126,6
39.93,-123.75,2065,ssp126,57
39.93,-118.75,2065,ssp126,116
39.93,-113.75,2065,ssp126,94
39.93,-108.75,2065,ssp126,74
39.93,-103.75,2065,ssp126,70
39.93,-98.75,2065,ssp126,48
39.93,-93.75,2065,ssp126,41
39.93,-88.75,2065,ssp126,60
39.93,-83.75,2065,ssp126,61
39.93,-78.75,2065,ssp126,73
39.93,-73.75,2065,ssp126,96
39.93,-68.75,2065,ssp126,36
42.465,-123.75,2065,ssp126,121
42.465,-118.75,2065,ssp126,101
42.465,-113.75,2065,ssp126,90
42.465,-108.75,2065,ssp126,74
42.465,-103.75,2065,ssp126,68
42.465,-98.75,2065,ssp126,47
42.465,-93.75,2065,ssp126,42
42.465,-88.75,2065,ssp126,50
42.465,-83.75,2065,ssp126,56
42.465,-78.75,2065,ssp126,69
42.465,-73.75,2065,ssp126,63
42.465,-68.75,2065,ssp126,116
45.0,-123.75,2065,ssp126,98
45.0,-118.75,2065,ssp126,115
45.0,-113.75,2065,ssp126,79
45.0,-108.75,2065,ssp126,72
45.0,-103.75,2065,ssp126,62
45.0,-98.75,2065,ssp126,42
45.0,-93.75,2065,ssp126,44
45.0,-88.75,2065,ssp126,42
45.0,-83.75,2065,ssp126,57
45.0,-78.75,2065,ssp126,63
45.0,-73.75,2065,ssp126,56
45.0,-68.75,2065,ssp126,54
47.535,-123.75,2065,ssp126,101
47.535,-118.75,2065,ssp126,107
47.535,-113.75,2065,ssp126,86
47.535,-108.75,2065,ssp126,89
47.535,-103.75,2065,ssp126,54
47.535,-98.75,2065,ssp126,47
47.535,-93.75,2065,ssp126,51
47.535,-88.75,2065,ssp126,47
47.535,-83.75,2065,ssp126,65
47.535,-78.75,2065,ssp126,58
47.535,-73.75,2065,ssp126,47
47.535,-68.75,2065,ssp126,51
24.718,-123.75,2066,ssp126,0
24.718,-118.75,2066,ssp126,0
24.718,-113.75,2066,ssp126,0
24.718,-108.75,2066,ssp126,0
24.718,-103.75,2066,ssp126,85
24.718,-98.75,2066,ssp126,8
24.718,-93.75,2066,ssp126,0
24.718,-88.75,2066,ssp126,0
24.718,-83.75,2066,ssp126,0
24.718,-78.75,2066,ssp126,0
24.718,-73.75,2066,ssp126,0
24.718,-68.75,2066,ssp126,0
27.254,-123.75,2066,ssp126,0
27.254,-118.75,2066,ssp126,0
27.254,-113.75,2066,ssp126,0
27.254,-108.75,2066,ssp126,25
27.254,-103.75,2066,ssp126,68
27.254,-98.75,2066,ssp126,13
27.254,-93.75,2066,ssp126,2
27.254,-88.75,2066,ssp126,1
27.254,-83.75,2066,ssp126,2
27.254,-78.75,2066,ssp126,0
27.254,-73.75,2066,ssp126,0
27.254,-68.75,2066,ssp126,0
29.789,-123.75,2066,ssp126,0
29.789,-118.75,2066,ssp126,0
29.789,-113.75,2066,ssp126,7
29.789,-108.75,2066,ssp126,110
29.789,-103.75,2066,ssp126,85
29.789,-98.75,2066,ssp126,46
29.789,-93.75,2066,ssp126,18
29.789,-88.75,2066,ssp126,9
29.789,-83.75,2066,ssp126,22
29.789,-78.75,2066,ssp126,1
29.789,-73.75,2066,ssp126,0
29.789,-68.75,2066,ssp126,0
32.324,-123.75,2066,ssp126,0
32.324,-118.75,2066,ssp126,0
32.324,-113.75,2066,ssp126,40
32.324,-108.75,2066,ssp126,120
32.324,-103.75,2066,ssp126,101
32.324,-98.75,2066,ssp126,74
32.324,-93.75,2066,ssp126,64
32.324,-88.75,2066,ssp126,64
32.324,-83.75,2066,ssp126,64
32.324,-78.75,2066,ssp126,11
32.324,-73.75,2066,ssp126,0
32.324,-68.75,2066,ssp126,0
34.859,-123.75,2066,ssp126,0
34.859,-118.75,2066,ssp126,43
34.859,-113.75,2066,ssp126,128
34.859,-108.75,2066,ssp126,79
34.859,-103.75,2066,ssp126,97
34.859,-98.75,2066,ssp126,86
34.859,-93.75,2066,ssp126,85
34.859,-88.75,2066,ssp126,87
34.859,-83.75,2066,ssp126,90
34.859,-78.75,2066,ssp126,70
34.859,-73.75,2066,ssp126,7
34.859,-68.75,2066,ssp126,0
37.394,-123.75,2066,ssp126,2
37.394,-118.75,2066,ssp126,150
37.394,-113.75,2066,ssp126,96
37.394,-108.75,2066,ssp126,70
37.394,-103.75,2066,ssp126,65
37.394,-98.75,2066,ssp126,81
37.394,-93.75,2066,ssp126,70
37.394,-88.75,2066,ssp126,81
37.394,-83.75,2066,ssp126,88
37.394,-78.75,2066,ssp126,90
37.394,-73.75,2066,ssp126,51
37.394,-68.75,2066,ssp126,9
39.93,-123.75,2066,ssp126,23
39.93,-118.75,2066,ssp126,122
39.93,-113.75,2066,ssp126,89
39.93,-108.75,2066,ssp126,71
39.93,-103.75,2066,ssp126,65
39.93,-98.75,2066,ssp126,66
39.93,-93.75,2066,ssp126,57
39.93,-88.75,2066,ssp126,74
39.93,-83.75,2066,ssp126,74
39.93,-78.75,2066,ssp126,73
39.93,-73.75,2066,ssp126,107
39.93,-68.75,2066,ssp126,82
42.465,-123.75,2066,ssp126,114
42.465,-118.75,2066,ssp126,125
42.465,-113.75,2066,ssp126,89
42.465,-108.75,2066,ssp126,82
42.465,-103.75,2066,ssp126,65
42.465,-98.75,2066,ssp126,57
42.465,-93.75,2066,ssp126,50
42.465,-88.75,2066,ssp126,65
42.465,-83.75,2066,ssp126,71
42.465,-78.75,2066,ssp126,76
42.465,-73.75,2066,ssp126,74
42.465,-68.75,2066,ssp126,134
45.0,-123.75,2066,ssp126,60
45.0,-118.75,2066,ssp126,152
45.0,-113.75,2066,ssp126,88
45.0,-108.75,2066,ssp126,78
45.0,-103.75,2066,ssp126,68
45.0,-98.75,2066,ssp126,55
45.0,-93.75,2066,ssp126,51
45.0,-88.75,2066,ssp126,56
45.0,-83.75,2066,ssp126,66
45.0,-78.75,2066,ssp126,70
45.0,-73.75,2066,ssp126,63
45.0,-68.75,2066,ssp126,77
47.535,-123.75,2066,ssp126,77
47.535,-118.75,2066,ssp126,135
47.535,-113.75,2066,ssp126,97
47.535,-108.75,2066,ssp126,61
47.535,-103.75,2066,ssp126,57
47.535,-98.75,2066,ssp126,54
47.535,-93.75,2066,ssp126,59
47.535,-88.75,2066,ssp126,52
47.535,-83.75,2066,ssp126,68
47.535,-78.75,2066,ssp126,60
47.535,-73.75,2066,ssp126,59
47.535,-68.75,2066,ssp126,57
24.718,-123.75,2067,ssp126,0
24.718,-118.75,2067,ssp126,0
24.718,-113.75,2067,ssp126,0
24.718,-108.75,2067,ssp126,0
24.718,-103.75,2067,ssp126,61
24.718,-98.75,2067,ssp126,2
24.718,-93.75,2067,ssp126,0
24.718,-88.75,2067,ssp126,0
24.718,-83.75,2067,ssp126,0
24.718,-78.75,2067,ssp126,0
24.718,-73.75,2067,ssp126,0
24.718,-68.75,2067,ssp126,0
27.254,-123.75,2067,ssp126,0
27.254,-118.75,2067,ssp126,0
27.254,-113.75,2067,ssp126,0
27.254,-108.75,2067,ssp126,22
27.254,-103.75,2067,ssp126,58
27.254,-98.75,2067,ssp126,7
27.254,-93.75,2067,ssp126,0
27.254,-88.75,2067,ssp126,0
27.254,-83.75,2067,ssp126,0
27.254,-78.75,2067,ssp126,0
27.254,-73.75,2067,ssp126,0
27.254,-68.75,2067,ssp126,0
29.789,-123.75,2067,ssp126,0
29.789,-118.75,2067,ssp126,0
29.789,-113.75,2067,ssp126,8
29.789,-108.75,2067,ssp126,98
29.789,-103.75,2067,ssp126,77
29.789,-98.75,2067,ssp126,40
29.789,-93.75,2067,ssp126,14
29.789,-88.75,2067,ssp126,8
29.789,-83.75,2067,ssp126,10
29.789,-78.75,2067,ssp126,0
29.789,-73.75,2067,ssp126,0
29.789,-68.75,2067,ssp126,0
32.324,-123.75,2067,ssp126,0
32.324,-118.75,2067,ssp126,2
32.324,-113.75,2067,ssp126,61
32.324,-108.75,2067,ssp126,110
32.324,-103.75,2067,ssp126,101
32.324,-98.75,2067,ssp126,59
32.324,-93.75,2067,ssp126,45
32.324,-88.75,2067,ssp126,46
32.324,-83.75,2067,ssp126,47
32.324,-78.75,2067,ssp126,5
32.324,-73.75,2067,ssp126,0
32.324,-68.75,2067,ssp126,0
34.859,-123.75,2067,ssp126,2
34.859,-118.75,2067,ssp126,84
34.859,-113.75,2067,ssp126,126
34.859,-108.75,2067,ssp126,81
34.859,-103.75,2067,ssp126,93
34.859,-98.75,2067,ssp126,92
34.859,-93.75,2067,ssp126,64
34.859,-88.75,2067,ssp126,56
34.859,-83.75,2067,ssp126,62
34.859,-78.75,2067,ssp126,51
34.859,-73.75,2067,ssp126,3
34.859,-68.75,2067,ssp126,0
37.394,-123.75,2067,ssp126,13
37.394,-118.75,2067,ssp126,119
37.394,-113.75,2067,ssp126,71
37.394,-108.75,2067,ssp126,86
37.394,-103.75,2067,ssp126,86
37.394,-98.75,2067,ssp126,94
37.394,-93.75,2067,ssp126,83
37.394,-88.75,2067,ssp126,66
37.394,-83.75,2067,ssp126,68
37.394,-78.75,2067,ssp126,66
37.394,-73.75,2067,ssp126,22
37.394,-68.75,2067,ssp126,3
39.93,-123.75,2067,ssp126,60
39.93,-118.75,2067,ssp126,99
39.93,-113.75,2067,ssp126,76
39.93,-108.75,2067,ssp126,80
39.93,-103.75,2067,ssp126,71
39.93,-98.75,2067,ssp126,88
39.93,-93.75,2067,ssp126,84
39.93,-88.75,2067,ssp126,84
39.93,-83.75,2067,ssp126,83
39.93,-78.75,2067,ssp126,89
39.93,-73.75,2067,ssp126,80
39.93,-68.75,2067,ssp126,44
42.465,-123.75,2067,ssp126,129
42.465,-118.75,2067,ssp126,100
42.465,-113.75,2067,ssp126,86
42.465,-108.75,2067,ssp126,73
42.465,-103.75,2067,ssp126,63
42.465,-98.75,2067,ssp126,72
42.465,-93.75,2067,ssp126,63
42.465,-88.75,2067,ssp126,92
42.465,-83.75,2067,ssp126,98
42.465,-78.75,2067,ssp126,95
42.465,-73.75,2067,ssp126,88
42.465,-68.75,2067,ssp126,103
45.0,-123.75,2067,ssp126,102
45.0,-118.75,2067,ssp126,111
45.0,-113.75,2067,ssp126,87
45.0,-108.75,2067,ssp126,67
45.0,-103.75,2067,ssp126,76
45.0,-98.75,2067,ssp126,58
45.0,-93.75,2067,ssp126,54
45.0,-88.75,2067,ssp126,79
45.0,-83.75,2067,ssp126,92
45.0,-78.75,2067,ssp126,89
45.0,-73.75,2067,ssp126,73
45.0,-68.75,2067,ssp126,80
47.535,-123.75,2067,ssp126,106
47.535,-118.75,2067,ssp126,102
47.535,-113.75,2067,ssp126,69
47.535,-108.75,2067,ssp126,67
47.535,-103.75,2067,ssp126,62
47.535,-98.75,2067,ssp126,57
47.535,-93.75,2067,ssp126,52
47.535,-88.75,2067,ssp126,82
47.535,-83.75,2067,ssp126,58
47.535,-78.75,2067,ssp126,56
47.535,-73.75,2067,ssp126,64
47.535,-68.75,2067,ssp126,60
24.718,-123.75,2068,ssp126,0
24.718,-118.75,2068,ssp126,0
24.718,-113.75,2068,ssp126,0
24.718,-108.75,2068,ssp126,0
24.718,-103.75,2068,ssp126,87
24.718,-98.75,2068,ssp126,14
24.718,-93.75,2068,ssp126,0
24.718,-88.75,2068,ssp126,0
24.718,-83.75,2068,ssp126,0
24.718,-78.75,2068,ssp126,0
24.718,-73.75,2068,ssp126,0
24.718,-68.75,2068,ssp126,0
27.254,-123.75,2068,ssp126,0
27.254,-118.75,2068,ssp126,0
27.254,-113.75,2068,ssp126,0
27.254,-108.75,2068,ssp126,41
27.254,-103.75,2068,ssp126,62
27.254,-98.75,2068,ssp126,28
27.254,-93.75,2068,ssp126,0
27.254,-88.75,2068,ssp126,0
27.254,-83.75,2068,ssp126,4
27.254,-78.75,2068,ssp126,0
27.254,-73.75,2068,ssp126,0
27.254,-68.75,2068,ssp126,0
29.789,-123.75,2068,ssp126,0
29.789,-118.75,2068,ssp126,0
29.789,-113.75,2068,ssp126,13
29.789,-108.75,2068,ssp126,94
29.789,-103.75,2068,ssp126,74
29.789,-98.75,2068,ssp126,58
29.789,-93.75,2068,ssp126,39
29.789,-88.75,2068,ssp126,16
29.789,-83.75,2068,ssp126,18
29.789,-78.75,2068,ssp126,2
29.789,-73.75,2068,ssp126,0
29.789,-68.75,2068,ssp126,0
32.324,-123.75,2068,ssp126,0
32.324,-118.75,2068,ssp126,0
32.324,-113.75,2068,ssp126,58
32.324,-108.75,2068,ssp126,98
32.324,-103.75,2068,ssp126,71
32.324,-98.75,2068,ssp126,64
32.324,-93.75,2068,ssp126,67
32.324,-88.75,2068,ssp126,60
32.324,-83.75,2068,ssp126,42
32.324,-78.75,2068,ssp126,10
32.324,-73.75,2068,ssp126,2
32.324,-68.75,2068,ssp126,0
34.859,-123.75,2068,ssp126,0
34.859,-118.75,2068,ssp126,81
34.859,-113.75,2068,ssp126,107
34.859,-108.75,2068,ssp126,89
34.859,-103.75,2068,ssp126,79
34.859,-98.75,2068,ssp126,65
34.859,-93.75,2068,ssp126,65
34.859,-88.75,2068,ssp126,62
34.859,-83.75,2068,ssp126,78
34.859,-78.75,2068,ssp126,62
34.859,-73.75,2068,ssp126,9
34.859,-68.75,2068,ssp126,0
37.394,-123.75,2068,ssp126,6
37.394,-118.75,2068,ssp126,114
37.394,-113.75,2068,ssp126,75
37.394,-108.75,2068,ssp126,74
37.394,-103.75,2068,ssp126,67
37.394,-98.75,2068,ssp126,59
37.394,-93.75,2068,ssp126,62
37.394,-88.75,2068,ssp126,58
37.394,-83.75,2068,ssp126,56
37.394,-78.75,2068,ssp126,62
37.394,-73.75,2068,ssp126,29
37.394,-68.75,2068,ssp126,8
39.93,-123.75,2068,ssp126,80
39.93,-118.75,2068,ssp126,76
39.93,-113.75,2068,ssp126,77
39.93,-108.75,2068,ssp126,71
39.93,-103.75,2068,ssp126,65
39.93,-98.75,2068,ssp126,51
39.93,-93.75,2068,ssp126,48
39.93,-88.75,2068,ssp126,60
39.93,-83.75,2068,ssp126,56
39.93,-78.75,2068,ssp126,57
39.93,-73.75,2068,ssp126,77
39.93,-68.75,2068,ssp126,72
42.465,-123.75,2068,ssp126,140
42.465,-118.75,2068,ssp126,85
42.465,-113.75,2068,ssp126,77
42.465,-108.75,2068,ssp126,70
42.465,-103.75,2068,ssp126,72
42.465,-98.75,2068,ssp126,52
42.465,-93.75,2068,ssp126,40
42.465,-88.75,2068,ssp126,62
42.465,-83.75,2068,ssp126,64
42.465,-78.75,2068,ssp126,61
42.465,-73.75,2068,ssp126,56
42.465,-68.75,2068,ssp126,88
45.0,-123.75,2068,ssp126,117
45.0,-118.75,2068,ssp126,104
45.0,-113.75,2068,ssp126,78
45.0,-108.75,2068,ssp126,76
45.0,-103.75,2068,ssp126,69
45.0,-98.75,2068,ssp126,52
45.0,-93.75,2068,ssp126,45
45.0,-88.75,2068,ssp126,55
45.0,-83.75,2068,ssp126,66
45.0,-78.75,2068,ssp126,58
45.0,-73.75,2068,ssp126,57
45.0,-68.75,2068,ssp126,62
47.535,-123.75,2068,ssp126,121
47.535,-118.75,2068,ssp126,85
47.535,-113.75,2068,ssp126,86
47.535,-108.75,2068,ssp126,79
47.535,-103.75,2068,ssp126,59
47.535,-98.75,2068,ssp126,49
47.535,-93.75,2068,ssp126,45
47.535,-88.75,2068,ssp126,52
47.535,-83.75,2068,ssp126,55
47.535,-78.75,2068,ssp126,55
47.535,-73.75,2068,ssp126,53
47.535,-68.75,2068,ssp126,62
24.718,-123.75,2069,ssp126,0
24.718,-118.75,2069,ssp126,0
24.718,-113.75,2069,ssp126,0
24.718,-108.75,2069,ssp126,0
24.718,-103.75,2069,ssp126,44
24.718,-98.75,2069,ssp126,5
24.718,-93.75,2069,ssp126,0
24.718,-88.75,2069,ssp126,0
24.718,-83.75,2069,ssp126,0
24.718,-78.75,2069,ssp126,0
24.718,-73.75,2069,ssp126,0
24.718,-68.75,2069,ssp126,0
27.254,-123.75,2069,ssp126,0
27.254,-118.75,2069,ssp126,0
27.254,-113.75,2069,ssp126,0
27.254,-108.75,2069,ssp126,23
27.254,-103.75,2069,ssp126,53
27.254,-98.75,2069,ssp126,18
27.254,-93.75,2069,ssp126,0
27.254,-88.75,2069,ssp126,0
27.254,-83.75,2069,ssp126,0
27.254,-78.75,2069,ssp126,0
27.254,-73.75,2069,ssp126,0
27.254,-68.75,2069,ssp126,0
29.789,-123.75,2069,ssp126,0
29.789,-118.75,2069,ssp126,0
29.789,-113.75,2069,ssp126,5
29.789,-108.75,2069,ssp126,84
29.789,-103.75,2069,ssp126,75
29.789,-98.75,2069,ssp126,49
29.789,-93.75,2069,ssp126,21
29.789,-88.75,2069,ssp126,12
29.789,-83.75,2069,ssp126,18
29.789,-78.75,2069,ssp126,0
29.789,-73.75,2069,ssp126,0
29.789,-68.75,2069,ssp126,0
32.324,-123.75,2069,ssp126,0
32.324,-118.75,2069,ssp126,0
32.324,-113.75,2069,ssp126,60
32.324,-108.75,2069,ssp126,124
32.324,-103.75,2069,ssp126,99
32.324,-98.75,2069,ssp126,80
32.324,-93.75,2069,ssp126,62
32.324,-88.75,2069,ssp126,59
32.324,-83.75,2069,ssp126,57
32.324,-78.75,2069,ssp126,10
32.324,-73.75,2069,ssp126,0
32.324,-68.75,2069,ssp126,0
34.859,-123.75,2069,ssp126,0
34.859,-118.75,2069,ssp126,61
34.859,-113.75,2069,ssp126,142
34.859,-108.75,2069,ssp126,87
34.859,-103.75,2069,ssp126,89
34.859,-98.75,2069,ssp126,83
34.859,-93.75,2069,ssp126,75
34.859,-88.75,2069,ssp126,62
34.859,-83.75,2069,ssp126,57
34.859,-78.75,2069,ssp126,64
34.859,-73.75,2069,ssp126,8
34.859,-68.75,2069,ssp126,0
37.394,-123.75,2069,ssp126,5
37.394,-118.75,2069,ssp126,135
37.394,-113.75,2069,ssp126,89
37.394,-108.75,2069,ssp126,91
37.394,-103.75,2069,ssp126,78
37.394,-98.75,2069,ssp126,68
37.394,-93.75,2069,ssp126,65
37.394,-88.75,2069,ssp126,61
37.394,-83.75,2069,ssp126,55
37.394,-78.75,2069,ssp126,59
37.394,-73.75,2069,ssp126,36
37.394,-68.75,2069,ssp126,6
39.93,-123.75,2069,ssp126,63
39.93,-118.75,2069,ssp126,97
39.93,-113.75,2069,ssp126,91
39.93,-108.75,2069,ssp126,80
39.93,-103.75,2069,ssp126,75
39.93,-98.75,2069,ssp126,57
39.93,-93.75,2069,ssp126,51
39.93,-88.75,2069,ssp126,47
39.93,-83.75,2069,ssp126,49
39.93,-78.75,2069,ssp126,52
39.93,-73.75,2069,ssp126,77
39.93,-68.75,2069,ssp126,64
42.465,-123.75,2069,ssp126,120
42.465,-118.75,2069,ssp126,105
42.465,-113.75,2069,ssp126,89
42.465,-108.75,2069,ssp126,81
42.465,-103.75,2069,ssp126,70
42.465,-98.75,2069,ssp126,48
42.465,-93.75,2069,ssp126,46
42.465,-88.75,2069,ssp126,49
42.465,-83.75,2069,ssp126,46
42.465,-78.75,2069,ssp126,55
42.465,-73.75,2069,ssp126,45
42.465,-68.75,2069,ssp126,100
45.0,-123.75,2069,ssp126,93
45.0,-118.75,2069,ssp126,142
45.0,-113.75,2069,ssp126,76
45.0,-108.75,2069,ssp126,77
45.0,-103.75,2069,ssp126,59
45.0,-98.75,2069,ssp126,39
45.0,-93.75,2069,ssp126,49
45.0,-88.75,2069,ssp126,52
45.0,-83.75,2069,ssp126,57
45.0,-78.75,2069,ssp126,51
45.0,-73.75,2069,ssp126,38
45.0,-68.75,2069,ssp126,41
47.535,-123.75,2069,ssp126,96
47.535,-118.75,2069,ssp126,104
47.535,-113.75,2069,ssp126,72
47.535,-108.75,2069,ssp126,69
47.535,-103.75,2069,ssp126,59
47.535,-98.75,2069,ssp126,44
47.535,-93.75,2069,ssp126,52
47.535,-88.75,2069,ssp126,53
47.535,-83.75,2069,ssp126,52
47.535,-78.75,2069,ssp126,54
47.535,-73.75,2069,ssp126,44
47.535,-68.75,2069,ssp126,38
24.718,-123.75,2070,ssp126,0
24.718,-118.75,2070,ssp126,0
24.718,-113.75,2070,ssp126,0
24.718,-108.75,2070,ssp126,0
24.718,-103.75,2070,ssp126,74
24.718,-98.75,2070,ssp126,10
24.718,-93.75,2070,ssp126,0
24.718,-88.75,2070,ssp126,0
24.718,-83.75,2070,ssp126,0
24.718,-78.75,2070,ssp126,0
24.718,-73.75,2070,ssp126,0
24.718,-68.75,2070,ssp126,0
27.254,-123.75,2070,ssp126,0
27.254,-118.75,2070,ssp126,0
27.254,-113.75,2070,ssp126,0
27.254,-108.75,2070,ssp126,27
27.254,-103.75,2070,ssp126,61
27.254,-98.75,2070,ssp126,24
27.254,-93.75,2070,ssp126,0
27.254,-88.75,2070,ssp126,0
27.254,-83.75,2070,ssp126,0
27.254,-78.75,2070,ssp126,0
27.254,-73.75,2070,ssp126,0
27.254,-68.75,2070,ssp126,0
29.789,-123.75,2070,ssp126,0
29.789,-118.75,2070,ssp126,0
29.789,-113.75,2070,ssp126,3
29.789,-108.75,2070,ssp126,92
29.789,-103.75,2070,ssp126,71
29.789,-98.75,2070,ssp126,56
29.789,-93.75,2070,ssp126,24
29.789,-88.75,2070,ssp126,8
29.789,-83.75,2070,ssp126,29
29.789,-78.75,2070,ssp126,0
29.789,-73.75,2070,ssp126,0
29.789,-68.75,2070,ssp126,0
32.324,-123.75,2070,ssp126,0
32.324,-118.75,2070,ssp126,0
32.324,-113.75,2070,ssp126,43
32.324,-108.75,2070,ssp126,114
32.324,-103.75,2070,ssp126,100
32.324,-98.75,2070,ssp126,71
32.324,-93.75,2070,ssp126,66
32.324,-88.75,2070,ssp126,62
32.324,-83.75,2070,ssp126,61
32.324,-78.75,2070,ssp126,6
32.324,-73.75,2070,ssp126,0
32.324,-68.75,2070,ssp126,0
34.859,-123.75,2070,ssp126,0
34.859,-118.75,2070,ssp126,41
34.859,-113.75,2070,ssp126,122
34.859,-108.75,2070,ssp126,84
34.859,-103.75,2070,ssp126,102
34.859,-98.75,2070,ssp126,88
34.859,-93.75,2070,ssp126,76
34.859,-88.75,2070,ssp126,69
34.859,-83.75,2070,ssp126,62
34.859,-78.75,2070,ssp126,59
34.859,-73.75,2070,ssp126,2
34.859,-68.75,2070,ssp126,0
37.394,-123.75,2070,ssp126,0
37.394,-118.75,2070,ssp126,143
37.394,-113.75,2070,ssp126,76
37.394,-108.75,2070,ssp126,68
37.394,-103.75,2070,ssp126,79
37.394,-98.75,2070,ssp126,91
37.394,-93.75,2070,ssp126,87
37.394,-88.75,2070,ssp126,76
37.394,-83.75,2070,ssp126,76
37.394,-78.75,2070,ssp126,72
37.394,-73.75,2070,ssp126,31
37.394,-68.75,2070,ssp126,4
39.93,-123.75,2070,ssp126,22
39.93,-118.75,2070,ssp126,116
39.93,-113.75,2070,ssp126,73
39.93,-108.75,2070,ssp126,83
39.93,-103.75,2070,ssp126,78
39.93,-98.75,2070,ssp126,90
39.93,-93.75,2070,ssp126,79
39.93,-88.75,2070,ssp126,85
39.93,-83.75,2070,ssp126,79
39.93,-78.75,2070,ssp126,84
39.93,-73.75,2070,ssp126,91
39.93,-68.75,2070,ssp126,54
42.465,-123.75,2070,ssp126,88
42.465,-118.75,2070,ssp126,115
42.465,-113.75,2070,ssp126,90
42.465,-108.75,2070,ssp126,74
42.465,-103.75,2070,ssp126,72
42.465,-98.75,2070,ssp126,70
42.465,-93.75,2070,ssp126,69
42.465,-88.75,2070,ssp126,89
42.465,-83.75,2070,ssp126,83
42.465,-78.75,2070,ssp126,81
42.465,-73.75,2070,ssp126,72
42.465,-68.75,2070,ssp126,103
45.0,-123.75,2070,ssp126,62
45.0,-118.75,2070,ssp126,131
45.0,-113.75,2070,ssp126,103
45.0,-108.75,2070,ssp126,76
45.0,-103.75,2070,ssp126,71
45.0,-98.75,2070,ssp126,61
45.0,-93.75,2070,ssp126,62
45.0,-88.75,2070,ssp126,82
45.0,-83.75,2070,ssp126,86
45.0,-78.75,2070,ssp126,82
45.0,-73.75,2070,ssp126,60
45.0,-68.75,2070,ssp126,56
47.535,-123.75,2070,ssp126,77
47.535,-118.75,2070,ssp126,116
47.535,-113.75,2070,ssp126,83
47.535,-108.75,2070,ssp126,65
47.535,-103.75,2070,ssp126,52
47.535,-98.75,2070,ssp126,57
47.535,-93.75,2070,ssp126,52
47.535,-88.75,2070,ssp126,73
47.535,-83.75,2070,ssp126,63
47.535,-78.75,2070,ssp126,57
47.535,-73.75,2070,ssp126,63
47.535,-68.75,2070,ssp126,58
24.718,-123.75,2071,ssp126,0
24.718,-118.75,2071,ssp126,0
24.718,-113.75,2071,ssp126,0
24.718,-108.75,2071,ssp126,0
24.718,-103.75,2071,ssp126,72
24.718,-98.75,2071,ssp126,8
24.718,-93.75,2071,ssp126,0
24.718,-88.75,2071,ssp126,0
24.718,-83.75,2071,ssp126,0
24.718,-78.75,2071,ssp126,0
24.718,-73.75,2071,ssp126,0
24.718,-68.75,2071,ssp126,0
27.254,-123.75,2071,ssp126,0
27.254,-118.75,2071,ssp126,0
27.254,-113.75,2071,ssp126,0
27.254,-108.75,2071,ssp126,45
27.254,-103.75,2071,ssp126,66
27.254,-98.75,2071,ssp126,25
27.254,-93.75,2071,ssp126,0
27.254,-88.75,2071,ssp126,0
27.254,-83.75,2071,ssp126,0
27.254,-78.75,2071,ssp126,0
27.254,-73.75,2071,ssp126,0
27.254,-68.75,2071,ssp126,0
29.789,-123.75,2071,ssp126,0
29.789,-118.75,2071,ssp126,0
29.789,-113.75,2071,ssp126,2
29.789,-108.75,2071,ssp126,110
29.789,-103.75,2071,ssp126,75
29.789,-98.75,2071,ssp126,46
29.789,-93.75,2071,ssp126,27
29.789,-88.75,2071,ssp126,9
29.789,-83.75,2071,ssp126,14
29.789,-78.75,2071,ssp126,0
29.789,-73.75,2071,ssp126,0
29.789,-68.75,2071,ssp126,0
32.324,-123.75,2071,ssp126,0
32.324,-118.75,2071,ssp126,1
32.324,-113.75,2071,ssp126,67
32.324,-108.75,2071,ssp126,103
32.324,-103.75,2071,ssp126,97
32.324,-98.75,2071,ssp126,78
32.324,-93.75,2071,ssp126,55
32.324,-88.75,2071,ssp126,59
32.324,-83.75,2071,ssp126,59
32.324,-78.75,2071,ssp126,3
32.324,-73.75,2071,ssp126,0
32.324,-68.75,2071,ssp126,0
34.859,-123.75,2071,ssp126,3
34.859,-118.75,2071,ssp126,68
34.859,-113.75,2071,ssp126,124
34.859,-108.75,2071,ssp126,89
34.859,-103.75,2071,ssp126,78
34.859,-98.75,2071,ssp126,88
34.859,-93.75,2071,ssp126,73
34.859,-88.75,2071,ssp126,72
34.859,-83.75,2071,ssp126,87
34.859,-78.75,2071,ssp126,77
34.859,-73.75,2071,ssp126,0
34.859,-68.75,2071,ssp126,0
37.394,-123.75,2071,ssp126,5
37.394,-118.75,2071,ssp126,134
37.394,-113.75,2071,ssp126,87
37.394,-108.75,2071,ssp126,82
37.394,-103.75,2071,ssp126,47
37.394,-98.75,2071,ssp126,78
37.394,-93.75,2071,ssp126,84
37.394,-88.75,2071,ssp126,84
37.394,-83.75,2071,ssp126,78
37.394,-78.75,2071,ssp126,81
37.394,-73.75,2071,ssp126,34
37.394,-68.75,2071,ssp126,1
39.93,-123.75,2071,ssp126,49
39.93,-118.75,2071,ssp126,108
39.93,-113.75,2071,ssp126,83
39.93,-108.75,2071,ssp126,79
39.93,-103.75,2071,ssp126,37
39.93,-98.75,2071,ssp126,56
39.93,-93.75,2071,ssp126,68
39.93,-88.75,2071,ssp126,72
39.93,-83.75,2071,ssp126,64
39.93,-78.75,2071,ssp126,64
39.93,-73.75,2071,ssp126,118
39.93,-68.75,2071,ssp126,67
42.465,-123.75,2071,ssp126,135
42.465,-118.75,2071,ssp126,96
42.465,-113.75,2071,ssp126,84
42.465,-108.75,2071,ssp126,74
42.465,-103.75,2071,ssp126,46
42.465,-98.75,2071,ssp126,36
42.465,-93.75,2071,ssp126,46
42.465,-88.75,2071,ssp126,56
42.465,-83.75,2071,ssp126,67
42.465,-78.75,2071,ssp126,76
42.465,-73.75,2071,ssp126,58
42.465,-68.75,2071,ssp126,143
45.0,-123.75,2071,ssp126,111
45.0,-118.75,2071,ssp126,102
45.0,-113.75,2071,ssp126,68
45.0,-108.75,2071,ssp126,65
45.0,-103.75,2071,ssp126,49
45.0,-98.75,2071,ssp126,34
45.0,-93.75,2071,ssp126,35
45.0,-88.75,2071,ssp126,45
45.0,-83.75,2071,ssp126,62
45.0,-78.75,2071,ssp126,69
45.0,-73.75,2071,ssp126,57
45.0,-68.75,2071,ssp126,70
47.535,-123.75,2071,ssp126,115
47.535,-118.75,2071,ssp126,77
47.535,-113.75,2071,ssp126,73
47.535,-108.75,2071,ssp126,51
47.535,-103.75,2071,ssp126,39
47.535,-98.75,2071,ssp126,38
47.535,-93.75,2071,ssp126,35
47.535,-88.75,2071,ssp126,56
47.535,-83.75,2071,ssp126,56
47.535,-78.75,2071,ssp126,56
47.535,-73.75,2071,ssp126,49
47.535,-68.75,2071,ssp126,47
24.718,-123.75,2072,ssp126,0
24.718,-118.75,2072,ssp126,0
24.718,-113.75,2072,ssp126,0
24.718,-108.75,2072,ssp126,0
24.718,-103.75,2072,ssp126,56
24.718,-98.75,2072,ssp126,10
24.718,-93.75,2072,ssp126,0
24.718,-88.75,2072,ssp126,0
24.718,-83.75,2072,ssp126,0
24.718,-78.75,2072,ssp126,0
24.718,-73.75,2072,ssp126,0
24.718,-68.75,2072,ssp126,0
27.254,-123.75,2072,ssp126,0
27.254,-118.75,2072,ssp126,0
27.254,-113.75,2072,ssp126,6
27.254,-108.75,2072,ssp126,31
27.254,-103.75,2072,ssp126,53
27.254,-98.75,2072,ssp126,19
27.254,-93.75,2072,ssp126,0
27.254,-88.75,2072,ssp126,0
27.254,-83.75,2072,ssp126,0
27.254,-78.75,2072,ssp126,0
27.254,-73.75,2072,ssp126,0
27.254,-68.75,2072,ssp126,0
29.789,-123.75,2072,ssp126,0
29.789,-118.75,2072,ssp126,0
29.789,-113.75,2072,ssp126,21
29.789,-108.75,2072,ssp126,84
29.789,-103.75,2072,ssp126,70
29.789,-98.75,2072,ssp126,39
29.789,-93.75,2072,ssp126,21
29.789,-88.75,2072,ssp126,6
29.789,-83.75,2072,ssp126,14
29.789,-78.75,2072,ssp126,0
29.789,-73.75,2072,ssp126,0
29.789,-68.75,2072,ssp126,0
32.324,-123.75,2072,ssp126,2
32.324,-118.75,2072,ssp126,11
32.324,-113.75,2072,ssp126,57
32.324,-108.75,2072,ssp126,82
32.324,-103.75,2072,ssp126,83
32.324,-98.75,2072,ssp126,64
32.324,-93.75,2072,ssp126,46
32.324,-88.75,2072,ssp126,43
32.324,-83.75,2072,ssp126,37
32.324,-78.75,2072,ssp126,5
32.324,-73.75,2072,ssp126,0
32.324,-68.75,2072,ssp126,0
34.859,-123.75,2072,ssp126,9
34.859,-118.75,2072,ssp126,62
34.859,-113.75,2072,ssp126,90
34.859,-108.75,2072,ssp126,96
34.859,-103.75,2072,ssp126,80
34.859,-98.75,2072,ssp126,69
34.859,-93.75,2072,ssp126,66
34.859,-88.75,2072,ssp126,62
34.859,-83.75,2072,ssp126,54
34.859,-78.75,2072,ssp126,42
34.859,-73.75,2072,ssp126,3
34.859,-68.75,2072,ssp126,0
37.394,-123.75,2072,ssp126,20
37.394,-118.75,2072,ssp126,127
37.394,-113.75,2072,ssp126,91
37.394,-108.75,2072,ssp126,74
37.394,-103.75,2072,ssp126,68
37.394,-98.75,2072,ssp126,64
37.394,-93.75,2072,ssp126,59
37.394,-88.75,2072,ssp126,69
37.394,-83.75,2072,ssp126,80
37.394,-78.75,2072,ssp126,79
37.394,-73.75,2072,ssp126,21
37.394,-68.75,2072,ssp126,3
39.93,-123.75,2072,ssp126,68
39.93,-118.75,2072,ssp126,102
39.93,-113.75,2072,ssp126,69
39.93,-108.75,2072,ssp126,73
39.93,-103.75,2072,ssp126,77
39.93,-98.75,2072,ssp126,63
39.93,-93.75,2072,ssp126,61
39.93,-88.75,2072,ssp126,56
39.93,-83.75,2072,ssp126,61
39.93,-78.75,2072,ssp126,66
39.93,-73.75,2072,ssp126,95
39.93,-68.75,2072,ssp126,49
42.465,-123.75,2072,ssp126,146
42.465,-118.75,2072,ssp126,97
42.465,-113.75,2072,ssp126,64
42.465,-108.75,2072,ssp126,59
42.465,-103.75,2072,ssp126,77
42.465,-98.75,2072,ssp126,72
42.465,-93.75,2072,ssp126,55
42.465,-88.75,2072,ssp126,57
42.465,-83.75,2072,ssp126,58
42.465,-78.75,2072,ssp126,68
42.465,-73.75,2072,ssp126,56
42.465,-68.75,2072,ssp126,126
45.0,-123.75,2072,ssp126,120
45.0,-118.75,2072,ssp126,117
45.0,-113.75,2072,ssp126,58
45.0,-108.75,2072,ssp126,67
45.0,-103.75,2072,ssp126,80
45.0,-98.75,2072,ssp126,57
45.0,-93.75,2072,ssp126,37
45.0,-88.75,2072,ssp126,34
45.0,-83.75,2072,ssp126,56
45.0,-78.75,2072,ssp126,53
45.0,-73.75,2072,ssp126,54
45.0,-68.75,2072,ssp126,57
47.535,-123.75,2072,ssp126,127
47.535,-118.75,2072,ssp126,109
47.535,-113.75,2072,ssp126,70
47.535,-108.75,2072,ssp126,78
47.535,-103.75,2072,ssp126,59
47.535,-98.75,2072,ssp126,45
47.535,-93.75,2072,ssp126,35
47.535,-88.75,2072,ssp126,42
47.535,-83.75,2072,ssp126,43
47.535,-78.75,2072,ssp126,49
47.535,-73.75,2072,ssp126,51
47.535,-68.75,2072,ssp126,52
24.718,-123.75,2073,ssp126,0
24.718,-118.75,2073,ssp126,0
24.718,-113.75,2073,ssp126,0
24.718,-108.75,2073,ssp126,0
24.718,-103.75,2073,ssp126,83
24.718,-98.75,2073,ssp126,7
24.718,-93.75,2073,ssp126,0
24.718,-88.75,2073,ssp126,0
24.718,-83.75,2073,ssp126,0
24.718,-78.75,2073,ssp126,0
24.718,-73.75,2073,ssp126,0
24.718,-68.75,2073,ssp126,0
27.254,-123.75,2073,ssp126,0
27.254,-118.75,2073,ssp126,0
27.254,-113.75,2073,ssp126,0
27.254,-108.75,2073,ssp126,39
27.254,-103.75,2073,ssp126,71
27.254,-98.75,2073,ssp126,19
27.254,-93.75,2073,ssp126,0
27.254,-88.75,2073,ssp126,0
27.254,-83.75,2073,ssp126,1
27.254,-78.75,2073,ssp126,0
27.254,-73.75,2073,ssp126,0
27.254,-68.75,2073,ssp126,0
29.789,-123.75,2073,ssp126,0
29.789,-118.75,2073,ssp126,0
29.789,-113.75,2073,ssp126,10
29.789,-108.75,2073,ssp126,103
29.789,-103.75,2073,ssp126,79
29.789,-98.75,2073,ssp126,36
29.789,-93.75,2073,ssp126,21
29.789,-88.75,2073,ssp126,13
29.789,-83.75,2073,ssp126,11
29.789,-78.75,2073,ssp126,0
29.789,-73.75,2073,ssp126,0
29.789,-68.75,2073,ssp126,0
32.324,-123.75,2073,ssp126,0
32.324,-118.75,2073,ssp126,0
32.324,-113.75,2073,ssp126,53
32.324,-108.75,2073,ssp126,108
32.324,-103.75,2073,ssp126,96
32.324,-98.75,2073,ssp126,69
32.324,-93.75,2073,ssp126,37
32.324,-88.75,2073,ssp126,38
32.324,-83.75,2073,ssp126,36
32.324,-78.75,2073,ssp126,8
32.324,-73.75,2073,ssp126,0
32.324,-68.75,2073,ssp126,0
34.859,-123.75,2073,ssp126,0
34.859,-118.75,2073,ssp126,48
34.859,-113.75,2073,ssp126,114
34.859,-108.75,2073,ssp126,92
34.859,-103.75,2073,ssp126,104
34.859,-98.75,2073,ssp126,84
34.859,-93.75,2073,ssp126,68
34.859,-88.75,2073,ssp126,63
34.859,-83.75,2073,ssp126,70
34.859,-78.75,2073,ssp126,51
34.859,-73.75,2073,ssp126,5
34.859,-68.75,2073,ssp126,0
37.394,-123.75,2073,ssp126,2
37.394,-118.75,2073,ssp126,133
37.394,-113.75,2073,ssp126,106
37.394,-108.75,2073,ssp126,98
37.394,-103.75,2073,ssp126,87
37.394,-98.75,2073,ssp126,91
37.394,-93.75,2073,ssp126,80
37.394,-88.75,2073,ssp126,64
37.394,-83.75,2073,ssp126,67
37.394,-78.75,2073,ssp126,70
37.394,-73.75,2073,ssp126,34
37.394,-68.75,2073,ssp126,0
39.93,-123.75,2073,ssp126,38
39.93,-118.75,2073,ssp126,118
39.93,-113.75,2073,ssp126,105
39.93,-108.75,2073,ssp126,85
39.93,-103.75,2073,ssp126,91
39.93,-98.75,2073,ssp126,91
39.93,-93.75,2073,ssp126,74
39.93,-88.75,2073,ssp126,64
39.93,-83.75,2073,ssp126,67
39.93,-78.75,2073,ssp126,71
39.93,-73.75,2073,ssp126,73
39.93,-68.75,2073,ssp126,58
42.465,-123.75,2073,ssp126,93
42.465,-118.75,2073,ssp126,117
42.465,-113.75,2073,ssp126,103
42.465,-108.75,2073,ssp126,71
42.465,-103.75,2073,ssp126,89
42.465,-98.75,2073,ssp126,77
42.465,-93.75,2073,ssp126,77
42.465,-88.75,2073,ssp126,73
42.465,-83.75,2073,ssp126,78
42.465,-78.75,2073,ssp126,69
42.465,-73.75,2073,ssp126,60
42.465,-68.75,2073,ssp126,88
45.0,-123.75,2073,ssp126,74
45.0,-118.75,2073,ssp126,110
45.0,-113.75,2073,ssp126,94
45.0,-108.75,2073,ssp126,77
45.0,-103.75,2073,ssp126,88
45.0,-98.75,2073,ssp126,69
45.0,-93.75,2073,ssp126,68
45.0,-88.75,2073,ssp126,76
45.0,-83.75,2073,ssp126,75
45.0,-78.75,2073,ssp126,61
45.0,-73.75,2073,ssp126,61
45.0,-68.75,2073,ssp126,64
47.535,-123.75,2073,ssp126,87
47.535,-118.75,2073,ssp126,102
47.535,-113.75,2073,ssp126,94
47.535,-108.75,2073,ssp126,87
47.535,-103.75,2073,ssp126,76
47.535,-98.75,2073,ssp126,70
47.535,-93.75,2073,ssp126,66
47.535,-88.75,2073,ssp126,63
47.535,-83.75,2073,ssp126,60
47.535,-78.75,2073,ssp126,63
47.535,-73.75,2073,ssp126,62
47.535,-68.75,2073,ssp126,63
24.718,-123.75,2074,ssp126,0
24.718,-118.75,2074,ssp126,0
24.718,-113.75,2074,ssp126,0
24.718,-108.75,2074,ssp126,0
24.718,-103.75,2074,ssp126,67
24.718,-98.75,2074,ssp126,8
24.718,-93.75,2074,ssp126,0
24.718,-88.75,2074,ssp126,0
24.718,-83.75,2074,ssp126,0
24.718,-78.75,2074,ssp126,0
24.718,-73.75,2074,ssp126,0
24.718,-68.75,2074,ssp126,0
27.254,-123.75,2074,ssp126,0
27.254,-118.75,2074,ssp126,0
27.254,-113.75,2074,ssp126,0
27.254,-108.75,2074,ssp126,47
27.254,-103.75,2074,ssp126,60
27.254,-98.75,2074,ssp126,29
27.254,-93.75,2074,ssp126,0
27.254,-88.75,2074,ssp126,0
27.254,-83.75,2074,ssp126,0
27.254,-78.75,2074,ssp126,0
27.254,-73.75,2074,ssp126,0
27.254,-68.75,2074,ssp126,0
29.789,-123.75,2074,ssp126,0
29.789,-118.75,2074,ssp126,0
29.789,-113.75,2074,ssp126,24
29.789,-108.75,2074,ssp126,94
29.789,-103.75,2074,ssp126,75
29.789,-98.75,2074,ssp126,52
29.789,-93.75,2074,ssp126,28
29.789,-88.75,2074,ssp126,11
29.789,-83.75,2074,ssp126,16
29.789,-78.75,2074,ssp126,0
29.789,-73.75,2074,ssp126,0
29.789,-68.75,2074,ssp126,0
32.324,-123.75,2074,ssp126,0
32.324,-118.75,2074,ssp126,0
32.324,-113.75,2074,ssp126,70
32.324,-108.75,2074,ssp126,91
32.324,-103.75,2074,ssp126,79
32.324,-98.75,2074,ssp126,62
32.324,-93.75,2074,ssp126,56
32.324,-88.75,2074,ssp126,52
32.324,-83.75,2074,ssp126,45
32.324,-78.75,2074,ssp126,9
32.324,-73.75,2074,ssp126,0
32.324,-68.75,2074,ssp126,0
34.859,-123.75,2074,ssp126,0
34.859,-118.75,2074,ssp126,89
34.859,-113.75,2074,ssp126,111
34.859,-108.75,2074,ssp126,71
34.859,-103.75,2074,ssp126,76
34.859,-98.75,2074,ssp126,63
34.859,-93.75,2074,ssp126,58
34.859,-88.75,2074,ssp126,56
34.859,-83.75,2074,ssp126,60
34.859,-78.75,2074,ssp126,50
34.859,-73.75,2074,ssp126,7
34.859,-68.75,2074,ssp126,0
37.394,-123.75,2074,ssp126,5
37.394,-118.75,2074,ssp126,98
37.394,-113.75,2074,ssp126,68
37.394,-108.75,2074,ssp126,65
37.394,-103.75,2074,ssp126,62
37.394,-98.75,2074,ssp126,68
37.394,-93.75,2074,ssp126,57
37.394,-88.75,2074,ssp126,60
37.394,-83.75,2074,ssp126,65
37.394,-78.75,2074,ssp126,61
37.394,-73.75,2074,ssp126,29
37.394,-68.75,2074,ssp126,3
39.93,-123.75,2074,ssp126,73
39.93,-118.75,2074,ssp126,66
39.93,-113.75,2074,ssp126,58
39.93,-108.75,2074,ssp126,67
39.93,-103.75,2074,ssp126,64
39.93,-98.75,2074,ssp126,67
39.93,-93.75,2074,ssp126,60
39.93,-88.75,2074,ssp126,57
39.93,-83.75,2074,ssp126,60
39.93,-78.75,2074,ssp126,70
39.93,-73.75,2074,ssp126,72
39.93,-68.75,2074,ssp126,50
42.465,-123.75,2074,ssp126,124
42.465,-118.75,2074,ssp126,76
42.465,-113.75,2074,ssp126,62
42.465,-108.75,2074,ssp126,62
42.465,-103.75,2074,ssp126,70
42.465,-98.75,2074,ssp126,65
42.465,-93.75,2074,ssp126,54
42.465,-88.75,2074,ssp126,68
42.465,-83.75,2074,ssp126,63
42.465,-78.75,2074,ssp126,68
42.465,-73.75,2074,ssp126,64
42.465,-68.75,2074,ssp126,77
45.0,-123.75,2074,ssp126,101
45.0,-118.75,2074,ssp126,93
45.0,-113.75,2074,ssp126,68
45.0,-108.75,2074,ssp126,69
45.0,-103.75,2074,ssp126,71
45.0,-98.75,2074,ssp126,65
45.0,-93.75,2074,ssp126,56
45.0,-88.75,2074,ssp126,79
45.0,-83.75,2074,ssp126,79
45.0,-78.75,2074,ssp126,73
45.0,-73.75,2074,ssp126,52
45.0,-68.75,2074,ssp126,67
47.535,-123.75,2074,ssp126,115
47.535,-118.75,2074,ssp126,94
47.535,-113.75,2074,ssp126,73
47.535,-108.75,2074,ssp126,75
47.535,-103.75,2074,ssp126,73
47.535,-98.75,2074,ssp126,50
47.535,-93.75,2074,ssp126,42
47.535,-88.75,2074,ssp126,75
47.535,-83.75,2074,ssp126,60
47.535,-78.75,2074,ssp126,59
47.535,-73.75,2074,ssp126,50
47.535,-68.75,2074,ssp126,49
24.718,-123.75,2075,ssp126,0
24.718,-118.75,2075,ssp126,0
24.718,-113.75,2075,ssp126,0
24.718,-108.75,2075,ssp126,0
24.718,-103.75,2075,ssp126,61
24.718,-98.75,2075,ssp126,2
24.718,-93.75,2075,ssp126,0
24.718,-88.75,2075,ssp126,0
24.718,-83.75,2075,ssp126,0
24.718,-78.75,2075,ssp126,0
24.718,-73.75,2075,ssp126,0
24.718,-68.75,2075,ssp126,0
27.254,-123.75,2075,ssp126,0
27.254,-118.75,2075,ssp126,0
27.254,-113.75,2075,ssp126,0
27.254,-108.75,2075,ssp126,40
27.254,-103.75,2075,ssp126,45
27.254,-98.75,2075,ssp126,12
27.254,-93.75,2075,ssp126,0
27.254,-88.75,2075,ssp126,0
27.254,-83.75,2075,ssp126,1
27.254,-78.75,2075,ssp126,0
27.254,-73.75,2075,ssp126,0
27.254,-68.75,2075,ssp126,0
29.789,-123.75,2075,ssp126,0
29.789,-118.75,2075,ssp126,0
29.789,-113.75,2075,ssp126,14
29.789,-108.75,2075,ssp126,95
29.789,-103.75,2075,ssp126,76
29.789,-98.75,2075,ssp126,31
29.789,-93.75,2075,ssp126,12
29.789,-88.75,2075,ssp126,5
29.789,-83.75,2075,ssp126,3
29.789,-78.75,2075,ssp126,0
29.789,-73.75,2075,ssp126,0
29.789,-68.75,2075,ssp126,0
32.324,-123.75,2075,ssp126,0
32.324,-118.75,2075,ssp126,2
32.324,-113.75,2075,ssp126,61
32.324,-108.75,2075,ssp126,110
32.324,-103.75,2075,ssp126,99
32.324,-98.75,2075,ssp126,81
32.324,-93.75,2075,ssp126,48
32.324,-88.75,2075,ssp126,56
32.324,-83.75,2075,ssp126,38
32.324,-78.75,2075,ssp126,4
32.324,-73.75,2075,ssp126,0
32.324,-68.75,2075,ssp126,0
34.859,-123.75,2075,ssp126,2
34.859,-118.75,2075,ssp126,72
34.859,-113.75,2075,ssp126,112
34.859,-108.75,2075,ssp126,88
34.859,-103.75,2075,ssp126,91
34.859,-98.75,2075,ssp126,88
34.859,-93.75,2075,ssp126,69
34.859,-88.75,2075,ssp126,70
34.859,-83.75,2075,ssp126,77
34.859,-78.75,2075,ssp126,61
34.859,-73.75,2075,ssp126,1
34.859,-68.75,2075,ssp126,0
37.394,-123.75,2075,ssp126,7
37.394,-118.75,2075,ssp126,124
37.394,-113.75,2075,ssp126,94
37.394,-108.75,2075,ssp126,81
37.394,-103.75,2075,ssp126,80
37.394,-98.75,2075,ssp126,92
37.394,-93.75,2075,ssp126,80
37.394,-88.75,2075,ssp126,87
37.394,-83.75,2075,ssp126,79
37.394,-78.75,2075,ssp126,70
37.394,-73.75,2075,ssp126,31
37.394,-68.75,2075,ssp126,2
39.93,-123.75,2075,ssp126,72
39.93,-118.75,2075,ssp126,109
39.93,-113.75,2075,ssp126,94
39.93,-108.75,2075,ssp126,76
39.93,-103.75,2075,ssp126,74
39.93,-98.75,2075,ssp126,76
39.93,-93.75,2075,ssp126,73
39.93,-88.75,2075,ssp126,83
39.93,-83.75,2075,ssp126,67
39.93,-78.75,2075,ssp126,64
39.93,-73.75,2075,ssp126,83
39.93,-68.75,2075,ssp126,57
42.465,-123.75,2075,ssp126,136
42.465,-118.75,2075,ssp126,108
42.465,-113.75,2075,ssp126,87
42.465,-108.75,2075,ssp126,73
42.465,-103.75,2075,ssp126,60
42.465,-98.75,2075,ssp126,65
42.465,-93.75,2075,ssp126,60
42.465,-88.75,2075,ssp126,71
42.465,-83.75,2075,ssp126,61
42.465,-78.75,2075,ssp126,65
42.465,-73.75,2075,ssp126,62
42.465,-68.75,2075,ssp126,97
45.0,-123.75,2075,ssp126,118
45.0,-118.75,2075,ssp126,103
45.0,-113.75,2075,ssp126,70
45.0,-108.75,2075,ssp126,68
45.0,-103.75,2075,ssp126,60
45.0,-98.75,2075,ssp126,49
45.0,-93.75,2075,ssp126,52
45.0,-88.75,2075,ssp126,50
45.0,-83.75,2075,ssp126,67
45.0,-78.75,2075,ssp126,66
45.0,-73.75,2075,ssp126,55
45.0,-68.75,2075,ssp126,70
47.535,-123.75,2075,ssp126,106
47.535,-118.75,2075,ssp126,93
47.535,-113.75,2075,ssp126,78
47.535,-108.75,2075,ssp126,70
47.535,-103.75,2075,ssp126,53
47.535,-98.75,2075,ssp126,42
47.535,-93.75,2075,ssp126,41
47.535,-88.75,2075,ssp126,41
47.535,-83.75,2075,ssp126,54
47.535,-78.75,2075,ssp126,61
47.535,-73.75,2075,ssp126,51
47.535,-68.75,2075,ssp126,68
24.718,-123.75,2076,ssp126,0
24.718,-118.75,2076,ssp126,0
24.718,-113.75,2076,ssp126,0
24.718,-108.75,2076,ssp126,0
24.718,-103.75,2076,ssp126,74
24.718,-98.75,2076,ssp126,9
24.718,-93.75,2076,ssp126,0
24.718,-88.75,2076,ssp126,0
24.718,-83.75,2076,ssp126,0
24.718,-78.75,2076,ssp126,0
24.718,-73.75,2076,ssp126,0
24.718,-68.75,2076,ssp126,0
27.254,-123.75,2076,ssp126,0
27.254,-118.75,2076,ssp126,0
27.254,-113.75,2076,ssp126,0
27.254,-108.75,2076,ssp126,27
27.254,-103.75,2076,ssp126,67
27.254,-98.75,2076,ssp126,17
27.254,-93.75,2076,ssp126,0
27.254,-88.75,2076,ssp126,0
27.254,-83.75,2076,ssp126,0
27.254,-78.75,2076,ssp126,0
27.254,-73.75,2076,ssp126,0
27.254,-68.75,2076,ssp126,0
29.789,-123.75,2076,ssp126,0
29.789,-118.75,2076,ssp126,0
29.789,-113.75,2076,ssp126,9
29.789,-108.75,2076,ssp126,108
29.789,-103.75,2076,ssp126,88
29.789,-98.75,2076,ssp126,47
29.789,-93.75,2076,ssp126,23
29.789,-88.75,2076,ssp126,6
29.789,-83.75,2076,ssp126,5
29.789,-78.75,2076,ssp126,0
29.789,-73.75,2076,ssp126,0
29.789,-68.75,2076,ssp126,0
32.324,-123.75,2076,ssp126,0
32.324,-118.75,2076,ssp126,0
32.324,-113.75,2076,ssp126,47
32.324,-108.75,2076,ssp126,119
32.324,-103.75,2076,ssp126,98
32.324,-98.75,2076,ssp126,71
32.324,-93.75,2076,ssp126,51
32.324,-88.75,2076,ssp126,49
32.324,-83.75,2076,ssp126,45
32.324,-78.75,2076,ssp126,2
32.324,-73.75,2076,ssp126,0
32.324,-68.75,2076,ssp126,0
34.859,-123.75,2076,ssp126,0
34.859,-118.75,2076,ssp126,44
34.859,-113.75,2076,ssp126,136
34.859,-108.75,2076,ssp126,101
34.859,-103.75,2076,ssp126,101
34.859,-98.75,2076,ssp126,81
34.859,-93.75,2076,ssp126,76
34.859,-88.75,2076,ssp126,77
34.859,-83.75,2076,ssp126,81
34.859,-78.75,2076,ssp126,52
34.859,-73.75,2076,ssp126,1
34.859,-68.75,2076,ssp126,0
37.394,-123.75,2076,ssp126,1
37.394,-118.75,2076,ssp126,163
37.394,-113.75,2076,ssp126,108
37.394,-108.75,2076,ssp126,75
37.394,-103.75,2076,ssp126,79
37.394,-98.75,2076,ssp126,88
37.394,-93.75,2076,ssp126,82
37.394,-88.75,2076,ssp126,78
37.394,-83.75,2076,ssp126,83
37.394,-78.75,2076,ssp126,90
37.394,-73.75,2076,ssp126,21
37.394,-68.75,2076,ssp126,1
39.93,-123.75,2076,ssp126,37
39.93,-118.75,2076,ssp126,111
39.93,-113.75,2076,ssp126,90
39.93,-108.75,2076,ssp126,75
39.93,-103.75,2076,ssp126,68
39.93,-98.75,2076,ssp126,83
39.93,-93.75,2076,ssp126,89
39.93,-88.75,2076,ssp126,86
39.93,-83.75,2076,ssp126,90
39.93,-78.75,2076,ssp126,97
39.93,-73.75,2076,ssp126,88
39.93,-68.75,2076,ssp126,45
42.465,-123.75,2076,ssp126,113
42.465,-118.75,2076,ssp126,114
42.465,-113.75,2076,ssp126,87
42.465,-108.75,2076,ssp126,73
42.465,-103.75,2076,ssp126,72
42.465,-98.75,2076,ssp126,71
42.465,-93.75,2076,ssp126,81
42.465,-88.75,2076,ssp126,107
42.465,-83.75,2076,ssp126,95
42.465,-78.75,2076,ssp126,100
42.465,-73.75,2076,ssp126,79
42.465,-68.75,2076,ssp126,115
45.0,-123.75,2076,ssp126,82
45.0,-118.75,2076,ssp126,123
45.0,-113.75,2076,ssp126,72
45.0,-108.75,2076,ssp126,82
45.0,-103.75,2076,ssp126,72
45.0,-98.75,2076,ssp126,58
45.0,-93.75,2076,ssp126,53
45.0,-88.75,2076,ssp126,90
45.0,-83.75,2076,ssp126,103
45.0,-78.75,2076,ssp126,89
45.0,-73.75,2076,ssp126,59
45.0,-68.75,2076,ssp126,76
47.535,-123.75,2076,ssp126,106
47.535,-118.75,2076,ssp126,106
47.535,-113.75,2076,ssp126,86
47.535,-108.75,2076,ssp126,77
47.535,-103.75,2076,ssp126,58
47.535,-98.75,2076,ssp126,49
47.535,-93.75,2076,ssp126,51
47.535,-88.75,2076,ssp126,70
47.535,-83.75,2076,ssp126,64
47.535,-78.75,2076,ssp126,56
47.535,-73.75,2076,ssp126,54
47.535,-68.75,2076,ssp126,41
24.718,-123.75,2077,ssp126,0
24.718,-118.75,2077,ssp126,0
24.718,-113.75,2077,ssp126,0
24.718,-108.75,2077,ssp126,0
24.718,-103.75,2077,ssp126,89
24.718,-98.75,2077,ssp126,11
24.718,-93.75,2077,ssp126,0
24.718,-88.75,2077,ssp126,0
24.718,-83.75,2077,ssp126,0
24.718,-78.75,2077,ssp126,0
24.718,-73.75,2077,ssp126,0
24.718,-68.75,2077,ssp126,0
27.254,-123.75,2077,ssp126,0
27.254,-118.75,2077,ssp126,0
27.254,-113.75,2077,ssp126,0
27.254,-108.75,2077,ssp126,40
27.254,-103.75,2077,ssp126,64
27.254,-98.75,2077,ssp126,24
27.254,-93.75,2077,ssp126,0
27.254,-88.75,2077,ssp126,0
27.254,-83.75,2077,ssp126,0
27.254,-78.75,2077,ssp126,0
27.254,-73.75,2077,ssp126,0
27.254,-68.75,2077,ssp126,0
29.789,-123.75,2077,ssp126,0
29.789,-118.75,2077,ssp126,0
29.789,-113.75,2077,ssp126,5
29.789,-108.75,2077,ssp126,102
29.789,-103.75,2077,ssp126,74
29.789,-98.75,2077,ssp126,46
29.789,-93.75,2077,ssp126,35
29.789,-88.75,2077,ssp126,21
29.789,-83.75,2077,ssp126,26
29.789,-78.75,2077,ssp126,0
29.789,-73.75,2077,ssp126,0
29.789,-68.75,2077,ssp126,0
32.324,-123.75,2077,ssp126,0
32.324,-118.75,2077,ssp126,0
32.324,-113.75,2077,ssp126,46
32.324,-108.75,2077,ssp126,118
32.324,-103.75,2077,ssp126,97
32.324,-98.75,2077,ssp126,69
32.324,-93.75,2077,ssp126,64
32.324,-88.75,2077,ssp126,62
32.324,-83.75,2077,ssp126,56
32.324,-78.75,2077,ssp126,12
32.324,-73.75,2077,ssp126,0
32.324,-68.75,2077,ssp126,0
34.859,-123.75,2077,ssp126,0
34.859,-118.75,2077,ssp126,46
34.859,-113.75,2077,ssp126,132
34.859,-108.75,2077,ssp126,94
34.859,-103.75,2077,ssp126,93
34.859,-98.75,2077,ssp126,75
34.859,-93.75,2077,ssp126,80
34.859,-88.75,2077,ssp126,79
34.859,-83.75,2077,ssp126,80
34.859,-78.75,2077,ssp126,77
34.859,-73.75,2077,ssp126,4
34.859,-68.75,2077,ssp126,0
37.394,-123.75,2077,ssp126,0
37.394,-118.75,2077,ssp126,155
37.394,-113.75,2077,ssp126,105
37.394,-108.75,2077,ssp126,81
37.394,-103.75,2077,ssp126,93
37.394,-98.75,2077,ssp126,75
37.394,-93.75,2077,ssp126,65
37.394,-88.75,2077,ssp126,78
37.394,-83.75,2077,ssp126,80
37.394,-78.75,2077,ssp126,72
37.394,-73.75,2077,ssp126,37
37.394,-68.75,2077,ssp126,3
39.93,-123.75,2077,ssp126,29
39.93,-118.75,2077,ssp126,137
39.93,-113.75,2077,ssp126,90
39.93,-108.75,2077,ssp126,79
39.93,-103.75,2077,ssp126,87
39.93,-98.75,2077,ssp126,69
39.93,-93.75,2077,ssp126,54
39.93,-88.75,2077,ssp126,61
39.93,-83.75,2077,ssp126,67
39.93,-78.75,2077,ssp126,67
39.93,-73.75,2077,ssp126,109
39.93,-68.75,2077,ssp126,80
42.465,-123.75,2077,ssp126,131
42.465,-118.75,2077,ssp126,111
42.465,-113.75,2077,ssp126,90
42.465,-108.75,2077,ssp126,60
42.465,-103.75,2077,ssp126,88
42.465,-98.75,2077,ssp126,60
42.465,-93.75,2077,ssp126,57
42.465,-88.75,2077,ssp126,66
42.465,-83.75,2077,ssp126,73
42.465,-78.75,2077,ssp126,72
42.465,-73.75,2077,ssp126,57
42.465,-68.75,2077,ssp126,141
45.0,-123.75,2077,ssp126,95
45.0,-118.75,2077,ssp126,137
45.0,-113.75,2077,ssp126,65
45.0,-108.75,2077,ssp126,71
45.0,-103.75,2077,ssp126,77
45.0,-98.75,2077,ssp126,51
45.0,-93.75,2077,ssp126,47
45.0,-88.75,2077,ssp126,58
45.0,-83.75,2077,ssp126,77
45.0,-78.75,2077,ssp126,60
45.0,-73.75,2077,ssp126,39
45.0,-68.75,2077,ssp126,45
47.535,-123.75,2077,ssp126,113
47.535,-118.75,2077,ssp126,98
47.535,-113.75,2077,ssp126,82
47.535,-108.75,2077,ssp126,74
47.535,-103.75,2077,ssp126,59
47.535,-98.75,2077,ssp126,43
47.535,-93.75,2077,ssp126,39
47.535,-88.75,2077,ssp126,59
47.535,-83.75,2077,ssp126,42
47.535,-78.75,2077,ssp126,45
47.535,-73.75,2077,ssp126,37
47.535,-68.75,2077,ssp126,33
24.718,-123.75,2078,ssp126,0
24.718,-118.75,2078,ssp126,0
24.718,-113.75,2078,ssp126,0
24.718,-108.75,2078,ssp126,0
24.718,-103.75,2078,ssp126,51
24.718,-98.75,2078,ssp126,2
24.718,-93.75,2078,ssp126,0
24.718,-88.75,2078,ssp126,0
24.718,-83.75,2078,ssp126,0
24.718,-78.75,2078,ssp126,0
24.718,-73.75,2078,ssp126,0
24.718,-68.75,2078,ssp126,0
27.254,-123.75,2078,ssp126,0
27.254,-118.75,2078,ssp126,0
27.254,-113.75,2078,ssp126,0
27.254,-108.75,2078,ssp126,20
27.254,-103.75,2078,ssp126,36
27.254,-98.75,2078,ssp126,9
27.254,-93.75,2078,ssp126,0
27.254,-88.75,2078,ssp126,0
27.254,-83.75,2078,ssp126,0
27.254,-78.75,2078,ssp126,0
27.254,-73.75,2078,ssp126,0
27.254,-68.75,2078,ssp126,0
29.789,-123.75,2078,ssp126,0
29.789,-118.75,2078,ssp126,0
29.789,-113.75,2078,ssp126,3
29.789,-108.75,2078,ssp126,56
29.789,-103.75,2078,ssp126,49
29.789,-98.75,2078,ssp126,28
29.789,-93.75,2078,ssp126,11
29.789,-88.75,2078,ssp126,3
29.789,-83.75,2078,ssp126,4
29.789,-78.75,2078,ssp126,0
29.789,-73.75,2078,ssp126,0
29.789,-68.75,2078,ssp126,0
32.324,-123.75,2078,ssp126,0
32.324,-118.75,2078,ssp126,0
32.324,-113.75,2078,ssp126,39
32.324,-108.75,2078,ssp126,115
32.324,-103.75,2078,ssp126,82
32.324,-98.75,2078,ssp126,48
32.324,-93.75,2078,ssp126,35
32.324,-88.75,2078,ssp126,34
32.324,-83.75,2078,ssp126,30
32.324,-78.75,2078,ssp126,4
32.324,-73.75,2078,ssp126,0
32.324,-68.75,2078,ssp126,0
34.859,-123.75,2078,ssp126,0
34.859,-118.75,2078,ssp126,40
34.859,-113.75,2078,ssp126,116
34.859,-108.75,2078,ssp126,128
34.859,-103.75,2078,ssp126,118
34.859,-98.75,2078,ssp126,81
34.859,-93.75,2078,ssp126,59
34.859,-88.75,2078,ssp126,54
34.859,-83.75,2078,ssp126,57
34.859,-78.75,2078,ssp126,35
34.859,-73.75,2078,ssp126,2
34.859,-68.75,2078,ssp126,0
37.394,-123.75,2078,ssp126,0
37.394,-118.75,2078,ssp126,136
37.394,-113.75,2078,ssp126,103
37.394,-108.75,2078,ssp126,95
37.394,-103.75,2078,ssp126,104
37.394,-98.75,2078,ssp126,85
37.394,-93.75,2078,ssp126,81
37.394,-88.75,2078,ssp126,69
37.394,-83.75,2078,ssp126,79
37.394,-78.75,2078,ssp126,74
37.394,-73.75,2078,ssp126,21
37.394,-68.75,2078,ssp126,7
39.93,-123.75,2078,ssp126,41
39.93,-118.75,2078,ssp126,113
39.93,-113.75,2078,ssp126,91
39.93,-108.75,2078,ssp126,79
39.93,-103.75,2078,ssp126,96
39.93,-98.75,2078,ssp126,81
39.93,-93.75,2078,ssp126,72
39.93,-88.75,2078,ssp126,70
39.93,-83.75,2078,ssp126,75
39.93,-78.75,2078,ssp126,82
39.93,-73.75,2078,ssp126,74
39.93,-68.75,2078,ssp126,37
42.465,-123.75,2078,ssp126,111
42.465,-118.75,2078,ssp126,117
42.465,-113.75,2078,ssp126,101
42.465,-108.75,2078,ssp126,70
42.465,-103.75,2078,ssp126,88
42.465,-98.75,2078,ssp126,82
42.465,-93.75,2078,ssp126,74
42.465,-88.75,2078,ssp126,76
42.465,-83.75,2078,ssp126,80
42.465,-78.75,2078,ssp126,88
42.465,-73.75,2078,ssp126,77
42.465,-68.75,2078,ssp126,104
45.0,-123.75,2078,ssp126,96
45.0,-118.75,2078,ssp126,118
45.0,-113.75,2078,ssp126,84
45.0,-108.75,2078,ssp126,77
45.0,-103.75,2078,ssp126,82
45.0,-98.75,2078,ssp126,83
45.0,-93.75,2078,ssp126,74
45.0,-88.75,2078,ssp126,82
45.0,-83.75,2078,ssp126,78
45.0,-78.75,2078,ssp126,82
45.0,-73.75,2078,ssp126,76
45.0,-68.75,2078,ssp126,77
47.535,-123.75,2078,ssp126,83
47.535,-118.75,2078,ssp126,114
47.535,-113.75,2078,ssp126,94
47.535,-108.75,2078,ssp126,87
47.535,-103.75,2078,ssp126,73
47.535,-98.75,2078,ssp126,70
47.535,-93.75,2078,ssp126,69
47.535,-88.75,2078,ssp126,66
47.535,-83.75,2078,ssp126,78
47.535,-78.75,2078,ssp126,62
47.535,-73.75,2078,ssp126,57
47.535,-68.75,2078,ssp126,55
24.718,-123.75,2079,ssp126,0
24.718,-118.75,2079,ssp126,0
24.718,-113.75,2079,ssp126,0
24.718,-108.75,2079,ssp126,0
24.718,-103.75,2079,ssp126,57
24.718,-98.75,2079,ssp126,12
24.718,-93.75,2079,ssp126,0
24.718,-88.75,2079,ssp126,0
24.718,-83.75,2079,ssp126,0
24.718,-78.75,2079,ssp126,0
24.718,-73.75,2079,ssp126,0
24.718,-68.75,2079,ssp126,0
27.254,-123.75,2079,ssp126,0
27.254,-118.75,2079,ssp126,0
27.254,-113.75,2079,ssp126,0
27.254,-108.75,2079,ssp126,33
27.254,-103.75,2079,ssp126,44
27.254,-98.75,2079,ssp126,21
27.254,-93.75,2079,ssp126,0
27.254,-88.75,2079,ssp126,0
27.254,-83.75,2079,ssp126,0
27.254,-78.75,2079,ssp126,0
27.254,-73.75,2079,ssp126,0
27.254,-68.75,2079,ssp126,0
29.789,-123.75,2079,ssp126,0
29.789,-118.75,2079,ssp126,0
29.789,-113.75,2079,ssp126,11
29.789,-108.75,2079,ssp126,99
29.789,-103.75,2079,ssp126,74
29.789,-98.75,2079,ssp126,57
29.789,-93.75,2079,ssp126,23
29.789,-88.75,2079,ssp126,7
29.789,-83.75,2079,ssp126,7
29.789,-78.75,2079,ssp126,0
29.789,-73.75,2079,ssp126,0
29.789,-68.75,2079,ssp126,0
32.324,-123.75,2079,ssp126,0
32.324,-118.75,2079,ssp126,1
32.324,-113.75,2079,ssp126,57
32.324,-108.75,2079,ssp126,113
32.324,-103.75,2079,ssp126,98
32.324,-98.75,2079,ssp126,83
32.324,-93.75,2079,ssp126,65
32.324,-88.75,2079,ssp126,56
32.324,-83.75,2079,ssp126,41
32.324,-78.75,2079,ssp126,3
32.324,-73.75,2079,ssp126,0
32.324,-68.75,2079,ssp126,0
34.859,-123.75,2079,ssp126,0
34.859,-118.75,2079,ssp126,66
34.859,-113.75,2079,ssp126,103
34.859,-108.75,2079,ssp126,103
34.859,-103.75,2079,ssp126,94
34.859,-98.75,2079,ssp126,59
34.859,-93.75,2079,ssp126,75
34.859,-88.75,2079,ssp126,77
34.859,-83.75,2079,ssp126,72
34.859,-78.75,2079,ssp126,54
34.859,-73.75,2079,ssp126,3
34.859,-68.75,2079,ssp126,0
37.394,-123.75,2079,ssp126,5
37.394,-118.75,2079,ssp126,121
37.394,-113.75,2079,ssp126,113
37.394,-108.75,2079,ssp126,92
37.394,-103.75,2079,ssp126,92
37.394,-98.75,2079,ssp126,63
37.394,-93.75,2079,ssp126,54
37.394,-88.75,2079,ssp126,62
37.394,-83.75,2079,ssp126,74
37.394,-78.75,2079,ssp126,77
37.394,-73.75,2079,ssp126,23
37.394,-68.75,2079,ssp126,3
39.93,-123.75,2079,ssp126,76
39.93,-118.75,2079,ssp126,110
39.93,-113.75,2079,ssp126,97
39.93,-108.75,2079,ssp126,71
39.93,-103.75,2079,ssp126,78
39.93,-98.75,2079,ssp126,56
39.93,-93.75,2079,ssp126,56
39.93,-88.75,2079,ssp126,50
39.93,-83.75,2079,ssp126,60
39.93,-78.75,2079,ssp126,56
39.93,-73.75,2079,ssp126,89
39.93,-68.75,2079,ssp126,62
42.465,-123.75,2079,ssp126,122
42.465,-118.75,2079,ssp126,93
42.465,-113.75,2079,ssp126,81
42.465,-108.75,2079,ssp126,61
42.465,-103.75,2079,ssp126,74
42.465,-98.75,2079,ssp126,50
42.465,-93.75,2079,ssp126,47
42.465,-88.75,2079,ssp126,54
42.465,-83.75,2079,ssp126,56
42.465,-78.75,2079,ssp126,59
42.465,-73.75,2079,ssp126,56
42.465,-68.75,2079,ssp126,89
45.0,-123.75,2079,ssp126,107
45.0,-118.75,2079,ssp126,94
45.0,-113.75,2079,ssp126,65
45.0,-108.75,2079,ssp126,56
45.0,-103.75,2079,ssp126,60
45.0,-98.75,2079,ssp126,48
45.0,-93.75,2079,ssp126,50
45.0,-88.75,2079,ssp126,53
45.0,-83.75,2079,ssp126,67
45.0,-78.75,2079,ssp126,51
45.0,-73.75,2079,ssp126,42
45.0,-68.75,2079,ssp126,56
47.535,-123.75,2079,ssp126,101
47.535,-118.75,2079,ssp126,82
47.535,-113.75,2079,ssp126,57
47.535,-108.75,2079,ssp126,61
47.535,-103.75,2079,ssp126,52
47.535,-98.75,2079,ssp126,38
47.535,-93.75,2079,ssp126,39
47.535,-88.75,2079,ssp126,61
47.535,-83.75,2079,ssp126,45
47.535,-78.75,2079,ssp126,40
47.535,-73.75,2079,ssp126,39
47.535,-68.75,2079,ssp126,40
24.718,-123.75,2080,ssp126,0
24.718,-118.75,2080,ssp126,0
24.718,-113.75,2080,ssp126,0
24.718,-108.75,2080,ssp126,0
24.718,-103.75,2080,ssp126,87
24.718,-98.75,2080,ssp126,7
24.718,-93.75,2080,ssp126,0
24.718,-88.75,2080,ssp126,0
24.718,-83.75,2080,ssp126,0
24.718,-78.75,2080,ssp126,0
24.718,-73.75,2080,ssp126,0
24.718,-68.75,2080,ssp126,0
27.254,-123.75,2080,ssp126,0
27.254,-118.75,2080,ssp126,0
27.254,-113.75,2080,ssp126,0
27.254,-108.75,2080,ssp126,35
27.254,-103.75,2080,ssp126,60
27.254,-98.75,2080,ssp126,15
27.254,-93.75,2080,ssp126,0
27.254,-88.75,2080,ssp126,0
27.254,-83.75,2080,ssp126,0
27.254,-78.75,2080,ssp126,0
27.254,-73.75,2080,ssp126,0
27.254,-68.75,2080,ssp126,0
29.789,-123.75,2080,ssp126,0
29.789,-118.75,2080,ssp126,0
29.789,-113.75,2080,ssp126,6
29.789,-108.75,2080,ssp126,106
29.789,-103.75,2080,ssp126,80
29.789,-98.75,2080,ssp126,40
29.789,-93.75,2080,ssp126,15
29.789,-88.75,2080,ssp126,5
29.789,-83.75,2080,ssp126,6
29.789,-78.75,2080,ssp126,0
29.789,-73.75,2080,ssp126,0
29.789,-68.75,2080,ssp126,0
32.324,-123.75,2080,ssp126,0
32.324,-118.75,2080,ssp126,0
32.324,-113.75,2080,ssp126,59
32.324,-108.75,2080,ssp126,126
32.324,-103.75,2080,ssp126,97
32.324,-98.75,2080,ssp126,82
32.324,-93.75,2080,ssp126,63
32.324,-88.75,2080,ssp126,54
32.324,-83.75,2080,ssp126,46
32.324,-78.75,2080,ssp126,6
32.324,-73.75,2080,ssp126,0
32.324,-68.75,2080,ssp126,0
34.859,-123.75,2080,ssp126,0
34.859,-118.75,2080,ssp126,58
34.859,-113.75,2080,ssp126,125
34.859,-108.75,2080,ssp126,96
34.859,-103.75,2080,ssp126,98
34.859,-98.75,2080,ssp126,102
34.859,-93.75,2080,ssp126,81
34.859,-88.75,2080,ssp126,80
34.859,-83.75,2080,ssp126,82
34.859,-78.75,2080,ssp126,55
34.859,-73.75,2080,ssp126,4
34.859,-68.75,2080,ssp126,0
37.394,-123.75,2080,ssp126,0
37.394,-118.75,2080,ssp126,130
37.394,-113.75,2080,ssp126,86
37.394,-108.75,2080,ssp126,73
37.394,-103.75,2080,ssp126,70
37.394,-98.75,2080,ssp126,82
37.394,-93.75,2080,ssp126,94
37.394,-88.75,2080,ssp126,94
37.394,-83.75,2080,ssp126,87
37.394,-78.75,2080,ssp126,86
37.394,-73.75,2080,ssp126,21
37.394,-68.75,2080,ssp126,1
39.93,-123.75,2080,ssp126,21
39.93,-118.75,2080,ssp126,120
39.93,-113.75,2080,ssp126,84
39.93,-108.75,2080,ssp126,87
39.93,-103.75,2080,ssp126,56
39.93,-98.75,2080,ssp126,65
39.93,-93.75,2080,ssp126,78
39.93,-88.75,2080,ssp126,94
39.93,-83.75,2080,ssp126,90
39.93,-78.75,2080,ssp126,74
39.93,-73.75,2080,ssp126,105
39.93,-68.75,2080,ssp126,39
42.465,-123.75,2080,ssp126,130
42.465,-118.75,2080,ssp126,118
42.465,-113.75,2080,ssp126,86
42.465,-108.75,2080,ssp126,91
42.465,-103.75,2080,ssp126,55
42.465,-98.75,2080,ssp126,52
42.465,-93.75,2080,ssp126,50
42.465,-88.75,2080,ssp126,82
42.465,-83.75,2080,ssp126,88
42.465,-78.75,2080,ssp126,80
42.465,-73.75,2080,ssp126,56
42.465,-68.75,2080,ssp126,113
45.0,-123.75,2080,ssp126,76
45.0,-118.75,2080,ssp126,122
45.0,-113.75,2080,ssp126,98
45.0,-108.75,2080,ssp126,71
45.0,-103.75,2080,ssp126,50
45.0,-98.75,2080,ssp126,38
45.0,-93.75,2080,ssp126,36
45.0,-88.75,2080,ssp126,64
45.0,-83.75,2080,ssp126,82
45.0,-78.75,2080,ssp126,60
45.0,-73.75,2080,ssp126,58
45.0,-68.75,2080,ssp126,68
47.535,-123.75,2080,ssp126,89
47.535,-118.75,2080,ssp126,110
47.535,-113.75,2080,ssp126,78
47.535,-108.75,2080,ssp126,54
47.535,-103.75,2080,ssp126,42
47.535,-98.75,2080,ssp126,35
47.535,-93.75,2080,ssp126,35
47.535,-88.75,2080,ssp126,59
47.535,-83.75,2080,ssp126,55
47.535,-78.75,2080,ssp126,47
47.535,-73.75,2080,ssp126,50
47.535,-68.75,2080,ssp126,55
24.718,-123.75,2081,ssp126,0
24.718,-118.75,2081,ssp126,0
24.718,-113.75,2081,ssp126,0
24.718,-108.75,2081,ssp126,0
24.718,-103.75,2081,ssp126,68
24.718,-98.75,2081,ssp126,2
24.718,-93.75,2081,ssp126,0
24.718,-88.75,2081,ssp126,0
24.718,-83.75,2081,ssp126,0
24.718,-78.75,2081,ssp126,0
24.718,-73.75,2081,ssp126,0
24.718,-68.75,2081,ssp126,0
27.254,-123.75,2081,ssp126,0
27.254,-118.75,2081,ssp126,0
27.254,-113.75,2081,ssp126,0
27.254,-108.75,2081,ssp126,28
27.254,-103.75,2081,ssp126,51
27.254,-98.75,2081,ssp126,9
27.254,-93.75,2081,ssp126,0
27.254,-88.75,2081,ssp126,0
27.254,-83.75,2081,ssp126,0
27.254,-78.75,2081,ssp126,0
27.254,-73.75,2081,ssp126,0
27.254,-68.75,2081,ssp126,0
29.789,-123.75,2081,ssp126,0
29.789,-118.75,2081,ssp126,0
29.789,-113.75,2081,ssp126,5
29.789,-108.75,2081,ssp126,90
29.789,-103.75,2081,ssp126,60
29.789,-98.75,2081,ssp126,37
29.789,-93.75,2081,ssp126,8
29.789,-88.75,2081,ssp126,2
29.789,-83.75,2081,ssp126,4
29.789,-78.75,2081,ssp126,0
29.789,-73.75,2081,ssp126,0
29.789,-68.75,2081,ssp126,0
32.324,-123.75,2081,ssp126,0
32.324,-118.75,2081,ssp126,0
32.324,-113.75,2081,ssp126,51
32.324,-108.75,2081,ssp126,135
32.324,-103.75,2081,ssp126,103
32.324,-98.75,2081,ssp126,67
32.324,-93.75,2081,ssp126,59
32.324,-88.75,2081,ssp126,44
32.324,-83.75,2081,ssp126,33
32.324,-78.75,2081,ssp126,3
32.324,-73.75,2081,ssp126,0
32.324,-68.75,2081,ssp126,0
34.859,-123.75,2081,ssp126,2
34.859,-118.75,2081,ssp126,45
34.859,-113.75,2081,ssp126,132
34.859,-108.75,2081,ssp126,124
34.859,-103.75,2081,ssp126,120
34.859,-98.75,2081,ssp126,86
34.859,-93.75,2081,ssp126,80
34.859,-88.75,2081,ssp126,76
34.859,-83.75,2081,ssp126,71
34.859,-78.75,2081,ssp126,50
34.859,-73.75,2081,ssp126,1
34.859,-68.75,2081,ssp126,0
37.394,-123.75,2081,ssp126,6
37.394,-118.75,2081,ssp126,148
37.394,-113.75,2081,ssp126,108
37.394,-108.75,2081,ssp126,99
37.394,-103.75,2081,ssp126,116
37.394,-98.75,2081,ssp126,84
37.394,-93.75,2081,ssp126,74
37.394,-88.75,2081,ssp126,70
37.394,-83.75,2081,ssp126,71
37.394,-78.75,2081,ssp126,78
37.394,-73.75,2081,ssp126,25
37.394,-68.75,2081,ssp126,5
39.93,-123.75,2081,ssp126,43
39.93,-118.75,2081,ssp126,130
39.93,-113.75,2081,ssp126,110
39.93,-108.75,2081,ssp126,77
39.93,-103.75,2081,ssp126,97
39.93,-98.75,2081,ssp126,84
39.93,-93.75,2081,ssp126,69
39.93,-88.75,2081,ssp126,66
39.93,-83.75,2081,ssp126,71
39.93,-78.75,2081,ssp126,78
39.93,-73.75,2081,ssp126,80
39.93,-68.75,2081,ssp126,39
42.465,-123.75,2081,ssp126,119
42.465,-118.75,2081,ssp126,120
42.465,-113.75,2081,ssp126,112
42.465,-108.75,2081,ssp126,77
42.465,-103.75,2081,ssp126,78
42.465,-98.75,2081,ssp126,65
42.465,-93.75,2081,ssp126,62
42.465,-88.75,2081,ssp126,74
42.465,-83.75,2081,ssp126,78
42.465,-78.75,2081,ssp126,90
42.465,-73.75,2081,ssp126,78
42.465,-68.75,2081,ssp126,108
45.0,-123.75,2081,ssp126,74
45.0,-118.75,2081,ssp126,139
45.0,-113.75,2081,ssp126,93
45.0,-108.75,2081,ssp126,74
45.0,-103.75,2081,ssp126,69
45.0,-98.75,2081,ssp126,51
45.0,-93.75,2081,ssp126,57
45.0,-88.75,2081,ssp126,66
45.0,-83.75,2081,ssp126,75
45.0,-78.75,2081,ssp126,76
45.0,-73.75,2081,ssp126,72
45.0,-68.75,2081,ssp126,74
47.535,-123.75,2081,ssp126,93
47.535,-118.75,2081,ssp126,106
47.535,-113.75,2081,ssp126,91
47.535,-108.75,2081,ssp126,76
47.535,-103.75,2081,ssp126,55
47.535,-98.75,2081,ssp126,43
47.535,-93.75,2081,ssp126,53
47.535,-88.75,2081,ssp126,62
47.535,-83.75,2081,ssp126,63
47.535,-78.75,2081,ssp126,75
47.535,-73.75,2081,ssp126,64
47.535,-68.75,2081,ssp126,59
24.718,-123.75,2082,ssp126,0
24.718,-118.75,2082,ssp126,0
24.718,-113.75,2082,ssp126,0
24.718,-108.75,2082,ssp126,0
24.718,-103.75,2082,ssp126,66
24.718,-98.75,2082,ssp126,2
24.718,-93.75,2082,ssp126,0
24.718,-88.75,2082,ssp126,0
24.718,-83.75,2082,ssp126,0
24.718,-78.75,2082,ssp126,0
24.718,-73.75,2082,ssp126,0
24.718,-68.75,2082,ssp126,0
27.254,-123.75,2082,ssp126,0
27.254,-118.75,2082,ssp126,0
27.254,-113.75,2082,ssp126,0
27.254,-108.75,2082,ssp126,15
27.254,-103.75,2082,ssp126,56
27.254,-98.75,2082,ssp126,8
27.254,-93.75,2082,ssp126,0
27.254,-88.75,2082,ssp126,0
27.254,-83.75,2082,ssp126,0
27.254,-78.75,2082,ssp126,0
27.254,-73.75,2082,ssp126,0
27.254,-68.75,2082,ssp126,0
29.789,-123.75,2082,ssp126,0
29.789,-118.75,2082,ssp126,0
29.789,-113.75,2082,ssp126,6
29.789,-108.75,2082,ssp126,114
29.789,-103.75,2082,ssp126,80
29.789,-98.75,2082,ssp126,36
29.789,-93.75,2082,ssp126,9
29.789,-88.75,2082,ssp126,4
29.789,-83.75,2082,ssp126,11
29.789,-78.75,2082,ssp126,0
29.789,-73.75,2082,ssp126,0
29.789,-68.75,2082,ssp126,0
32.324,-123.75,2082,ssp126,0
32.324,-118.75,2082,ssp126,0
32.324,-113.75,2082,ssp126,35
32.324,-108.75,2082,ssp126,128
32.324,-103.75,2082,ssp126,108
32.324,-98.75,2082,ssp126,71
32.324,-93.75,2082,ssp126,53
32.324,-88.75,2082,ssp126,52
32.324,-83.75,2082,ssp126,54
32.324,-78.75,2082,ssp126,3
32.324,-73.75,2082,ssp126,0
32.324,-68.75,2082,ssp126,0
34.859,-123.75,2082,ssp126,0
34.859,-118.75,2082,ssp126,40
34.859,-113.75,2082,ssp126,121
34.859,-108.75,2082,ssp126,107
34.859,-103.75,2082,ssp126,114
34.859,-98.75,2082,ssp126,101
34.859,-93.75,2082,ssp126,79
34.859,-88.75,2082,ssp126,74
34.859,-83.75,2082,ssp126,76
34.859,-78.75,2082,ssp126,68
34.859,-73.75,2082,ssp126,1
34.859,-68.75,2082,ssp126,0
37.394,-123.75,2082,ssp126,2
37.394,-118.75,2082,ssp126,155
37.394,-113.75,2082,ssp126,120
37.394,-108.75,2082,ssp126,87
37.394,-103.75,2082,ssp126,91
37.394,-98.75,2082,ssp126,87
37.394,-93.75,2082,ssp126,86
37.394,-88.75,2082,ssp126,86
37.394,-83.75,2082,ssp126,81
37.394,-78.75,2082,ssp126,76
37.394,-73.75,2082,ssp126,27
37.394,-68.75,2082,ssp126,3
39.93,-123.75,2082,ssp126,41
39.93,-118.75,2082,ssp126,127
39.93,-113.75,2082,ssp126,108
39.93,-108.75,2082,ssp126,79
39.93,-103.75,2082,ssp126,78
39.93,-98.75,2082,ssp126,72
39.93,-93.75,2082,ssp126,61
39.93,-88.75,2082,ssp126,61
39.93,-83.75,2082,ssp126,67
39.93,-78.75,2082,ssp126,69
39.93,-73.75,2082,ssp126,98
39.93,-68.75,2082,ssp126,54
42.465,-123.75,2082,ssp126,136
42.465,-118.75,2082,ssp126,123
42.465,-113.75,2082,ssp126,101
42.465,-108.75,2082,ssp126,77
42.465,-103.75,2082,ssp126,64
42.465,-98.75,2082,ssp126,53
42.465,-93.75,2082,ssp126,46
42.465,-88.75,2082,ssp126,67
42.465,-83.75,2082,ssp126,73
42.465,-78.75,2082,ssp126,73
42.465,-73.75,2082,ssp126,52
42.465,-68.75,2082,ssp126,105
45.0,-123.75,2082,ssp126,110
45.0,-118.75,2082,ssp126,116
45.0,-113.75,2082,ssp126,83
45.0,-108.75,2082,ssp126,61
45.0,-103.75,2082,ssp126,58
45.0,-98.75,2082,ssp126,40
45.0,-93.75,2082,ssp126,40
45.0,-88.75,2082,ssp126,64
45.0,-83.75,2082,ssp126,79
45.0,-78.75,2082,ssp126,61
45.0,-73.75,2082,ssp126,43
45.0,-68.75,2082,ssp126,53
47.535,-123.75,2082,ssp126,133
47.535,-118.75,2082,ssp126,101
47.535,-113.75,2082,ssp126,82
47.535,-108.75,2082,ssp126,57
47.535,-103.75,2082,ssp126,47
47.535,-98.75,2082,ssp126,37
47.535,-93.75,2082,ssp126,45
47.535,-88.75,2082,ssp126,67
47.535,-83.75,2082,ssp126,43
47.535,-78.75,2082,ssp126,43
47.535,-73.75,2082,ssp126,45
47.535,-68.75,2082,ssp126,39
24.718,-123.75,2083,ssp126,0
24.718,-118.75,2083,ssp126,0
24.718,-113.75,2083,ssp126,0
24.718,-108.75,2083,ssp126,0
24.718,-103.75,2083,ssp126,42
24.718,-98.75,2083,ssp126,11
24.718,-93.75,2083,ssp126,0
24.718,-88.75,2083,ssp126,0
24.718,-83.75,2083,ssp126,0
24.718,-78.75,2083,ssp126,0
24.718,-73.75,2083,ssp126,0
24.718,-68.75,2083,ssp126,0
27.254,-123.75,2083,ssp126,0
27.254,-118.75,2083,ssp126,0
27.254,-113.75,2083,ssp126,0
27.254,-108.75,2083,ssp126,37
27.254,-103.75,2083,ssp126,52
27.254,-98.75,2083,ssp126,13
27.254,-93.75,2083,ssp126,2
27.254,-88.75,2083,ssp126,0
27.254,-83.75,2083,ssp126,0
27.254,-78.75,2083,ssp126,0
27.254,-73.75,2083,ssp126,0
27.254,-68.75,2083,ssp126,0
29.789,-123.75,2083,ssp126,0
29.789,-118.75,2083,ssp126,0
29.789,-113.75,2083,ssp126,12
29.789,-108.75,2083,ssp126,90
29.789,-103.75,2083,ssp126,75
29.789,-98.75,2083,ssp126,35
29.789,-93.75,2083,ssp126,21
29.789,-88.75,2083,ssp126,17
29.789,-83.75,2083,ssp126,22
29.789,-78.75,2083,ssp126,0
29.789,-73.75,2083,ssp126,0
29.789,-68.75,2083,ssp126,0
32.324,-123.75,2083,ssp126,0
32.324,-118.75,2083,ssp126,0
32.324,-113.75,2083,ssp126,42
32.324,-108.75,2083,ssp126,108
32.324,-103.75,2083,ssp126,100
32.324,-98.75,2083,ssp126,60
32.324,-93.75,2083,ssp126,41
32.324,-88.75,2083,ssp126,40
32.324,-83.75,2083,ssp126,41
32.324,-78.75,2083,ssp126,9
32.324,-73.75,2083,ssp126,0
32.324,-68.75,2083,ssp126,0
34.859,-123.75,2083,ssp126,0
34.859,-118.75,2083,ssp126,50
34.859,-113.75,2083,ssp126,97
34.859,-108.75,2083,ssp126,85
34.859,-103.75,2083,ssp126,98
34.859,-98.75,2083,ssp126,74
34.859,-93.75,2083,ssp126,56
34.859,-88.75,2083,ssp126,52
34.859,-83.75,2083,ssp126,50
34.859,-78.75,2083,ssp126,40
34.859,-73.75,2083,ssp126,2
34.859,-68.75,2083,ssp126,0
37.394,-123.75,2083,ssp126,0
37.394,-118.75,2083,ssp126,111
37.394,-113.75,2083,ssp126,109
37.394,-108.75,2083,ssp126,92
37.394,-103.75,2083,ssp126,82
37.394,-98.75,2083,ssp126,65
37.394,-93.75,2083,ssp126,65
37.394,-88.75,2083,ssp126,61
37.394,-83.75,2083,ssp126,63
37.394,-78.75,2083,ssp126,67
37.394,-73.75,2083,ssp126,26
37.394,-68.75,2083,ssp126,2
39.93,-123.75,2083,ssp126,47
39.93,-118.75,2083,ssp126,108
39.93,-113.75,2083,ssp126,99
39.93,-108.75,2083,ssp126,108
39.93,-103.75,2083,ssp126,79
39.93,-98.75,2083,ssp126,61
39.93,-93.75,2083,ssp126,61
39.93,-88.75,2083,ssp126,70
39.93,-83.75,2083,ssp126,64
39.93,-78.75,2083,ssp126,63
39.93,-73.75,2083,ssp126,62
39.93,-68.75,2083,ssp126,48
42.465,-123.75,2083,ssp126,107
42.465,-118.75,2083,ssp126,109
42.465,-113.75,2083,ssp126,92
42.465,-108.75,2083,ssp126,99
42.465,-103.75,2083,ssp126,66
42.465,-98.75,2083,ssp126,52
42.465,-93.75,2083,ssp126,54
42.465,-88.75,2083,ssp126,77
42.465,-83.75,2083,ssp126,73
42.465,-78.75,2083,ssp126,70
42.465,-73.75,2083,ssp126,72
42.465,-68.75,2083,ssp126,74
45.0,-123.75,2083,ssp126,92
45.0,-118.75,2083,ssp126,106
45.0,-113.75,2083,ssp126,90
45.0,-108.75,2083,ssp126,85
45.0,-103.75,2083,ssp126,53
45.0,-98.75,2083,ssp126,42
45.0,-93.75,2083,ssp126,39
45.0,-88.75,2083,ssp126,47
45.0,-83.75,2083,ssp126,66
45.0,-78.75,2083,ssp126,70
45.0,-73.75,2083,ssp126,65
45.0,-68.75,2083,ssp126,77
47.535,-123.75,2083,ssp126,90
47.535,-118.75,2083,ssp126,94
47.535,-113.75,2083,ssp126,79
47.535,-108.75,2083,ssp126,67
47.535,-103.75,2083,ssp126,49
47.535,-98.75,2083,ssp126,42
47.535,-93.75,2083,ssp126,48
47.535,-88.75,2083,ssp126,43
47.535,-83.75,2083,ssp126,45
47.535,-78.75,2083,ssp126,56
47.535,-73.75,2083,ssp126,58
47.535,-68.75,2083,ssp126,62
24.718,-123.75,2084,ssp126,0
24.718,-118.75,2084,ssp126,0
24.718,-113.75,2084,ssp126,0
24.718,-108.75,2084,ssp126,0
24.718,-103.75,2084,ssp126,84
24.718,-98.75,2084,ssp126,3
24.718,-93.75,2084,ssp126,0
24.718,-88.75,2084,ssp126,0
24.718,-83.75,2084,ssp126,0
24.718,-78.75,2084,ssp126,0
24.718,-73.75,2084,ssp126,0
24.718,-68.75,2084,ssp126,0
27.254,-123.75,2084,ssp126,0
27.254,-118.75,2084,ssp126,0
27.254,-113.75,2084,ssp126,0
27.254,-108.75,2084,ssp126,37
27.254,-103.75,2084,ssp126,59
27.254,-98.75,2084,ssp126,15
27.254,-93.75,2084,ssp126,0
27.254,-88.75,2084,ssp126,0
27.254,-83.75,2084,ssp126,0
27.254,-78.75,2084,ssp126,0
27.254,-73.75,2084,ssp126,0
27.254,-68.75,2084,ssp126,0
29.789,-123.75,2084,ssp126,0
29.789,-118.75,2084,ssp126,0
29.789,-113.75,2084,ssp126,6
29.789,-108.75,2084,ssp126,108
29.789,-103.75,2084,ssp126,80
29.789,-98.75,2084,ssp126,46
29.789,-93.75,2084,ssp126,18
29.789,-88.75,2084,ssp126,6
29.789,-83.75,2084,ssp126,15
29.789,-78.75,2084,ssp126,0
29.789,-73.75,2084,ssp126,0
29.789,-68.75,2084,ssp126,0
32.324,-123.75,2084,ssp126,0
32.324,-118.75,2084,ssp126,0
32.324,-113.75,2084,ssp126,51
32.324,-108.75,2084,ssp126,124
32.324,-103.75,2084,ssp126,108
32.324,-98.75,2084,ssp126,79
32.324,-93.75,2084,ssp126,65
32.324,-88.75,2084,ssp126,65
32.324,-83.75,2084,ssp126,61
32.324,-78.75,2084,ssp126,6
32.324,-73.75,2084,ssp126,0
32.324,-68.75,2084,ssp126,0
34.859,-123.75,2084,ssp126,0
34.859,-118.75,2084,ssp126,53
34.859,-113.75,2084,ssp126,120
34.859,-108.75,2084,ssp126,96
34.859,-103.75,2084,ssp126,110
34.859,-98.75,2084,ssp126,88
34.859,-93.75,2084,ssp126,74
34.859,-88.75,2084,ssp126,70
34.859,-83.75,2084,ssp126,85
34.859,-78.75,2084,ssp126,62
34.859,-73.75,2084,ssp126,2
34.859,-68.75,2084,ssp126,0
37.394,-123.75,2084,ssp126,0
37.394,-118.75,2084,ssp126,136
37.394,-113.75,2084,ssp126,99
37.394,-108.75,2084,ssp126,66
37.394,-103.75,2084,ssp126,89
37.394,-98.75,2084,ssp126,102
37.394,-93.75,2084,ssp126,76
37.394,-88.75,2084,ssp126,78
37.394,-83.75,2084,ssp126,83
37.394,-78.75,2084,ssp126,84
37.394,-73.75,2084,ssp126,23
37.394,-68.75,2084,ssp126,0
39.93,-123.75,2084,ssp126,49
39.93,-118.75,2084,ssp126,98
39.93,-113.75,2084,ssp126,83
39.93,-108.75,2084,ssp126,70
39.93,-103.75,2084,ssp126,79
39.93,-98.75,2084,ssp126,69
39.93,-93.75,2084,ssp126,78
39.93,-88.75,2084,ssp126,90
39.93,-83.75,2084,ssp126,84
39.93,-78.75,2084,ssp126,77
39.93,-73.75,2084,ssp126,107
39.93,-68.75,2084,ssp126,28
42.465,-123.75,2084,ssp126,135
42.465,-118.75,2084,ssp126,95
42.465,-113.75,2084,ssp126,82
42.465,-108.75,2084,ssp126,67
42.465,-103.75,2084,ssp126,64
42.465,-98.75,2084,ssp126,60
42.465,-93.75,2084,ssp126,65
42.465,-88.75,2084,ssp126,89
42.465,-83.75,2084,ssp126,85
42.465,-78.75,2084,ssp126,79
42.465,-73.75,2084,ssp126,83
42.465,-68.75,2084,ssp126,113
45.0,-123.75,2084,ssp126,109
45.0,-118.75,2084,ssp126,111
45.0,-113.75,2084,ssp126,83
45.0,-108.75,2084,ssp126,62
45.0,-103.75,2084,ssp126,65
45.0,-98.75,2084,ssp126,59
45.0,-93.75,2084,ssp126,51
45.0,-88.75,2084,ssp126,57
45.0,-83.75,2084,ssp126,86
45.0,-78.75,2084,ssp126,78
45.0,-73.75,2084,ssp126,70
45.0,-68.75,2084,ssp126,74
47.535,-123.75,2084,ssp126,123
47.535,-118.75,2084,ssp126,99
47.535,-113.75,2084,ssp126,68
47.535,-108.75,2084,ssp126,70
47.535,-103.75,2084,ssp126,61
47.535,-98.75,2084,ssp126,52
47.535,-93.75,2084,ssp126,49
47.535,-88.75,2084,ssp126,66
47.535,-83.75,2084,ssp126,61
47.535,-78.75,2084,ssp126,63
47.535,-73.75,2084,ssp126,69
47.535,-68.75,2084,ssp126,56
24.718,-123.75,2085,ssp126,0
24.718,-118.75,2085,ssp126,0
24.718,-113.75,2085,ssp126,0
24.718,-108.75,2085,ssp126,0
24.718,-103.75,2085,ssp126,58
24.718,-98.75,2085,ssp126,5
24.718,-93.75,2085,ssp126,0
24.718,-88.75,2085,ssp126,0
24.718,-83.75,2085,ssp126,0
24.718,-78.75,2085,ssp126,0
24.718,-73.75,2085,ssp126,0
24.718,-68.75,2085,ssp126,0
27.254,-123.75,2085,ssp126,0
27.254,-118.75,2085,ssp126,0
27.254,-113.75,2085,ssp126,0
27.254,-108.75,2085,ssp126,42
27.254,-103.75,2085,ssp126,56
27.254,-98.75,2085,ssp126,22
27.254,-93.75,2085,ssp126,0
27.254,-88.75,2085,ssp126,0
27.254,-83.75,2085,ssp126,0
27.254,-78.75,2085,ssp126,0
27.254,-73.75,2085,ssp126,0
27.254,-68.75,2085,ssp126,0
29.789,-123.75,2085,ssp126,0
29.789,-118.75,2085,ssp126,0
29.789,-113.75,2085,ssp126,6
29.789,-108.75,2085,ssp126,99
29.789,-103.75,2085,ssp126,68
29.789,-98.75,2085,ssp126,54
29.789,-93.75,2085,ssp126,24
29.789,-88.75,2085,ssp126,6
29.789,-83.75,2085,ssp126,10
29.789,-78.75,2085,ssp126,0
29.789,-73.75,2085,ssp126,0
29.789,-68.75,2085,ssp126,0
32.324,-123.75,2085,ssp126,0
32.324,-118.75,2085,ssp126,0
32.324,-113.75,2085,ssp126,53
32.324,-108.75,2085,ssp126,108
32.324,-103.75,2085,ssp126,96
32.324,-98.75,2085,ssp126,71
32.324,-93.75,2085,ssp126,66
32.324,-88.75,2085,ssp126,74
32.324,-83.75,2085,ssp126,52
32.324,-78.75,2085,ssp126,5
32.324,-73.75,2085,ssp126,0
32.324,-68.75,2085,ssp126,0
34.859,-123.75,2085,ssp126,0
34.859,-118.75,2085,ssp126,64
34.859,-113.75,2085,ssp126,117
34.859,-108.75,2085,ssp126,96
34.859,-103.75,2085,ssp126,92
34.859,-98.75,2085,ssp126,79
34.859,-93.75,2085,ssp126,78
34.859,-88.75,2085,ssp126,84
34.859,-83.75,2085,ssp126,84
34.859,-78.75,2085,ssp126,74
34.859,-73.75,2085,ssp126,3
34.859,-68.75,2085,ssp126,0
37.394,-123.75,2085,ssp126,4
37.394,-118.75,2085,ssp126,138
37.394,-113.75,2085,ssp126,102
37.394,-108.75,2085,ssp126,69
37.394,-103.75,2085,ssp126,71
37.394,-98.75,2085,ssp126,77
37.394,-93.75,2085,ssp126,72
37.394,-88.75,2085,ssp126,71
37.394,-83.75,2085,ssp126,85
37.394,-78.75,2085,ssp126,87
37.394,-73.75,2085,ssp126,34
37.394,-68.75,2085,ssp126,1
39.93,-123.75,2085,ssp126,54
39.93,-118.75,2085,ssp126,107
39.93,-113.75,2085,ssp126,88
39.93,-108.75,2085,ssp126,81
39.93,-103.75,2085,ssp126,64
39.93,-98.75,2085,ssp126,75
39.93,-93.75,2085,ssp126,64
39.93,-88.75,2085,ssp126,72
39.93,-83.75,2085,ssp126,76
39.93,-78.75,2085,ssp126,72
39.93,-73.75,2085,ssp126,90
39.93,-68.75,2085,ssp126,58
42.465,-123.75,2085,ssp126,127
42.465,-118.75,2085,ssp126,119
42.465,-113.75,2085,ssp126,97
42.465,-108.75,2085,ssp126,86
42.465,-103.75,2085,ssp126,64
42.465,-98.75,2085,ssp126,62
42.465,-93.75,2085,ssp126,52
42.465,-88.75,2085,ssp126,71
42.465,-83.75,2085,ssp126,78
42.465,-78.75,2085,ssp126,69
42.465,-73.75,2085,ssp126,70
42.465,-68.75,2085,ssp126,122
45.0,-123.75,2085,ssp126,111
45.0,-118.75,2085,ssp126,116
45.0,-113.75,2085,ssp126,94
45.0,-108.75,2085,ssp126,92
45.0,-103.75,2085,ssp126,65
45.0,-98.75,2085,ssp126,52
45.0,-93.75,2085,ssp126,43
45.0,-88.75,2085,ssp126,60
45.0,-83.75,2085,ssp126,76
45.0,-78.75,2085,ssp126,66
45.0,-73.75,2085,ssp126,52
45.0,-68.75,2085,ssp126,61
47.535,-123.75,2085,ssp126,120
47.535,-118.75,2085,ssp126,100
47.535,-113.75,2085,ssp126,94
47.535,-108.75,2085,ssp126,78
47.535,-103.75,2085,ssp126,66
47.535,-98.75,2085,ssp126,52
47.535,-93.75,2085,ssp126,41
47.535,-88.75,2085,ssp126,61
47.535,-83.75,2085,ssp126,48
47.535,-78.75,2085,ssp126,40
47.535,-73.75,2085,ssp126,42
47.535,-68.75,2085,ssp126,34
24.718,-123.75,2086,ssp126,0
24.718,-118.75,2086,ssp126,0
24.718,-113.75,2086,ssp126,0
24.718,-108.75,2086,ssp126,0
24.718,-103.75,2086,ssp126,57
24.718,-98.75,2086,ssp126,1
24.718,-93.75,2086,ssp126,0
24.718,-88.75,2086,ssp126,0
24.718,-83.75,2086,ssp126,0
24.718,-78.75,2086,ssp126,0
24.718,-73.75,2086,ssp126,0
24.718,-68.75,2086,ssp126,0
27.254,-123.75,2086,ssp126,0
27.254,-118.75,2086,ssp126,0
27.254,-113.75,2086,ssp126,0
27.254,-108.75,2086,ssp126,31
27.254,-103.75,2086,ssp126,47
27.254,-98.75,2086,ssp126,7
27.254,-93.75,2086,ssp126,0
27.254,-88.75,2086,ssp126,0
27.254,-83.75,2086,ssp126,0
27.254,-78.75,2086,ssp126,0
27.254,-73.75,2086,ssp126,0
27.254,-68.75,2086,ssp126,0
29.789,-123.75,2086,ssp126,0
29.789,-118.75,2086,ssp126,0
29.789,-113.75,2086,ssp126,1
29.789,-108.75,2086,ssp126,98
29.789,-103.75,2086,ssp126,77
29.789,-98.75,2086,ssp126,32
29.789,-93.75,2086,ssp126,12
29.789,-88.75,2086,ssp126,7
29.789,-83.75,2086,ssp126,5
29.789,-78.75,2086,ssp126,0
29.789,-73.75,2086,ssp126,0
29.789,-68.75,2086,ssp126,0
32.324,-123.75,2086,ssp126,0
32.324,-118.75,2086,ssp126,0
32.324,-113.75,2086,ssp126,59
32.324,-108.75,2086,ssp126,99
32.324,-103.75,2086,ssp126,80
32.324,-98.75,2086,ssp126,64
32.324,-93.75,2086,ssp126,55
32.324,-88.75,2086,ssp126,45
32.324,-83.75,2086,ssp126,41
32.324,-78.75,2086,ssp126,4
32.324,-73.75,2086,ssp126,0
32.324,-68.75,2086,ssp126,0
34.859,-123.75,2086,ssp126,0
34.859,-118.75,2086,ssp126,68
34.859,-113.75,2086,ssp126,120
34.859,-108.75,2086,ssp126,94
34.859,-103.75,2086,ssp126,89
34.859,-98.75,2086,ssp126,69
34.859,-93.75,2086,ssp126,69
34.859,-88.75,2086,ssp126,73
34.859,-83.75,2086,ssp126,71
34.859,-78.75,2086,ssp126,52
34.859,-73.75,2086,ssp126,3
34.859,-68.75,2086,ssp126,0
37.394,-123.75,2086,ssp126,2
37.394,-118.75,2086,ssp126,133
37.394,-113.75,2086,ssp126,103
37.394,-108.75,2086,ssp126,89
37.394,-103.75,2086,ssp126,97
37.394,-98.75,2086,ssp126,69
37.394,-93.75,2086,ssp126,54
37.394,-88.75,2086,ssp126,62
37.394,-83.75,2086,ssp126,69
37.394,-78.75,2086,ssp126,75
37.394,-73.75,2086,ssp126,21
37.394,-68.75,2086,ssp126,4
39.93,-123.75,2086,ssp126,59
39.93,-118.75,2086,ssp126,120
39.93,-113.75,2086,ssp126,92
39.93,-108.75,2086,ssp126,80
39.93,-103.75,2086,ssp126,91
39.93,-98.75,2086,ssp126,62
39.93,-93.75,2086,ssp126,56
39.93,-88.75,2086,ssp126,59
39.93,-83.75,2086,ssp126,62
39.93,-78.75,2086,ssp126,67
39.93,-73.75,2086,ssp126,89
39.93,-68.75,2086,ssp126,44
42.465,-123.75,2086,ssp126,128
42.465,-118.75,2086,ssp126,98
42.465,-113.75,2086,ssp126,91
42.465,-108.75,2086,ssp126,82
42.465,-103.75,2086,ssp126,80
42.465,-98.75,2086,ssp126,65
42.465,-93.75,2086,ssp126,53
42.465,-88.75,2086,ssp126,59
42.465,-83.75,2086,ssp126,69
42.465,-78.75,2086,ssp126,73
42.465,-73.75,2086,ssp126,63
42.465,-68.75,2086,ssp126,107
45.0,-123.75,2086,ssp126,107
45.0,-118.75,2086,ssp126,118
45.0,-113.75,2086,ssp126,90
45.0,-108.75,2086,ssp126,73
45.0,-103.75,2086,ssp126,80
45.0,-98.75,2086,ssp126,64
45.0,-93.75,2086,ssp126,47
45.0,-88.75,2086,ssp126,44
45.0,-83.75,2086,ssp126,63
45.0,-78.75,2086,ssp126,62
45.0,-73.75,2086,ssp126,54
45.0,-68.75,2086,ssp126,69
47.535,-123.75,2086,ssp126,120
47.535,-118.75,2086,ssp126,106
47.535,-113.75,2086,ssp126,72
47.535,-108.75,2086,ssp126,77
47.535,-103.75,2086,ssp126,59
47.535,-98.75,2086,ssp126,48
47.535,-93.75,2086,ssp126,41
47.535,-88.75,2086,ssp126,46
47.535,-83.75,2086,ssp126,52
47.535,-78.75,2086,ssp126,52
47.535,-73.75,2086,ssp126,56
47.535,-68.75,2086,ssp126,54
24.718,-123.75,2087,ssp126,0
24.718,-118.75,2087,ssp126,0
24.718,-113.75,2087,ssp126,0
24.718,-108.75,2087,ssp126,0
24.718,-103.75,2087,ssp126,64
24.718,-98.75,2087,ssp126,5
24.718,-93.75,2087,ssp126,0
24.718,-88.75,2087,ssp126,0
24.718,-83.75,2087,ssp126,0
24.718,-78.75,2087,ssp126,0
24.718,-73.75,2087,ssp126,0
24.718,-68.75,2087,ssp126,0
27.254,-123.75,2087,ssp126,0
27.254,-118.75,2087,ssp126,0
27.254,-113.75,2087,ssp126,1
27.254,-108.75,2087,ssp126,39
27.254,-103.75,2087,ssp126,58
27.254,-98.75,2087,ssp126,20
27.254,-93.75,2087,ssp126,0
27.254,-88.75,2087,ssp126,0
27.254,-83.75,2087,ssp126,0
27.254,-78.75,2087,ssp126,0
27.254,-73.75,2087,ssp126,0
27.254,-68.75,2087,ssp126,0
29.789,-123.75,2087,ssp126,0
29.789,-118.75,2087,ssp126,0
29.789,-113.75,2087,ssp126,11
29.789,-108.75,2087,ssp126,110
29.789,-103.75,2087,ssp126,67
29.789,-98.75,2087,ssp126,53
29.789,-93.75,2087,ssp126,22
29.789,-88.75,2087,ssp126,5
29.789,-83.75,2087,ssp126,13
29.789,-78.75,2087,ssp126,0
29.789,-73.75,2087,ssp126,0
29.789,-68.75,2087,ssp126,0
32.324,-123.75,2087,ssp126,0
32.324,-118.75,2087,ssp126,1
32.324,-113.75,2087,ssp126,48
32.324,-108.75,2087,ssp126,111
32.324,-103.75,2087,ssp126,90
32.324,-98.75,2087,ssp126,78
32.324,-93.75,2087,ssp126,64
32.324,-88.75,2087,ssp126,67
32.324,-83.75,2087,ssp126,54
32.324,-78.75,2087,ssp126,6
32.324,-73.75,2087,ssp126,0
32.324,-68.75,2087,ssp126,0
34.859,-123.75,2087,ssp126,0
34.859,-118.75,2087,ssp126,56
34.859,-113.75,2087,ssp126,124
34.859,-108.75,2087,ssp126,96
34.859,-103.75,2087,ssp126,100
34.859,-98.75,2087,ssp126,78
34.859,-93.75,2087,ssp126,80
34.859,-88.75,2087,ssp126,73
34.859,-83.75,2087,ssp126,86
34.859,-78.75,2087,ssp126,62
34.859,-73.75,2087,ssp126,6
34.859,-68.75,2087,ssp126,0
37.394,-123.75,2087,ssp126,1
37.394,-118.75,2087,ssp126,152
37.394,-113.75,2087,ssp126,113
37.394,-108.75,2087,ssp126,94
37.394,-103.75,2087,ssp126,78
37.394,-98.75,2087,ssp126,82
37.394,-93.75,2087,ssp126,73
37.394,-88.75,2087,ssp126,79
37.394,-83.75,2087,ssp126,83
37.394,-78.75,2087,ssp126,86
37.394,-73.75,2087,ssp126,34
37.394,-68.75,2087,ssp126,3
39.93,-123.75,2087,ssp126,46
39.93,-118.75,2087,ssp126,129
39.93,-113.75,2087,ssp126,106
39.93,-108.75,2087,ssp126,87
39.93,-103.75,2087,ssp126,76
39.93,-98.75,2087,ssp126,70
39.93,-93.75,2087,ssp126,67
39.93,-88.75,2087,ssp126,80
39.93,-83.75,2087,ssp126,71
39.93,-78.75,2087,ssp126,64
39.93,-73.75,2087,ssp126,95
39.93,-68.75,2087,ssp126,57
42.465,-123.75,2087,ssp126,124
42.465,-118.75,2087,ssp126,122
42.465,-113.75,2087,ssp126,114
42.465,-108.75,2087,ssp126,80
42.465,-103.75,2087,ssp126,82
42.465,-98.75,2087,ssp126,71
42.465,-93.75,2087,ssp126,60
42.465,-88.75,2087,ssp126,82
42.465,-83.75,2087,ssp126,73
42.465,-78.75,2087,ssp126,74
42.465,-73.75,2087,ssp126,70
42.465,-68.75,2087,ssp126,115
45.0,-123.75,2087,ssp126,88
45.0,-118.75,2087,ssp126,133
45.0,-113.75,2087,ssp126,96
45.0,-108.75,2087,ssp126,85
45.0,-103.75,2087,ssp126,86
45.0,-98.75,2087,ssp126,63
45.0,-93.75,2087,ssp126,51
45.0,-88.75,2087,ssp126,65
45.0,-83.75,2087,ssp126,77
45.0,-78.75,2087,ssp126,73
45.0,-73.75,2087,ssp126,70
45.0,-68.75,2087,ssp126,75
47.535,-123.75,2087,ssp126,95
47.535,-118.75,2087,ssp126,120
47.535,-113.75,2087,ssp126,108
47.535,-108.75,2087,ssp126,102
47.535,-103.75,2087,ssp126,83
47.535,-98.75,2087,ssp126,56
47.535,-93.75,2087,ssp126,43
47.535,-88.75,2087,ssp126,65
47.535,-83.75,2087,ssp126,49
47.535,-78.75,2087,ssp126,52
47.535,-73.75,2087,ssp126,57
47.535,-68.75,2087,ssp126,59
24.718,-123.75,2088,ssp126,0
24.718,-118.75,2088,ssp126,0
24.718,-113.75,2088,ssp126,0
24.718,-108.75,2088,ssp126,0
24.718,-103.75,2088,ssp126,100
24.718,-98.75,2088,ssp126,5
24.718,-93.75,2088,ssp126,0
24.718,-88.75,2088,ssp126,0
24.718,-83.75,2088,ssp126,0
24.718,-78.75,2088,ssp126,0
24.718,-73.75,2088,ssp126,0
24.718,-68.75,2088,ssp126,0
27.254,-123.75,2088,ssp126,0
27.254,-118.75,2088,ssp126,0
27.254,-113.75,2088,ssp126,0
27.254,-108.75,2088,ssp126,75
27.254,-103.75,2088,ssp126,94
27.254,-98.75,2088,ssp126,19
27.254,-93.75,2088,ssp126,0
27.254,-88.75,2088,ssp126,0
27.254,-83.75,2088,ssp126,0
27.254,-78.75,2088,ssp126,0
27.254,-73.75,2088,ssp126,0
27.254,-68.75,2088,ssp126,0
29.789,-123.75,2088,ssp126,0
29.789,-118.75,2088,ssp126,0
29.789,-113.75,2088,ssp126,6
29.789,-108.75,2088,ssp126,121
29.789,-103.75,2088,ssp126,98
29.789,-98.75,2088,ssp126,74
29.789,-93.75,2088,ssp126,24
29.789,-88.75,2088,ssp126,12
29.789,-83.75,2088,ssp126,17
29.789,-78.75,2088,ssp126,0
29.789,-73.75,2088,ssp126,0
29.789,-68.75,2088,ssp126,0
32.324,-123.75,2088,ssp126,0
32.324,-118.75,2088,ssp126,0
32.324,-113.75,2088,ssp126,77
32.324,-108.75,2088,ssp126,107
32.324,-103.75,2088,ssp126,99
32.324,-98.75,2088,ssp126,89
32.324,-93.75,2088,ssp126,73
32.324,-88.75,2088,ssp126,73
32.324,-83.75,2088,ssp126,66
32.324,-78.75,2088,ssp126,5
32.324,-73.75,2088,ssp126,0
32.324,-68.75,2088,ssp126,0
34.859,-123.75,2088,ssp126,0
34.859,-118.75,2088,ssp126,84
34.859,-113.75,2088,ssp126,121
34.859,-108.75,2088,ssp126,79
34.859,-103.75,2088,ssp126,72
34.859,-98.75,2088,ssp126,88
34.859,-93.75,2088,ssp126,88
34.859,-88.75,2088,ssp126,86
34.859,-83.75,2088,ssp126,90
34.859,-78.75,2088,ssp126,69
34.859,-73.75,2088,ssp126,9
34.859,-68.75,2088,ssp126,0
37.394,-123.75,2088,ssp126,2
37.394,-118.75,2088,ssp126,112
37.394,-113.75,2088,ssp126,76
37.394,-108.75,2088,ssp126,64
37.394,-103.75,2088,ssp126,48
37.394,-98.75,2088,ssp126,78
37.394,-93.75,2088,ssp126,73
37.394,-88.75,2088,ssp126,80
37.394,-83.75,2088,ssp126,70
37.394,-78.75,2088,ssp126,90
37.394,-73.75,2088,ssp126,40
37.394,-68.75,2088,ssp126,10
39.93,-123.75,2088,ssp126,59
39.93,-118.75,2088,ssp126,94
39.93,-113.75,2088,ssp126,78
39.93,-108.75,2088,ssp126,75
39.93,-103.75,2088,ssp126,53
39.93,-98.75,2088,ssp126,55
39.93,-93.75,2088,ssp126,54
39.93,-88.75,2088,ssp126,61
39.93,-83.75,2088,ssp126,69
39.93,-78.75,2088,ssp126,77
39.93,-73.75,2088,ssp126,111
39.93,-68.75,2088,ssp126,80
42.465,-123.75,2088,ssp126,136
42.465,-118.75,2088,ssp126,90
42.465,-113.75,2088,ssp126,84
42.465,-108.75,2088,ssp126,73
42.465,-103.75,2088,ssp126,56
42.465,-98.75,2088,ssp126,46
42.465,-93.75,2088,ssp126,41
42.465,-88.75,2088,ssp126,66
42.465,-83.75,2088,ssp126,68
42.465,-78.75,2088,ssp126,71
42.465,-73.75,2088,ssp126,57
42.465,-68.75,2088,ssp126,125
45.0,-123.75,2088,ssp126,86
45.0,-118.75,2088,ssp126,116
45.0,-113.75,2088,ssp126,79
45.0,-108.75,2088,ssp126,74
45.0,-103.75,2088,ssp126,47
45.0,-98.75,2088,ssp126,44
45.0,-93.75,2088,ssp126,36
45.0,-88.75,2088,ssp126,50
45.0,-83.75,2088,ssp126,70
45.0,-78.75,2088,ssp126,62
45.0,-73.75,2088,ssp126,62
45.0,-68.75,2088,ssp126,69
47.535,-123.75,2088,ssp126,100
47.535,-118.75,2088,ssp126,108
47.535,-113.75,2088,ssp126,93
47.535,-108.75,2088,ssp126,67
47.535,-103.75,2088,ssp126,52
47.535,-98.75,2088,ssp126,40
47.535,-93.75,2088,ssp126,33
47.535,-88.75,2088,ssp126,54
47.535,-83.75,2088,ssp126,47
47.535,-78.75,2088,ssp126,55
47.535,-73.75,2088,ssp126,51
47.535,-68.75,2088,ssp126,47
24.718,-123.75,2089,ssp126,0
24.718,-118.75,2089,ssp126,0
24.718,-113.75,2089,ssp126,0
24.718,-108.75,2089,ssp126,0
24.718,-103.75,2089,ssp126,73
24.718,-98.75,2089,ssp126,8
24.718,-93.75,2089,ssp126,0
24.718,-88.75,2089,ssp126,0
24.718,-83.75,2089,ssp126,0
24.718,-78.75,2089,ssp126,0
24.718,-73.75,2089,ssp126,0
24.718,-68.75,2089,ssp126,0
27.254,-123.75,2089,ssp126,0
27.254,-118.75,2089,ssp126,0
27.254,-113.75,2089,ssp126,0
27.254,-108.75,2089,ssp126,29
27.254,-103.75,2089,ssp126,67
27.254,-98.75,2089,ssp126,11
27.254,-93.75,2089,ssp126,0
27.254,-88.75,2089,ssp126,0
27.254,-83.75,2089,ssp126,0
27.254,-78.75,2089,ssp126,0
27.254,-73.75,2089,ssp126,0
27.254,-68.75,2089,ssp126,0
29.789,-123.75,2089,ssp126,0
29.789,-118.75,2089,ssp126,0
29.789,-113.75,2089,ssp126,13
29.789,-108.75,2089,ssp126,90
29.789,-103.75,2089,ssp126,67
29.789,-98.75,2089,ssp126,35
29.789,-93.75,2089,ssp126,21
29.789,-88.75,2089,ssp126,14
29.789,-83.75,2089,ssp126,19
29.789,-78.75,2089,ssp126,0
29.789,-73.75,2089,ssp126,0
29.789,-68.75,2089,ssp126,0
32.324,-123.75,2089,ssp126,0
32.324,-118.75,2089,ssp126,0
32.324,-113.75,2089,ssp126,49
32.324,-108.75,2089,ssp126,113
32.324,-103.75,2089,ssp126,92
32.324,-98.75,2089,ssp126,60
32.324,-93.75,2089,ssp126,38
32.324,-88.75,2089,ssp126,33
32.324,-83.75,2089,ssp126,42
32.324,-78.75,2089,ssp126,6
32.324,-73.75,2089,ssp126,0
32.324,-68.75,2089,ssp126,0
34.859,-123.75,2089,ssp126,0
34.859,-118.75,2089,ssp126,45
34.859,-113.75,2089,ssp126,115
34.859,-108.75,2089,ssp126,114
34.859,-103.75,2089,ssp126,108
34.859,-98.75,2089,ssp126,83
34.859,-93.75,2089,ssp126,59
34.859,-88.75,2089,ssp126,52
34.859,-83.75,2089,ssp126,64
34.859,-78.75,2089,ssp126,52
34.859,-73.75,2089,ssp126,3
34.859,-68.75,2089,ssp126,0
37.394,-123.75,2089,ssp126,1
37.394,-118.75,2089,ssp126,151
37.394,-113.75,2089,ssp126,114
37.394,-108.75,2089,ssp126,97
37.394,-103.75,2089,ssp126,114
37.394,-98.75,2089,ssp126,88
37.394,-93.75,2089,ssp126,74
37.394,-88.75,2089,ssp126,74
37.394,-83.75,2089,ssp126,78
37.394,-78.75,2089,ssp126,78
37.394,-73.75,2089,ssp126,30
37.394,-68.75,2089,ssp126,2
39.93,-123.75,2089,ssp126,43
39.93,-118.75,2089,ssp126,138
39.93,-113.75,2089,ssp126,97
39.93,-108.75,2089,ssp126,76
39.93,-103.75,2089,ssp126,103
39.93,-98.75,2089,ssp126,82
39.93,-93.75,2089,ssp126,82
39.93,-88.75,2089,ssp126,84
39.93,-83.75,2089,ssp126,75
39.93,-78.75,2089,ssp126,69
39.93,-73.75,2089,ssp126,91
39.93,-68.75,2089,ssp126,72
42.465,-123.75,2089,ssp126,117
42.465,-118.75,2089,ssp126,131
42.465,-113.75,2089,ssp126,100
42.465,-108.75,2089,ssp126,73
42.465,-103.75,2089,ssp126,96
42.465,-98.75,2089,ssp126,87
42.465,-93.75,2089,ssp126,78
42.465,-88.75,2089,ssp126,93
42.465,-83.75,2089,ssp126,74
42.465,-78.75,2089,ssp126,66
42.465,-73.75,2089,ssp126,75
42.465,-68.75,2089,ssp126,112
45.0,-123.75,2089,ssp126,79
45.0,-118.75,2089,ssp126,144
45.0,-113.75,2089,ssp126,83
45.0,-108.75,2089,ssp126,86
45.0,-103.75,2089,ssp126,97
45.0,-98.75,2089,ssp126,87
45.0,-93.75,2089,ssp126,71
45.0,-88.75,2089,ssp126,70
45.0,-83.75,2089,ssp126,72
45.0,-78.75,2089,ssp126,68
45.0,-73.75,2089,ssp126,62
45.0,-68.75,2089,ssp126,67
47.535,-123.75,2089,ssp126,98
47.535,-118.75,2089,ssp126,131
47.535,-113.75,2089,ssp126,105
47.535,-108.75,2089,ssp126,108
47.535,-103.75,2089,ssp126,96
47.535,-98.75,2089,ssp126,82
47.535,-93.75,2089,ssp126,62
47.535,-88.75,2089,ssp126,68
47.535,-83.75,2089,ssp126,58
47.535,-78.75,2089,ssp126,54
47.535,-73.75,2089,ssp126,55
47.535,-68.75,2089,ssp126,60
24.718,-123.75,2090,ssp126,0
24.718,-118.75,2090,ssp126,0
24.718,-113.75,2090,ssp126,0
24.718,-108.75,2090,ssp126,0
24.718,-103.75,2090,ssp126,51
24.718,-98.75,2090,ssp126,7
24.718,-93.75,2090,ssp126,0
24.718,-88.75,2090,ssp126,0
24.718,-83.75,2090,ssp126,0
24.718,-78.75,2090,ssp126,0
24.718,-73.75,2090,ssp126,0
24.718,-68.75,2090,ssp126,0
27.254,-123.75,2090,ssp126,0
27.254,-118.75,2090,ssp126,0
27.254,-113.75,2090,ssp126,0
27.254,-108.75,2090,ssp126,35
27.254,-103.75,2090,ssp126,56
27.254,-98.75,2090,ssp126,27
27.254,-93.75,2090,ssp126,0
27.254,-88.75,2090,ssp126,0
27.254,-83.75,2090,ssp126,0
27.254,-78.75,2090,ssp126,0
27.254,-73.75,2090,ssp126,0
27.254,-68.75,2090,ssp126,0
29.789,-123.75,2090,ssp126,0
29.789,-118.75,2090,ssp126,0
29.789,-113.75,2090,ssp126,28
29.789,-108.75,2090,ssp126,78
29.789,-103.75,2090,ssp126,67
29.789,-98.75,2090,ssp126,66
29.789,-93.75,2090,ssp126,28
29.789,-88.75,2090,ssp126,10
29.789,-83.75,2090,ssp126,19
29.789,-78.75,2090,ssp126,0
29.789,-73.75,2090,ssp126,0
29.789,-68.75,2090,ssp126,0
32.324,-123.75,2090,ssp126,0
32.324,-118.75,2090,ssp126,0
32.324,-113.75,2090,ssp126,73
32.324,-108.75,2090,ssp126,87
32.324,-103.75,2090,ssp126,64
32.324,-98.75,2090,ssp126,53
32.324,-93.75,2090,ssp126,64
32.324,-88.75,2090,ssp126,55
32.324,-83.75,2090,ssp126,54
32.324,-78.75,2090,ssp126,6
32.324,-73.75,2090,ssp126,2
32.324,-68.75,2090,ssp126,0
34.859,-123.75,2090,ssp126,1
34.859,-118.75,2090,ssp126,76
34.859,-113.75,2090,ssp126,101
34.859,-108.75,2090,ssp126,89
34.859,-103.75,2090,ssp126,64
34.859,-98.75,2090,ssp126,59
34.859,-93.75,2090,ssp126,54
34.859,-88.75,2090,ssp126,57
34.859,-83.75,2090,ssp126,49
34.859,-78.75,2090,ssp126,50
34.859,-73.75,2090,ssp126,6
34.859,-68.75,2090,ssp126,1
37.394,-123.75,2090,ssp126,7
37.394,-118.75,2090,ssp126,125
37.394,-113.75,2090,ssp126,92
37.394,-108.75,2090,ssp126,74
37.394,-103.75,2090,ssp126,75
37.394,-98.75,2090,ssp126,48
37.394,-93.75,2090,ssp126,50
37.394,-88.75,2090,ssp126,46
37.394,-83.75,2090,ssp126,47
37.394,-78.75,2090,ssp126,51
37.394,-73.75,2090,ssp126,42
37.394,-68.75,2090,ssp126,9
39.93,-123.75,2090,ssp126,63
39.93,-118.75,2090,ssp126,103
39.93,-113.75,2090,ssp126,76
39.93,-108.75,2090,ssp126,74
39.93,-103.75,2090,ssp126,65
39.93,-98.75,2090,ssp126,51
39.93,-93.75,2090,ssp126,36
39.93,-88.75,2090,ssp126,40
39.93,-83.75,2090,ssp126,42
39.93,-78.75,2090,ssp126,52
39.93,-73.75,2090,ssp126,60
39.93,-68.75,2090,ssp126,54
42.465,-123.75,2090,ssp126,150
42.465,-118.75,2090,ssp126,98
42.465,-113.75,2090,ssp126,77
42.465,-108.75,2090,ssp126,57
42.465,-103.75,2090,ssp126,69
42.465,-98.75,2090,ssp126,61
42.465,-93.75,2090,ssp126,46
42.465,-88.75,2090,ssp126,54
42.465,-83.75,2090,ssp126,57
42.465,-78.75,2090,ssp126,59
42.465,-73.75,2090,ssp126,58
42.465,-68.75,2090,ssp126,84
45.0,-123.75,2090,ssp126,113
45.0,-118.75,2090,ssp126,113
45.0,-113.75,2090,ssp126,55
45.0,-108.75,2090,ssp126,57
45.0,-103.75,2090,ssp126,66
45.0,-98.75,2090,ssp126,54
45.0,-93.75,2090,ssp126,49
45.0,-88.75,2090,ssp126,67
45.0,-83.75,2090,ssp126,75
45.0,-78.75,2090,ssp126,69
45.0,-73.75,2090,ssp126,66
45.0,-68.75,2090,ssp126,68
47.535,-123.75,2090,ssp126,124
47.535,-118.75,2090,ssp126,93
47.535,-113.75,2090,ssp126,59
47.535,-108.75,2090,ssp126,77
47.535,-103.75,2090,ssp126,64
47.535,-98.75,2090,ssp126,51
47.535,-93.75,2090,ssp126,53
47.535,-88.75,2090,ssp126,55
47.535,-83.75,2090,ssp126,62
47.535,-78.75,2090,ssp126,70
47.535,-73.75,2090,ssp126,67
47.535,-68.75,2090,ssp126,67
24.718,-123.75,2091,ssp126,0
24.718,-118.75,2091,ssp126,0
24.718,-113.75,2091,ssp126,0
24.718,-108.75,2091,ssp126,1
24.718,-103.75,2091,ssp126,67
24.718,-98.75,2091,ssp126,2
24.718,-93.75,2091,ssp126,0
24.718,-88.75,2091,ssp126,0
24.718,-83.75,2091,ssp126,0
24.718,-78.75,2091,ssp126,0
24.718,-73.75,2091,ssp126,0
24.718,-68.75,2091,ssp126,0
27.254,-123.75,2091,ssp126,0
27.254,-118.75,2091,ssp126,0
27.254,-113.75,2091,ssp126,5
27.254,-108.75,2091,ssp126,62
27.254,-103.75,2091,ssp126,63
27.254,-98.75,2091,ssp126,15
27.254,-93.75,2091,ssp126,0
27.254,-88.75,2091,ssp126,0
27.254,-83.75,2091,ssp126,0
27.254,-78.75,2091,ssp126,0
27.254,-73.75,2091,ssp126,0
27.254,-68.75,2091,ssp126,0
29.789,-123.75,2091,ssp126,0
29.789,-118.75,2091,ssp126,0
29.789,-113.75,2091,ssp126,22
29.789,-108.75,2091,ssp126,109
29.789,-103.75,2091,ssp126,81
29.789,-98.75,2091,ssp126,36
29.789,-93.75,2091,ssp126,18
29.789,-88.75,2091,ssp126,4
29.789,-83.75,2091,ssp126,8
29.789,-78.75,2091,ssp126,1
29.789,-73.75,2091,ssp126,0
29.789,-68.75,2091,ssp126,0
32.324,-123.75,2091,ssp126,0
32.324,-118.75,2091,ssp126,4
32.324,-113.75,2091,ssp126,54
32.324,-108.75,2091,ssp126,111
32.324,-103.75,2091,ssp126,101
32.324,-98.75,2091,ssp126,69
32.324,-93.75,2091,ssp126,54
32.324,-88.75,2091,ssp126,46
32.324,-83.75,2091,ssp126,42
32.324,-78.75,2091,ssp126,6
32.324,-73.75,2091,ssp126,1
32.324,-68.75,2091,ssp126,0
34.859,-123.75,2091,ssp126,3
34.859,-118.75,2091,ssp126,74
34.859,-113.75,2091,ssp126,110
34.859,-108.75,2091,ssp126,89
34.859,-103.75,2091,ssp126,88
34.859,-98.75,2091,ssp126,73
34.859,-93.75,2091,ssp126,79
34.859,-88.75,2091,ssp126,78
34.859,-83.75,2091,ssp126,71
34.859,-78.75,2091,ssp126,54
34.859,-73.75,2091,ssp126,6
34.859,-68.75,2091,ssp126,0
37.394,-123.75,2091,ssp126,13
37.394,-118.75,2091,ssp126,126
37.394,-113.75,2091,ssp126,83
37.394,-108.75,2091,ssp126,85
37.394,-103.75,2091,ssp126,73
37.394,-98.75,2091,ssp126,72
37.394,-93.75,2091,ssp126,65
37.394,-88.75,2091,ssp126,67
37.394,-83.75,2091,ssp126,64
37.394,-78.75,2091,ssp126,69
37.394,-73.75,2091,ssp126,33
37.394,-68.75,2091,ssp126,6
39.93,-123.75,2091,ssp126,72
39.93,-118.75,2091,ssp126,99
39.93,-113.75,2091,ssp126,82
39.93,-108.75,2091,ssp126,78
39.93,-103.75,2091,ssp126,64
39.93,-98.75,2091,ssp126,53
39.93,-93.75,2091,ssp126,49
39.93,-88.75,2091,ssp126,57
39.93,-83.75,2091,ssp126,57
39.93,-78.75,2091,ssp126,54
39.93,-73.75,2091,ssp126,88
39.93,-68.75,2091,ssp126,54
42.465,-123.75,2091,ssp126,142
42.465,-118.75,2091,ssp126,100
42.465,-113.75,2091,ssp126,73
42.465,-108.75,2091,ssp126,70
42.465,-103.75,2091,ssp126,56
42.465,-98.75,2091,ssp126,41
42.465,-93.75,2091,ssp126,39
42.465,-88.75,2091,ssp126,49
42.465,-83.75,2091,ssp126,54
42.465,-78.75,2091,ssp126,58
42.465,-73.75,2091,ssp126,46
42.465,-68.75,2091,ssp126,116
45.0,-123.75,2091,ssp126,109
45.0,-118.75,2091,ssp126,106
45.0,-113.75,2091,ssp126,80
45.0,-108.75,2091,ssp126,69
45.0,-103.75,2091,ssp126,49
45.0,-98.75,2091,ssp126,44
45.0,-93.75,2091,ssp126,41
45.0,-88.75,2091,ssp126,43
45.0,-83.75,2091,ssp126,55
45.0,-78.75,2091,ssp126,49
45.0,-73.75,2091,ssp126,45
45.0,-68.75,2091,ssp126,53
47.535,-123.75,2091,ssp126,119
47.535,-118.75,2091,ssp126,89
47.535,-113.75,2091,ssp126,64
47.535,-108.75,2091,ssp126,58
47.535,-103.75,2091,ssp126,45
47.535,-98.75,2091,ssp126,46
47.535,-93.75,2091,ssp126,47
47.535,-88.75,2091,ssp126,54
47.535,-83.75,2091,ssp126,46
47.535,-78.75,2091,ssp126,35
47.535,-73.75,2091,ssp126,40
47.535,-68.75,2091,ssp126,39
24.718,-123.75,2092,ssp126,0
24.718,-118.75,2092,ssp126,0
24.718,-113.75,2092,ssp126,0
24.718,-108.75,2092,ssp126,0
24.718,-103.75,2092,ssp126,65
24.718,-98.75,2092,ssp126,5
24.718,-93.75,2092,ssp126,0
24.718,-88.75,2092,ssp126,0
24.718,-83.75,2092,ssp126,0
24.718,-78.75,2092,ssp126,0
24.718,-73.75,2092,ssp126,0
24.718,-68.75,2092,ssp126,0
27.254,-123.75,2092,ssp126,0
27.254,-118.75,2092,ssp126,0
27.254,-113.75,2092,ssp126,0
27.254,-108.75,2092,ssp126,44
27.254,-103.75,2092,ssp126,51
27.254,-98.75,2092,ssp126,16
27.254,-93.75,2092,ssp126,0
27.254,-88.75,2092,ssp126,0
27.254,-83.75,2092,ssp126,0
27.254,-78.75,2092,ssp126,0
27.254,-73.75,2092,ssp126,0
27.254,-68.75,2092,ssp126,0
29.789,-123.75,2092,ssp126,0
29.789,-118.75,2092,ssp126,0
29.789,-113.75,2092,ssp126,16
29.789,-108.75,2092,ssp126,87
29.789,-103.75,2092,ssp126,76
29.789,-98.75,2092,ssp126,40
29.789,-93.75,2092,ssp126,15
29.789,-88.75,2092,ssp126,8
29.789,-83.75,2092,ssp126,12
29.789,-78.75,2092,ssp126,0
29.789,-73.75,2092,ssp126,0
29.789,-68.75,2092,ssp126,0
32.324,-123.75,2092,ssp126,0
32.324,-118.75,2092,ssp126,0
32.324,-113.75,2092,ssp126,59
32.324,-108.75,2092,ssp126,93
32.324,-103.75,2092,ssp126,89
32.324,-98.75,2092,ssp126,52
32.324,-93.75,2092,ssp126,42
32.324,-88.75,2092,ssp126,43
32.324,-83.75,2092,ssp126,39
32.324,-78.75,2092,ssp126,4
32.324,-73.75,2092,ssp126,0
32.324,-68.75,2092,ssp126,0
34.859,-123.75,2092,ssp126,0
34.859,-118.75,2092,ssp126,70
34.859,-113.75,2092,ssp126,81
34.859,-108.75,2092,ssp126,117
34.859,-103.75,2092,ssp126,96
34.859,-98.75,2092,ssp126,62
34.859,-93.75,2092,ssp126,53
34.859,-88.75,2092,ssp126,55
34.859,-83.75,2092,ssp126,72
34.859,-78.75,2092,ssp126,49
34.859,-73.75,2092,ssp126,3
34.859,-68.75,2092,ssp126,0
37.394,-123.75,2092,ssp126,6
37.394,-118.75,2092,ssp126,134
37.394,-113.75,2092,ssp126,122
37.394,-108.75,2092,ssp126,112
37.394,-103.75,2092,ssp126,83
37.394,-98.75,2092,ssp126,64
37.394,-93.75,2092,ssp126,74
37.394,-88.75,2092,ssp126,68
37.394,-83.75,2092,ssp126,69
37.394,-78.75,2092,ssp126,74
37.394,-73.75,2092,ssp126,23
37.394,-68.75,2092,ssp126,5
39.93,-123.75,2092,ssp126,79
39.93,-118.75,2092,ssp126,136
39.93,-113.75,2092,ssp126,116
39.93,-108.75,2092,ssp126,99
39.93,-103.75,2092,ssp126,82
39.93,-98.75,2092,ssp126,57
39.93,-93.75,2092,ssp126,71
39.93,-88.75,2092,ssp126,76
39.93,-83.75,2092,ssp126,83
39.93,-78.75,2092,ssp126,78
39.93,-73.75,2092,ssp126,93
39.93,-68.75,2092,ssp126,59
42.465,-123.75,2092,ssp126,112
42.465,-118.75,2092,ssp126,118
42.465,-113.75,2092,ssp126,92
42.465,-108.75,2092,ssp126,78
42.465,-103.75,2092,ssp126,86
42.465,-98.75,2092,ssp126,65
42.465,-93.75,2092,ssp126,58
42.465,-88.75,2092,ssp126,69
42.465,-83.75,2092,ssp126,77
42.465,-78.75,2092,ssp126,76
42.465,-73.75,2092,ssp126,75
42.465,-68.75,2092,ssp126,116
45.0,-123.75,2092,ssp126,105
45.0,-118.75,2092,ssp126,110
45.0,-113.75,2092,ssp126,91
45.0,-108.75,2092,ssp126,81
45.0,-103.75,2092,ssp126,80
45.0,-98.75,2092,ssp126,70
45.0,-93.75,2092,ssp126,56
45.0,-88.75,2092,ssp126,59
45.0,-83.75,2092,ssp126,74
45.0,-78.75,2092,ssp126,70
45.0,-73.75,2092,ssp126,67
45.0,-68.75,2092,ssp126,75
47.535,-123.75,2092,ssp126,104
47.535,-118.75,2092,ssp126,92
47.535,-113.75,2092,ssp126,91
47.535,-108.75,2092,ssp126,84
47.535,-103.75,2092,ssp126,77
47.535,-98.75,2092,ssp126,66
47.535,-93.75,2092,ssp126,60
47.535,-88.75,2092,ssp126,62
47.535,-83.75,2092,ssp126,57
47.535,-78.75,2092,ssp126,59
47.535,-73.75,2092,ssp126,51
47.535,-68.75,2092,ssp126,45
24.718,-123.75,2093,ssp126,0
24.718,-118.75,2093,ssp126,0
24.718,-113.75,2093,ssp126,0
24.718,-108.75,2093,ssp126,0
24.718,-103.75,2093,ssp126,66
24.718,-98.75,2093,ssp126,2
24.718,-93.75,2093,ssp126,0
24.718,-88.75,2093,ssp126,0
24.718,-83.75,2093,ssp126,0
24.718,-78.75,2093,ssp126,0
24.718,-73.75,2093,ssp126,0
24.718,-68.75,2093,ssp126,0
27.254,-123.75,2093,ssp126,0
27.254,-118.75,2093,ssp126,0
27.254,-113.75,2093,ssp126,0
27.254,-108.75,2093,ssp126,30
27.254,-103.75,2093,ssp126,47
27.254,-98.75,2093,ssp126,13
27.254,-93.75,2093,ssp126,0
27.254,-88.75,2093,ssp126,0
27.254,-83.75,2093,ssp126,0
27.254,-78.75,2093,ssp126,0
27.254,-73.75,2093,ssp126,0
27.254,-68.75,2093,ssp126,0
29.789,-123.75,2093,ssp126,0
29.789,-118.75,2093,ssp126,0
29.789,-113.75,2093,ssp126,15
29.789,-108.75,2093,ssp126,87
29.789,-103.75,2093,ssp126,78
29.789,-98.75,2093,ssp126,41
29.789,-93.75,2093,ssp126,20
29.789,-88.75,2093,ssp126,4
29.789,-83.75,2093,ssp126,13
29.789,-78.75,2093,ssp126,0
29.789,-73.75,2093,ssp126,0
29.789,-68.75,2093,ssp126,0
32.324,-123.75,2093,ssp126,0
32.324,-118.75,2093,ssp126,0
32.324,-113.75,2093,ssp126,44
32.324,-108.75,2093,ssp126,114
32.324,-103.75,2093,ssp126,86
32.324,-98.75,2093,ssp126,67
32.324,-93.75,2093,ssp126,60
32.324,-88.75,2093,ssp126,60
32.324,-83.75,2093,ssp126,59
32.324,-78.75,2093,ssp126,3
32.324,-73.75,2093,ssp126,0
32.324,-68.75,2093,ssp126,0
34.859,-123.75,2093,ssp126,0
34.859,-118.75,2093,ssp126,56
34.859,-113.75,2093,ssp126,96
34.859,-108.75,2093,ssp126,98
34.859,-103.75,2093,ssp126,103
34.859,-98.75,2093,ssp126,82
34.859,-93.75,2093,ssp126,69
34.859,-88.75,2093,ssp126,92
34.859,-83.75,2093,ssp126,99
34.859,-78.75,2093,ssp126,71
34.859,-73.75,2093,ssp126,1
34.859,-68.75,2093,ssp126,0
37.394,-123.75,2093,ssp126,8
37.394,-118.75,2093,ssp126,130
37.394,-113.75,2093,ssp126,118
37.394,-108.75,2093,ssp126,89
37.394,-103.75,2093,ssp126,76
37.394,-98.75,2093,ssp126,81
37.394,-93.75,2093,ssp126,84
37.394,-88.75,2093,ssp126,92
37.394,-83.75,2093,ssp126,83
37.394,-78.75,2093,ssp126,89
37.394,-73.75,2093,ssp126,33
37.394,-68.75,2093,ssp126,0
39.93,-123.75,2093,ssp126,49
39.93,-118.75,2093,ssp126,128
39.93,-113.75,2093,ssp126,112
39.93,-108.75,2093,ssp126,90
39.93,-103.75,2093,ssp126,78
39.93,-98.75,2093,ssp126,67
39.93,-93.75,2093,ssp126,78
39.93,-88.75,2093,ssp126,74
39.93,-83.75,2093,ssp126,78
39.93,-78.75,2093,ssp126,78
39.93,-73.75,2093,ssp126,90
39.93,-68.75,2093,ssp126,57
42.465,-123.75,2093,ssp126,125
42.465,-118.75,2093,ssp126,125
42.465,-113.75,2093,ssp126,112
42.465,-108.75,2093,ssp126,88
42.465,-103.75,2093,ssp126,64
42.465,-98.75,2093,ssp126,56
42.465,-93.75,2093,ssp126,59
42.465,-88.75,2093,ssp126,70
42.465,-83.75,2093,ssp126,82
42.465,-78.75,2093,ssp126,82
42.465,-73.75,2093,ssp126,72
42.465,-68.75,2093,ssp126,101
45.0,-123.75,2093,ssp126,88
45.0,-118.75,2093,ssp126,124
45.0,-113.75,2093,ssp126,88
45.0,-108.75,2093,ssp126,75
45.0,-103.75,2093,ssp126,59
45.0,-98.75,2093,ssp126,58
45.0,-93.75,2093,ssp126,57
45.0,-88.75,2093,ssp126,60
45.0,-83.75,2093,ssp126,73
45.0,-78.75,2093,ssp126,73
45.0,-73.75,2093,ssp126,57
45.0,-68.75,2093,ssp126,69
47.535,-123.75,2093,ssp126,79
47.535,-118.75,2093,ssp126,122
47.535,-113.75,2093,ssp126,86
47.535,-108.75,2093,ssp126,65
47.535,-103.75,2093,ssp126,57
47.535,-98.75,2093,ssp126,53
47.535,-93.75,2093,ssp126,53
47.535,-88.75,2093,ssp126,72
47.535,-83.75,2093,ssp126,54
47.535,-78.75,2093,ssp126,51
47.535,-73.75,2093,ssp126,53
47.535,-68.75,2093,ssp126,66
24.718,-123.75,2094,ssp126,0
24.718,-118.75,2094,ssp126,0
24.718,-113.75,2094,ssp126,0
24.718,-108.75,2094,ssp126,0
24.718,-103.75,2094,ssp126,63
24.718,-98.75,2094,ssp126,6
24.718,-93.75,2094,ssp126,0
24.718,-88.75,2094,ssp126,0
24.718,-83.75,2094,ssp126,0
24.718,-78.75,2094,ssp126,0
24.718,-73.75,2094,ssp126,0
24.718,-68.75,2094,ssp126,0
27.254,-123.75,2094,ssp126,0
27.254,-118.75,2094,ssp126,0
27.254,-113.75,2094,ssp126,0
27.254,-108.75,2094,ssp126,38
27.254,-103.75,2094,ssp126,57
27.254,-98.75,2094,ssp126,13
27.254,-93.75,2094,ssp126,0
27.254,-88.75,2094,ssp126,0
27.254,-83.75,2094,ssp126,0
27.254,-78.75,2094,ssp126,0
27.254,-73.75,2094,ssp126,0
27.254,-68.75,2094,ssp126,0
29.789,-123.75,2094,ssp126,0
29.789,-118.75,2094,ssp126,0
29.789,-113.75,2094,ssp126,15
29.789,-108.75,2094,ssp126,74
29.789,-103.75,2094,ssp126,62
29.789,-98.75,2094,ssp126,28
29.789,-93.75,2094,ssp126,15
29.789,-88.75,2094,ssp126,10
29.789,-83.75,2094,ssp126,12
29.789,-78.75,2094,ssp126,0
29.789,-73.75,2094,ssp126,0
29.789,-68.75,2094,ssp126,0
32.324,-123.75,2094,ssp126,0
32.324,-118.75,2094,ssp126,0
32.324,-113.75,2094,ssp126,57
32.324,-108.75,2094,ssp126,102
32.324,-103.75,2094,ssp126,92
32.324,-98.75,2094,ssp126,67
32.324,-93.75,2094,ssp126,58
32.324,-88.75,2094,ssp126,65
32.324,-83.75,2094,ssp126,51
32.324,-78.75,2094,ssp126,4
32.324,-73.75,2094,ssp126,0
32.324,-68.75,2094,ssp126,0
34.859,-123.75,2094,ssp126,0
34.859,-118.75,2094,ssp126,67
34.859,-113.75,2094,ssp126,85
34.859,-108.75,2094,ssp126,96
34.859,-103.75,2094,ssp126,91
34.859,-98.75,2094,ssp126,85
34.859,-93.75,2094,ssp126,78
34.859,-88.75,2094,ssp126,78
34.859,-83.75,2094,ssp126,80
34.859,-78.75,2094,ssp126,66
34.859,-73.75,2094,ssp126,5
34.859,-68.75,2094,ssp126,0
37.394,-123.75,2094,ssp126,3
37.394,-118.75,2094,ssp126,114
37.394,-113.75,2094,ssp126,118
37.394,-108.75,2094,ssp126,108
37.394,-103.75,2094,ssp126,87
37.394,-98.75,2094,ssp126,76
37.394,-93.75,2094,ssp126,72
37.394,-88.75,2094,ssp126,86
37.394,-83.75,2094,ssp126,74
37.394,-78.75,2094,ssp126,77
37.394,-73.75,2094,ssp126,32
37.394,-68.75,2094,ssp126,6
39.93,-123.75,2094,ssp126,75
39.93,-118.75,2094,ssp126,130
39.93,-113.75,2094,ssp126,112
39.93,-108.75,2094,ssp126,85
39.93,-103.75,2094,ssp126,98
39.93,-98.75,2094,ssp126,64
39.93,-93.75,2094,ssp126,63
39.93,-88.75,2094,ssp126,76
39.93,-83.75,2094,ssp126,76
39.93,-78.75,2094,ssp126,71
39.93,-73.75,2094,ssp126,101
39.93,-68.75,2094,ssp126,68
42.465,-123.75,2094,ssp126,109
42.465,-118.75,2094,ssp126,132
42.465,-113.75,2094,ssp126,114
42.465,-108.75,2094,ssp126,78
42.465,-103.75,2094,ssp126,93
42.465,-98.75,2094,ssp126,55
42.465,-93.75,2094,ssp126,53
42.465,-88.75,2094,ssp126,69
42.465,-83.75,2094,ssp126,67
42.465,-78.75,2094,ssp126,63
42.465,-73.75,2094,ssp126,56
42.465,-68.75,2094,ssp126,115
45.0,-123.75,2094,ssp126,94
45.0,-118.75,2094,ssp126,127
45.0,-113.75,2094,ssp126,102
45.0,-108.75,2094,ssp126,104
45.0,-103.75,2094,ssp126,77
45.0,-98.75,2094,ssp126,54
45.0,-93.75,2094,ssp126,38
45.0,-88.75,2094,ssp126,54
45.0,-83.75,2094,ssp126,66
45.0,-78.75,2094,ssp126,67
45.0,-73.75,2094,ssp126,48
45.0,-68.75,2094,ssp126,63
47.535,-123.75,2094,ssp126,92
47.535,-118.75,2094,ssp126,114
47.535,-113.75,2094,ssp126,111
47.535,-108.75,2094,ssp126,90
47.535,-103.75,2094,ssp126,63
47.535,-98.75,2094,ssp126,43
47.535,-93.75,2094,ssp126,42
47.535,-88.75,2094,ssp126,60
47.535,-83.75,2094,ssp126,49
47.535,-78.75,2094,ssp126,43
47.535,-73.75,2094,ssp126,37
47.535,-68.75,2094,ssp126,46
24.718,-123.75,2095,ssp126,0
24.718,-118.75,2095,ssp126,0
24.718,-113.75,2095,ssp126,0
24.718,-108.75,2095,ssp126,0
24.718,-103.75,2095,ssp126,56
24.718,-98.75,2095,ssp126,9
24.718,-93.75,2095,ssp126,0
24.718,-88.75,2095,ssp126,0
24.718,-83.75,2095,ssp126,0
24.718,-78.75,2095,ssp126,0
24.718,-73.75,2095,ssp126,0
24.718,-68.75,2095,ssp126,0
27.254,-123.75,2095,ssp126,0
27.254,-118.75,2095,ssp126,0
27.254,-113.75,2095,ssp126,0
27.254,-108.75,2095,ssp126,51
27.254,-103.75,2095,ssp126,66
27.254,-98.75,2095,ssp126,15
27.254,-93.75,2095,ssp126,0
27.254,-88.75,2095,ssp126,0
27.254,-83.75,2095,ssp126,0
27.254,-78.75,2095,ssp126,0
27.254,-73.75,2095,ssp126,0
27.254,-68.75,2095,ssp126,0
29.789,-123.75,2095,ssp126,0
29.789,-118.75,2095,ssp126,0
29.789,-113.75,2095,ssp126,10
29.789,-108.75,2095,ssp126,89
29.789,-103.75,2095,ssp126,74
29.789,-98.75,2095,ssp126,49
29.789,-93.75,2095,ssp126,17
29.789,-88.75,2095,ssp126,9
29.789,-83.75,2095,ssp126,12
29.789,-78.75,2095,ssp126,0
29.789,-73.75,2095,ssp126,0
29.789,-68.75,2095,ssp126,0
32.324,-123.75,2095,ssp126,0
32.324,-118.75,2095,ssp126,0
32.324,-113.75,2095,ssp126,65
32.324,-108.75,2095,ssp126,90
32.324,-103.75,2095,ssp126,94
32.324,-98.75,2095,ssp126,88
32.324,-93.75,2095,ssp126,51
32.324,-88.75,2095,ssp126,51
32.324,-83.75,2095,ssp126,54
32.324,-78.75,2095,ssp126,6
32.324,-73.75,2095,ssp126,0
32.324,-68.75,2095,ssp126,0
34.859,-123.75,2095,ssp126,0
34.859,-118.75,2095,ssp126,66
34.859,-113.75,2095,ssp126,106
34.859,-108.75,2095,ssp126,91
34.859,-103.75,2095,ssp126,82
34.859,-98.75,2095,ssp126,98
34.859,-93.75,2095,ssp126,82
34.859,-88.75,2095,ssp126,77
34.859,-83.75,2095,ssp126,79
34.859,-78.75,2095,ssp126,69
34.859,-73.75,2095,ssp126,4
34.859,-68.75,2095,ssp126,0
37.394,-123.75,2095,ssp126,5
37.394,-118.75,2095,ssp126,107
37.394,-113.75,2095,ssp126,86
37.394,-108.75,2095,ssp126,79
37.394,-103.75,2095,ssp126,79
37.394,-98.75,2095,ssp126,84
37.394,-93.75,2095,ssp126,88
37.394,-88.75,2095,ssp126,84
37.394,-83.75,2095,ssp126,84
37.394,-78.75,2095,ssp126,76
37.394,-73.75,2095,ssp126,32
37.394,-68.75,2095,ssp126,6
39.93,-123.75,2095,ssp126,36
39.93,-118.75,2095,ssp126,106
39.93,-113.75,2095,ssp126,89
39.93,-108.75,2095,ssp126,78
39.93,-103.75,2095,ssp126,66
39.93,-98.75,2095,ssp126,79
39.93,-93.75,2095,ssp126,77
39.93,-88.75,2095,ssp126,75
39.93,-83.75,2095,ssp126,74
39.93,-78.75,2095,ssp126,66
39.93,-73.75,2095,ssp126,100
39.93,-68.75,2095,ssp126,53
42.465,-123.75,2095,ssp126,119
42.465,-118.75,2095,ssp126,100
42.465,-113.75,2095,ssp126,85
42.465,-108.75,2095,ssp126,82
42.465,-103.75,2095,ssp126,68
42.465,-98.75,2095,ssp126,72
42.465,-93.75,2095,ssp126,66
42.465,-88.75,2095,ssp126,81
42.465,-83.75,2095,ssp126,70
42.465,-78.75,2095,ssp126,58
42.465,-73.75,2095,ssp126,55
42.465,-68.75,2095,ssp126,120
45.0,-123.75,2095,ssp126,91
45.0,-118.75,2095,ssp126,120
45.0,-113.75,2095,ssp126,89
45.0,-108.75,2095,ssp126,79
45.0,-103.75,2095,ssp126,67
45.0,-98.75,2095,ssp126,60
45.0,-93.75,2095,ssp126,61
45.0,-88.75,2095,ssp126,71
45.0,-83.75,2095,ssp126,72
45.0,-78.75,2095,ssp126,64
45.0,-73.75,2095,ssp126,55
45.0,-68.75,2095,ssp126,55
47.535,-123.75,2095,ssp126,96
47.535,-118.75,2095,ssp126,116
47.535,-113.75,2095,ssp126,87
47.535,-108.75,2095,ssp126,75
47.535,-103.75,2095,ssp126,66
47.535,-98.75,2095,ssp126,58
47.535,-93.75,2095,ssp126,52
47.535,-88.75,2095,ssp126,79
47.535,-83.75,2095,ssp126,67
47.535,-78.75,2095,ssp126,58
47.535,-73.75,2095,ssp126,59
47.535,-68.75,2095,ssp126,51
24.718,-123.75,2096,ssp126,0
24.718,-118.75,2096,ssp126,0
24.718,-113.75,2096,ssp126,0
24.718,-108.75,2096,ssp126,1
24.718,-103.75,2096,ssp126,61
24.718,-98.75,2096,ssp126,11
24.718,-93.75,2096,ssp126,0
24.718,-88.75,2096,ssp126,0
24.718,-83.75,2096,ssp126,0
24.718,-78.75,2096,ssp126,0
24.718,-73.75,2096,ssp126,0
24.718,-68.75,2096,ssp126,0
27.254,-123.75,2096,ssp126,0
27.254,-118.75,2096,ssp126,0
27.254,-113.75,2096,ssp126,3
27.254,-108.75,2096,ssp126,42
27.254,-103.75,2096,ssp126,55
27.254,-98.75,2096,ssp126,24
27.254,-93.75,2096,ssp126,0
27.254,-88.75,2096,ssp126,0
27.254,-83.75,2096,ssp126,0
27.254,-78.75,2096,ssp126,0
27.254,-73.75,2096,ssp126,0
27.254,-68.75,2096,ssp126,0
29.789,-123.75,2096,ssp126,0
29.789,-118.75,2096,ssp126,0
29.789,-113.75,2096,ssp126,24
29.789,-108.75,2096,ssp126,92
29.789,-103.75,2096,ssp126,65
29.789,-98.75,2096,ssp126,42
29.789,-93.75,2096,ssp126,23
29.789,-88.75,2096,ssp126,7
29.789,-83.75,2096,ssp126,11
29.789,-78.75,2096,ssp126,0
29.789,-73.75,2096,ssp126,0
29.789,-68.75,2096,ssp126,0
32.324,-123.75,2096,ssp126,0
32.324,-118.75,2096,ssp126,2
32.324,-113.75,2096,ssp126,51
32.324,-108.75,2096,ssp126,110
32.324,-103.75,2096,ssp126,82
32.324,-98.75,2096,ssp126,54
32.324,-93.75,2096,ssp126,54
32.324,-88.75,2096,ssp126,57
32.324,-83.75,2096,ssp126,51
32.324,-78.75,2096,ssp126,2
32.324,-73.75,2096,ssp126,0
32.324,-68.75,2096,ssp126,0
34.859,-123.75,2096,ssp126,1
34.859,-118.75,2096,ssp126,71
34.859,-113.75,2096,ssp126,109
34.859,-108.75,2096,ssp126,101
34.859,-103.75,2096,ssp126,105
34.859,-98.75,2096,ssp126,67
34.859,-93.75,2096,ssp126,59
34.859,-88.75,2096,ssp126,69
34.859,-83.75,2096,ssp126,78
34.859,-78.75,2096,ssp126,72
34.859,-73.75,2096,ssp126,1
34.859,-68.75,2096,ssp126,0
37.394,-123.75,2096,ssp126,6
37.394,-118.75,2096,ssp126,156
37.394,-113.75,2096,ssp126,103
37.394,-108.75,2096,ssp126,84
37.394,-103.75,2096,ssp126,92
37.394,-98.75,2096,ssp126,79
37.394,-93.75,2096,ssp126,57
37.394,-88.75,2096,ssp126,69
37.394,-83.75,2096,ssp126,68
37.394,-78.75,2096,ssp126,69
37.394,-73.75,2096,ssp126,26
37.394,-68.75,2096,ssp126,7
39.93,-123.75,2096,ssp126,71
39.93,-118.75,2096,ssp126,123
39.93,-113.75,2096,ssp126,96
39.93,-108.75,2096,ssp126,72
39.93,-103.75,2096,ssp126,74
39.93,-98.75,2096,ssp126,81
39.93,-93.75,2096,ssp126,62
39.93,-88.75,2096,ssp126,70
39.93,-83.75,2096,ssp126,66
39.93,-78.75,2096,ssp126,70
39.93,-73.75,2096,ssp126,96
39.93,-68.75,2096,ssp126,64
42.465,-123.75,2096,ssp126,147
42.465,-118.75,2096,ssp126,112
42.465,-113.75,2096,ssp126,102
42.465,-108.75,2096,ssp126,69
42.465,-103.75,2096,ssp126,85
42.465,-98.75,2096,ssp126,82
42.465,-93.75,2096,ssp126,72
42.465,-88.75,2096,ssp126,71
42.465,-83.75,2096,ssp126,76
42.465,-78.75,2096,ssp126,80
42.465,-73.75,2096,ssp126,61
42.465,-68.75,2096,ssp126,124
45.0,-123.75,2096,ssp126,111
45.0,-118.75,2096,ssp126,142
45.0,-113.75,2096,ssp126,70
45.0,-108.75,2096,ssp126,79
45.0,-103.75,2096,ssp126,86
45.0,-98.75,2096,ssp126,78
45.0,-93.75,2096,ssp126,65
45.0,-88.75,2096,ssp126,66
45.0,-83.75,2096,ssp126,80
45.0,-78.75,2096,ssp126,76
45.0,-73.75,2096,ssp126,56
45.0,-68.75,2096,ssp126,64
47.535,-123.75,2096,ssp126,110
47.535,-118.75,2096,ssp126,127
47.535,-113.75,2096,ssp126,96
47.535,-108.75,2096,ssp126,88
47.535,-103.75,2096,ssp126,73
47.535,-98.75,2096,ssp126,69
47.535,-93.75,2096,ssp126,50
47.535,-88.75,2096,ssp126,73
47.535,-83.75,2096,ssp126,61
47.535,-78.75,2096,ssp126,49
47.535,-73.75,2096,ssp126,47
47.535,-68.75,2096,ssp126,49
24.718,-123.75,2097,ssp126,0
24.718,-118.75,2097,ssp126,0
24.718,-113.75,2097,ssp126,0
24.718,-108.75,2097,ssp126,0
24.718,-103.75,2097,ssp126,51
24.718,-98.75,2097,ssp126,10
24.718,-93.75,2097,ssp126,0
24.718,-88.75,2097,ssp126,0
24.718,-83.75,2097,ssp126,0
24.718,-78.75,2097,ssp126,0
24.718,-73.75,2097,ssp126,0
24.718,-68.75,2097,ssp126,0
27.254,-123.75,2097,ssp126,0
27.254,-118.75,2097,ssp126,0
27.254,-113.75,2097,ssp126,2
27.254,-108.75,2097,ssp126,50
27.254,-103.75,2097,ssp126,53
27.254,-98.75,2097,ssp126,22
27.254,-93.75,2097,ssp126,0
27.254,-88.75,2097,ssp126,0
27.254,-83.75,2097,ssp126,0
27.254,-78.75,2097,ssp126,0
27.254,-73.75,2097,ssp126,0
27.254,-68.75,2097,ssp126,0
29.789,-123.75,2097,ssp126,0
29.789,-118.75,2097,ssp126,0
29.789,-113.75,2097,ssp126,23
29.789,-108.75,2097,ssp126,83
29.789,-103.75,2097,ssp126,60
29.789,-98.75,2097,ssp126,35
29.789,-93.75,2097,ssp126,20
29.789,-88.75,2097,ssp126,16
29.789,-83.75,2097,ssp126,18
29.789,-78.75,2097,ssp126,0
29.789,-73.75,2097,ssp126,0
29.789,-68.75,2097,ssp126,0
32.324,-123.75,2097,ssp126,0
32.324,-118.75,2097,ssp126,2
32.324,-113.75,2097,ssp126,62
32.324,-108.75,2097,ssp126,94
32.324,-103.75,2097,ssp126,78
32.324,-98.75,2097,ssp126,51
32.324,-93.75,2097,ssp126,38
32.324,-88.75,2097,ssp126,31
32.324,-83.75,2097,ssp126,27
32.324,-78.75,2097,ssp126,6
32.324,-73.75,2097,ssp126,0
32.324,-68.75,2097,ssp126,0
34.859,-123.75,2097,ssp126,2
34.859,-118.75,2097,ssp126,90
34.859,-113.75,2097,ssp126,109
34.859,-108.75,2097,ssp126,91
34.859,-103.75,2097,ssp126,98
34.859,-98.75,2097,ssp126,60
34.859,-93.75,2097,ssp126,56
34.859,-88.75,2097,ssp126,55
34.859,-83.75,2097,ssp126,58
34.859,-78.75,2097,ssp126,33
34.859,-73.75,2097,ssp126,4
34.859,-68.75,2097,ssp126,0
37.394,-123.75,2097,ssp126,9
37.394,-118.75,2097,ssp126,110
37.394,-113.75,2097,ssp126,86
37.394,-108.75,2097,ssp126,83
37.394,-103.75,2097,ssp126,101
37.394,-98.75,2097,ssp126,58
37.394,-93.75,2097,ssp126,60
37.394,-88.75,2097,ssp126,74
37.394,-83.75,2097,ssp126,74
37.394,-78.75,2097,ssp126,70
37.394,-73.75,2097,ssp126,24
37.394,-68.75,2097,ssp126,5
39.93,-123.75,2097,ssp126,102
39.93,-118.75,2097,ssp126,93
39.93,-113.75,2097,ssp126,104
39.93,-108.75,2097,ssp126,83
39.93,-103.75,2097,ssp126,91
39.93,-98.75,2097,ssp126,62
39.93,-93.75,2097,ssp126,59
39.93,-88.75,2097,ssp126,66
39.93,-83.75,2097,ssp126,69
39.93,-78.75,2097,ssp126,69
39.93,-73.75,2097,ssp126,84
39.93,-68.75,2097,ssp126,52
42.465,-123.75,2097,ssp126,135
42.465,-118.75,2097,ssp126,99
42.465,-113.75,2097,ssp126,92
42.465,-108.75,2097,ssp126,84
42.465,-103.75,2097,ssp126,83
42.465,-98.75,2097,ssp126,59
42.465,-93.75,2097,ssp126,54
42.465,-88.75,2097,ssp126,62
42.465,-83.75,2097,ssp126,66
42.465,-78.75,2097,ssp126,65
42.465,-73.75,2097,ssp126,58
42.465,-68.75,2097,ssp126,102
45.0,-123.75,2097,ssp126,131
45.0,-118.75,2097,ssp126,78
45.0,-113.75,2097,ssp126,96
45.0,-108.75,2097,ssp126,91
45.0,-103.75,2097,ssp126,66
45.0,-98.75,2097,ssp126,42
45.0,-93.75,2097,ssp126,49
45.0,-88.75,2097,ssp126,55
45.0,-83.75,2097,ssp126,66
45.0,-78.75,2097,ssp126,55
45.0,-73.75,2097,ssp126,50
45.0,-68.75,2097,ssp126,66
47.535,-123.75,2097,ssp126,110
47.535,-118.75,2097,ssp126,60
47.535,-113.75,2097,ssp126,87
47.535,-108.75,2097,ssp126,74
47.535,-103.75,2097,ssp126,56
47.535,-98.75,2097,ssp126,46
47.535,-93.75,2097,ssp126,45
47.535,-88.75,2097,ssp126,44
47.535,-83.75,2097,ssp126,47
47.535,-78.75,2097,ssp126,58
47.535,-73.75,2097,ssp126,56
47.535,-68.75,2097,ssp126,54
24.718,-123.75,2098,ssp126,0
24.718,-118.75,2098,ssp126,0
24.718,-113.75,2098,ssp126,0
24.718,-108.75,2098,ssp126,0
24.718,-103.75,2098,ssp126,78
24.718,-98.75,2098,ssp126,9
24.718,-93.75,2098,ssp126,0
24.718,-88.75,2098,ssp126,0
24.718,-83.75,2098,ssp126,0
24.718,-78.75,2098,ssp126,0
24.718,-73.75,2098,ssp126,0
24.718,-68.75,2098,ssp126,0
27.254,-123.75,2098,ssp126,0
27.254,-118.75,2098,ssp126,0
27.254,-113.75,2098,ssp126,0
27.254,-108.75,2098,ssp126,44
27.254,-103.75,2098,ssp126,78
27.254,-98.75,2098,ssp126,29
27.254,-93.75,2098,ssp126,0
27.254,-88.75,2098,ssp126,0
27.254,-83.75,2098,ssp126,0
27.254,-78.75,2098,ssp126,0
27.254,-73.75,2098,ssp126,0
27.254,-68.75,2098,ssp126,0
29.789,-123.75,2098,ssp126,0
29.789,-118.75,2098,ssp126,0
29.789,-113.75,2098,ssp126,9
29.789,-108.75,2098,ssp126,107
29.789,-103.75,2098,ssp126,81
29.789,-98.75,2098,ssp126,54
29.789,-93.75,2098,ssp126,33
29.789,-88.75,2098,ssp126,16
29.789,-83.75,2098,ssp126,20
29.789,-78.75,2098,ssp126,0
29.789,-73.75,2098,ssp126,0
29.789,-68.75,2098,ssp126,0
32.324,-123.75,2098,ssp126,0
32.324,-118.75,2098,ssp126,0
32.324,-113.75,2098,ssp126,59
32.324,-108.75,2098,ssp126,106
32.324,-103.75,2098,ssp126,84
32.324,-98.75,2098,ssp126,72
32.324,-93.75,2098,ssp126,52
32.324,-88.75,2098,ssp126,40
32.324,-83.75,2098,ssp126,44
32.324,-78.75,2098,ssp126,10
32.324,-73.75,2098,ssp126,0
32.324,-68.75,2098,ssp126,0
34.859,-123.75,2098,ssp126,0
34.859,-118.75,2098,ssp126,70
34.859,-113.75,2098,ssp126,117
34.859,-108.75,2098,ssp126,75
34.859,-103.75,2098,ssp126,90
34.859,-98.75,2098,ssp126,67
34.859,-93.75,2098,ssp126,58
34.859,-88.75,2098,ssp126,61
34.859,-83.75,2098,ssp126,62
34.859,-78.75,2098,ssp126,50
34.859,-73.75,2098,ssp126,5
34.859,-68.75,2098,ssp126,0
37.394,-123.75,2098,ssp126,3
37.394,-118.75,2098,ssp126,112
37.394,-113.75,2098,ssp126,80
37.394,-108.75,2098,ssp126,75
37.394,-103.75,2098,ssp126,85
37.394,-98.75,2098,ssp126,74
37.394,-93.75,2098,ssp126,66
37.394,-88.75,2098,ssp126,75
37.394,-83.75,2098,ssp126,67
37.394,-78.75,2098,ssp126,65
37.394,-73.75,2098,ssp126,41
37.394,-68.75,2098,ssp126,5
39.93,-123.75,2098,ssp126,51
39.93,-118.75,2098,ssp126,92
39.93,-113.75,2098,ssp126,77
39.93,-108.75,2098,ssp126,84
39.93,-103.75,2098,ssp126,80
39.93,-98.75,2098,ssp126,69
39.93,-93.75,2098,ssp126,69
39.93,-88.75,2098,ssp126,67
39.93,-83.75,2098,ssp126,68
39.93,-78.75,2098,ssp126,67
39.93,-73.75,2098,ssp126,80
39.93,-68.75,2098,ssp126,59
42.465,-123.75,2098,ssp126,139
42.465,-118.75,2098,ssp126,73
42.465,-113.75,2098,ssp126,77
42.465,-108.75,2098,ssp126,78
42.465,-103.75,2098,ssp126,80
42.465,-98.75,2098,ssp126,50
42.465,-93.75,2098,ssp126,54
42.465,-88.75,2098,ssp126,54
42.465,-83.75,2098,ssp126,64
42.465,-78.75,2098,ssp126,73
42.465,-73.75,2098,ssp126,76
42.465,-68.75,2098,ssp126,94
45.0,-123.75,2098,ssp126,128
45.0,-118.75,2098,ssp126,76
45.0,-113.75,2098,ssp126,81
45.0,-108.75,2098,ssp126,82
45.0,-103.75,2098,ssp126,54
45.0,-98.75,2098,ssp126,37
45.0,-93.75,2098,ssp126,37
45.0,-88.75,2098,ssp126,52
45.0,-83.75,2098,ssp126,64
45.0,-78.75,2098,ssp126,60
45.0,-73.75,2098,ssp126,58
45.0,-68.75,2098,ssp126,79
47.535,-123.75,2098,ssp126,125
47.535,-118.75,2098,ssp126,68
47.535,-113.75,2098,ssp126,65
47.535,-108.75,2098,ssp126,58
47.535,-103.75,2098,ssp126,34
47.535,-98.75,2098,ssp126,36
47.535,-93.75,2098,ssp126,41
47.535,-88.75,2098,ssp126,45
47.535,-83.75,2098,ssp126,56
47.535,-78.75,2098,ssp126,53
47.535,-73.75,2098,ssp126,53
47.535,-68.75,2098,ssp126,63
24.718,-123.75,2099,ssp126,0
24.718,-118.75,2099,ssp126,0
24.718,-113.75,2099,ssp126,0
24.718,-108.75,2099,ssp126,0
24.718,-103.75,2099,ssp126,77
24.718,-98.75,2099,ssp126,6
24.718,-93.75,2099,ssp126,0
24.718,-88.75,2099,ssp126,0
24.718,-83.75,2099,ssp126,0
24.718,-78.75,2099,ssp126,0
24.718,-73.75,2099,ssp126,0
24.718,-68.75,2099,ssp126,0
27.254,-123.75,2099,ssp126,0
27.254,-118.75,2099,ssp126,0
27.254,-113.75,2099,ssp126,0
27.254,-108.75,2099,ssp126,22
27.254,-103.75,2099,ssp126,80
27.254,-98.75,2099,ssp126,36
27.254,-93.75,2099,ssp126,0
27.254,-88.75,2099,ssp126,0
27.254,-83.75,2099,ssp126,0
27.254,-78.75,2099,ssp126,0
27.254,-73.75,2099,ssp126,0
27.254,-68.75,2099,ssp126,0
29.789,-123.75,2099,ssp126,0
29.789,-118.75,2099,ssp126,0
29.789,-113.75,2099,ssp126,5
29.789,-108.75,2099,ssp126,102
29.789,-103.75,2099,ssp126,80
29.789,-98.75,2099,ssp126,62
29.789,-93.75,2099,ssp126,35
29.789,-88.75,2099,ssp126,18
29.789,-83.75,2099,ssp126,25
29.789,-78.75,2099,ssp126,0
29.789,-73.75,2099,ssp126,0
29.789,-68.75,2099,ssp126,0
32.324,-123.75,2099,ssp126,0
32.324,-118.75,2099,ssp126,0
32.324,-113.75,2099,ssp126,59
32.324,-108.75,2099,ssp126,98
32.324,-103.75,2099,ssp126,87
32.324,-98.75,2099,ssp126,77
32.324,-93.75,2099,ssp126,73
32.324,-88.75,2099,ssp126,74
32.324,-83.75,2099,ssp126,81
32.324,-78.75,2099,ssp126,10
32.324,-73.75,2099,ssp126,0
32.324,-68.75,2099,ssp126,0
34.859,-123.75,2099,ssp126,0
34.859,-118.75,2099,ssp126,35
34.859,-113.75,2099,ssp126,113
34.859,-108.75,2099,ssp126,97
34.859,-103.75,2099,ssp126,73
34.859,-98.75,2099,ssp126,70
34.859,-93.75,2099,ssp126,75
34.859,-88.75,2099,ssp126,75
34.859,-83.75,2099,ssp126,81
34.859,-78.75,2099,ssp126,83
34.859,-73.75,2099,ssp126,3
34.859,-68.75,2099,ssp126,0
37.394,-123.75,2099,ssp126,0
37.394,-118.75,2099,ssp126,129
37.394,-113.75,2099,ssp126,100
37.394,-108.75,2099,ssp126,102
37.394,-103.75,2099,ssp126,73
37.394,-98.75,2099,ssp126,60
37.394,-93.75,2099,ssp126,53
37.394,-88.75,2099,ssp126,70
37.394,-83.75,2099,ssp126,61
37.394,-78.75,2099,ssp126,67
37.394,-73.75,2099,ssp126,43
37.394,-68.75,2099,ssp126,1
39.93,-123.75,2099,ssp126,16
39.93,-118.75,2099,ssp126,137
39.93,-113.75,2099,ssp126,117
39.93,-108.75,2099,ssp126,94
39.93,-103.75,2099,ssp126,80
39.93,-98.75,2099,ssp126,60
39.93,-93.75,2099,ssp126,48
39.93,-88.75,2099,ssp126,56
39.93,-83.75,2099,ssp126,59
39.93,-78.75,2099,ssp126,57
39.93,-73.75,2099,ssp126,111
39.93,-68.75,2099,ssp126,77
42.465,-123.75,2099,ssp126,66
42.465,-118.75,2099,ssp126,145
42.465,-113.75,2099,ssp126,118
42.465,-108.75,2099,ssp126,104
42.465,-103.75,2099,ssp126,87
42.465,-98.75,2099,ssp126,58
42.465,-93.75,2099,ssp126,50
42.465,-88.75,2099,ssp126,57
42.465,-83.75,2099,ssp126,68
42.465,-78.75,2099,ssp126,60
42.465,-73.75,2099,ssp126,52
42.465,-68.75,2099,ssp126,109
45.0,-123.75,2099,ssp126,34
45.0,-118.75,2099,ssp126,164
45.0,-113.75,2099,ssp126,121
45.0,-108.75,2099,ssp126,88
45.0,-103.75,2099,ssp126,73
45.0,-98.75,2099,ssp126,57
45.0,-93.75,2099,ssp126,55
45.0,-88.75,2099,ssp126,67
45.0,-83.75,2099,ssp126,68
45.0,-78.75,2099,ssp126,54
45.0,-73.75,2099,ssp126,56
45.0,-68.75,2099,ssp126,57
47.535,-123.75,2099,ssp126,66
47.535,-118.75,2099,ssp126,117
47.535,-113.75,2099,ssp126,114
47.535,-108.75,2099,ssp126,69
47.535,-103.75,2099,ssp126,70
47.535,-98.75,2099,ssp126,64
47.535,-93.75,2099,ssp126,66
47.535,-88.75,2099,ssp126,74
47.535,-83.75,2099,ssp126,61
47.535,-78.75,2099,ssp126,50
47.535,-73.75,2099,ssp126,51
47.535,-68.75,2099,ssp126,53
24.718,-123.75,2100,ssp126,0
24.718,-118.75,2100,ssp126,0
24.718,-113.75,2100,ssp126,0
24.718,-108.75,2100,ssp126,0
24.718,-103.75,2100,ssp126,78
24.718,-98.75,2100,ssp126,2
24.718,-93.75,2100,ssp126,0
24.718,-88.75,2100,ssp126,0
24.718,-83.75,2100,ssp126,0
24.718,-78.75,2100,ssp126,0
24.718,-73.75,2100,ssp126,0
24.718,-68.75,2100,ssp126,0
27.254,-123.75,2100,ssp126,0
27.254,-118.75,2100,ssp126,0
27.254,-113.75,2100,ssp126,0
27.254,-108.75,2100,ssp126,11
27.254,-103.75,2100,ssp126,71
27.254,-98.75,2100,ssp126,14
27.254,-93.75,2100,ssp126,0
27.254,-88.75,2100,ssp126,0
27.254,-83.75,2100,ssp126,1
27.254,-78.75,2100,ssp126,0
27.254,-73.75,2100,ssp126,0
27.254,-68.75,2100,ssp126,0
29.789,-123.75,2100,ssp126,0
29.789,-118.75,2100,ssp126,0
29.789,-113.75,2100,ssp126,2
29.789,-108.75,2100,ssp126,101
29.789,-103.75,2100,ssp126,89
29.789,-98.75,2100,ssp126,45
29.789,-93.75,2100,ssp126,22
29.789,-88.75,2100,ssp126,13
29.789,-83.75,2100,ssp126,18
29.789,-78.75,2100,ssp126,2
29.789,-73.75,2100,ssp126,0
29.789,-68.75,2100,ssp126,0
32.324,-123.75,2100,ssp126,0
32.324,-118.75,2100,ssp126,0
32.324,-113.75,2100,ssp126,32
32.324,-108.75,2100,ssp126,138
32.324,-103.75,2100,ssp126,97
32.324,-98.75,2100,ssp126,78
32.324,-93.75,2100,ssp126,59
32.324,-88.75,2100,ssp126,63
32.324,-83.75,2100,ssp126,60
32.324,-78.75,2100,ssp126,8
32.324,-73.75,2100,ssp126,0
32.324,-68.75,2100,ssp126,0
34.859,-123.75,2100,ssp126,0
34.859,-118.75,2100,ssp126,29
34.859,-113.75,2100,ssp126,126
34.859,-108.75,2100,ssp126,101
34.859,-103.75,2100,ssp126,101
34.859,-98.75,2100,ssp126,86
34.859,-93.75,2100,ssp126,76
34.859,-88.75,2100,ssp126,69
34.859,-83.75,2100,ssp126,59
34.859,-78.75,2100,ssp126,71
34.859,-73.75,2100,ssp126,8
34.859,-68.75,2100,ssp126,0
37.394,-123.75,2100,ssp126,0
37.394,-118.75,2100,ssp126,162
37.394,-113.75,2100,ssp126,101
37.394,-108.75,2100,ssp126,76
37.394,-103.75,2100,ssp126,82
37.394,-98.75,2100,ssp126,81
37.394,-93.75,2100,ssp126,65
37.394,-88.75,2100,ssp126,63
37.394,-83.75,2100,ssp126,61
37.394,-78.75,2100,ssp126,61
37.394,-73.75,2100,ssp126,48
37.394,-68.75,2100,ssp126,8
39.93,-123.75,2100,ssp126,12
39.93,-118.75,2100,ssp126,138
39.93,-113.75,2100,ssp126,95
39.93,-108.75,2100,ssp126,82
39.93,-103.75,2100,ssp126,70
39.93,-98.75,2100,ssp126,69
39.93,-93.75,2100,ssp126,57
39.93,-88.75,2100,ssp126,53
39.93,-83.75,2100,ssp126,54
39.93,-78.75,2100,ssp126,48
39.93,-73.75,2100,ssp126,95
39.93,-68.75,2100,ssp126,93
42.465,-123.75,2100,ssp126,96
42.465,-118.75,2100,ssp126,125
42.465,-113.75,2100,ssp126,102
42.465,-108.75,2100,ssp126,88
42.465,-103.75,2100,ssp126,59
42.465,-98.75,2100,ssp126,58
42.465,-93.75,2100,ssp126,55
42.465,-88.75,2100,ssp126,55
42.465,-83.75,2100,ssp126,56
42.465,-78.75,2100,ssp126,52
42.465,-73.75,2100,ssp126,43
42.465,-68.75,2100,ssp126,108
45.0,-123.75,2100,ssp126,53
45.0,-118.75,2100,ssp126,133
45.0,-113.75,2100,ssp126,103
45.0,-108.75,2100,ssp126,80
45.0,-103.75,2100,ssp126,62
45.0,-98.75,2100,ssp126,48
45.0,-93.75,2100,ssp126,55
45.0,-88.75,2100,ssp126,53
45.0,-83.75,2100,ssp126,61
45.0,-78.75,2100,ssp126,49
45.0,-73.75,2100,ssp126,53
45.0,-68.75,2100,ssp126,59
47.535,-123.75,2100,ssp126,67
47.535,-118.75,2100,ssp126,120
47.535,-113.75,2100,ssp126,99
47.535,-108.75,2100,ssp126,68
47.535,-103.75,2100,ssp126,58
47.535,-98.75,2100,ssp126,51
47.535,-93.75,2100,ssp126,55
47.535,-88.75,2100,ssp126,56
47.535,-83.75,2100,ssp126,56
47.535,-78.75,2100,ssp126,55
47.535,-73.75,2100,ssp126,60
47.535,-68.75,2100,ssp126,64
24.718,-123.75,2020,ssp245,0
24.718,-118.75,2020,ssp245,0
24.718,-113.75,2020,ssp245,0
24.718,-108.75,2020,ssp245,0
24.718,-103.75,2020,ssp245,96
24.718,-98.75,2020,ssp245,12
24.718,-93.75,2020,ssp245,0
24.718,-88.75,2020,ssp245,0
24.718,-83.75,2020,ssp245,0
24.718,-78.75,2020,ssp245,0
24.718,-73.75,2020,ssp245,0
24.718,-68.75,2020,ssp245,0
27.254,-123.75,2020,ssp245,0
27.254,-118.75,2020,ssp245,0
27.254,-113.75,2020,ssp245,0
27.254,-108.75,2020,ssp245,55
27.254,-103.75,2020,ssp245,97
27.254,-98.75,2020,ssp245,18
27.254,-93.75,2020,ssp245,2
27.254,-88.75,2020,ssp245,0
27.254,-83.75,2020,ssp245,4
27.254,-78.75,2020,ssp245,0
27.254,-73.75,2020,ssp245,0
27.254,-68.75,2020,ssp245,0
29.789,-123.75,2020,ssp245,0
29.789,-118.75,2020,ssp245,0
29.789,-113.75,2020,ssp245,5
29.789,-108.75,2020,ssp245,126
29.789,-103.75,2020,ssp245,101
29.789,-98.75,2020,ssp245,56
29.789,-93.75,2020,ssp245,21
29.789,-88.75,2020,ssp245,14
29.789,-83.75,2020,ssp245,19
29.789,-78.75,2020,ssp245,2
29.789,-73.75,2020,ssp245,0
29.789,-68.75,2020,ssp245,0
32.324,-123.75,2020,ssp245,0
32.324,-118.75,2020,ssp245,0
32.324,-113.75,2020,ssp245,78
32.324,-108.75,2020,ssp245,111
32.324,-103.75,2020,ssp245,106
32.324,-98.75,2020,ssp245,90
32.324,-93.75,2020,ssp245,69
32.324,-88.75,2020,ssp245,57
32.324,-83.75,2020,ssp245,56
32.324,-78.75,2020,ssp245,15
32.324,-73.75,2020,ssp245,1
32.324,-68.75,2020,ssp245,0
34.859,-123.75,2020,ssp245,0
34.859,-118.75,2020,ssp245,74
34.859,-113.75,2020,ssp245,136
34.859,-108.75,2020,ssp245,74
34.859,-103.75,2020,ssp245,77
34.859,-98.75,2020,ssp245,92
34.859,-93.75,2020,ssp245,89
34.859,-88.75,2020,ssp245,75
34.859,-83.75,2020,ssp245,91
34.859,-78.75,2020,ssp245,73
34.859,-73.75,2020,ssp245,9
34.859,-68.75,2020,ssp245,0
37.394,-123.75,2020,ssp245,0
37.394,-118.75,2020,ssp245,156
37.394,-113.75,2020,ssp245,95
37.394,-108.75,2020,ssp245,70
37.394,-103.75,2020,ssp245,73
37.394,-98.75,2020,ssp245,76
37.394,-93.75,2020,ssp245,77
37.394,-88.75,2020,ssp245,89
37.394,-83.75,2020,ssp245,81
37.394,-78.75,2020,ssp245,85
37.394,-73.75,2020,ssp245,35
37.394,-68.75,2020,ssp245,7
39.93,-123.75,2020,ssp245,52
39.93,-118.75,2020,ssp245,128
39.93,-113.75,2020,ssp245,100
39.93,-108.75,2020,ssp245,76
39.93,-103.75,2020,ssp245,76
39.93,-98.75,2020,ssp245,74
39.93,-93.75,2020,ssp245,72
39.93,-88.75,2020,ssp245,73
39.93,-83.75,2020,ssp245,74
39.93,-78.75,2020,ssp245,69
39.93,-73.75,2020,ssp245,102
39.93,-68.75,2020,ssp245,74
42.465,-123.75,2020,ssp245,122
42.465,-118.75,2020,ssp245,138
42.465,-113.75,2020,ssp245,99
42.465,-108.75,2020,ssp245,73
42.465,-103.75,2020,ssp245,76
42.465,-98.75,2020,ssp245,59
42.465,-93.75,2020,ssp245,62
42.465,-88.75,2020,ssp245,69
42.465,-83.75,2020,ssp245,75
42.465,-78.75,2020,ssp245,71
42.465,-73.75,2020,ssp245,62
42.465,-68.75,2020,ssp245,123
45.0,-123.75,2020,ssp245,97
45.0,-118.75,2020,ssp245,149
45.0,-113.75,2020,ssp245,80
45.0,-108.75,2020,ssp245,77
45.0,-103.75,2020,ssp245,71
45.0,-98.75,2020,ssp245,62
45.0,-93.75,2020,ssp245,55
45.0,-88.75,2020,ssp245,59
45.0,-83.75,2020,ssp245,71
45.0,-78.75,2020,ssp245,57
45.0,-73.75,2020,ssp245,50
45.0,-68.75,2020,ssp245,57
47.535,-123.75,2020,ssp245,110
47.535,-118.75,2020,ssp245,116
47.535,-113.75,2020,ssp245,99
47.535,-108.75,2020,ssp245,83
47.535,-103.75,2020,ssp245,74
47.535,-98.75,2020,ssp245,57
47.535,-93.75,2020,ssp245,55
47.535,-88.75,2020,ssp245,57
47.535,-83.75,2020,ssp245,44
47.535,-78.75,2020,ssp245,39
47.535,-73.75,2020,ssp245,37
47.535,-68.75,2020,ssp245,41
24.718,-123.75,2021,ssp245,0
24.718,-118.75,2021,ssp245,0
24.718,-113.75,2021,ssp245,0
24.718,-108.75,2021,ssp245,0
24.718,-103.75,2021,ssp245,83
24.718,-98.75,2021,ssp245,11
24.718,-93.75,2021,ssp245,0
24.718,-88.75,2021,ssp245,0
24.718,-83.75,2021,ssp245,0
24.718,-78.75,2021,ssp245,0
24.718,-73.75,2021,ssp245,0
24.718,-68.75,2021,ssp245,0
27.254,-123.75,2021,ssp245,0
27.254,-118.75,2021,ssp245,0
27.254,-113.75,2021,ssp245,2
27.254,-108.75,2021,ssp245,52
27.254,-103.75,2021,ssp245,60
27.254,-98.75,2021,ssp245,18
27.254,-93.75,2021,ssp245,2
27.254,-88.75,2021,ssp245,0
27.254,-83.75,2021,ssp245,0
27.254,-78.75,2021,ssp245,0
27.254,-73.75,2021,ssp245,0
27.254,-68.75,2021,ssp245,0
29.789,-123.75,2021,ssp245,0
29.789,-118.75,2021,ssp245,0
29.789,-113.75,2021,ssp245,15
29.789,-108.75,2021,ssp245,104
29.789,-103.75,2021,ssp245,88
29.789,-98.75,2021,ssp245,45
29.789,-93.75,2021,ssp245,32
29.789,-88.75,2021,ssp245,13
29.789,-83.75,2021,ssp245,19
29.789,-78.75,2021,ssp245,0
29.789,-73.75,2021,ssp245,0
29.789,-68.75,2021,ssp245,0
32.324,-123.75,2021,ssp245,0
32.324,-118.75,2021,ssp245,1
32.324,-113.75,2021,ssp245,79
32.324,-108.75,2021,ssp245,103
32.324,-103.75,2021,ssp245,100
32.324,-98.75,2021,ssp245,60
32.324,-93.75,2021,ssp245,52
32.324,-88.75,2021,ssp245,48
32.324,-83.75,2021,ssp245,52
32.324,-78.75,2021,ssp245,8
32.324,-73.75,2021,ssp245,0
32.324,-68.75,2021,ssp245,0
34.859,-123.75,2021,ssp245,0
34.859,-118.75,2021,ssp245,107
34.859,-113.75,2021,ssp245,110
34.859,-108.75,2021,ssp245,90
34.859,-103.75,2021,ssp245,99
34.859,-98.75,2021,ssp245,81
34.859,-93.75,2021,ssp245,53
34.859,-88.75,2021,ssp245,56
34.859,-83.75,2021,ssp245,60
34.859,-78.75,2021,ssp245,59
34.859,-73.75,2021,ssp245,6
34.859,-68.75,2021,ssp245,0
37.394,-123.75,2021,ssp245,14
37.394,-118.75,2021,ssp245,115
37.394,-113.75,2021,ssp245,90
37.394,-108.75,2021,ssp245,75
37.394,-103.75,2021,ssp245,92
37.394,-98.75,2021,ssp245,95
37.394,-93.75,2021,ssp245,73
37.394,-88.75,2021,ssp245,69
37.394,-83.75,2021,ssp245,78
37.394,-78.75,2021,ssp245,64
37.394,-73.75,2021,ssp245,38
37.394,-68.75,2021,ssp245,6
39.93,-123.75,2021,ssp245,89
39.93,-118.75,2021,ssp245,107
39.93,-113.75,2021,ssp245,87
39.93,-108.75,2021,ssp245,72
39.93,-103.75,2021,ssp245,82
39.93,-98.75,2021,ssp245,77
39.93,-93.75,2021,ssp245,69
39.93,-88.75,2021,ssp245,70
39.93,-83.75,2021,ssp245,79
39.93,-78.75,2021,ssp245,74
39.93,-73.75,2021,ssp245,71
39.93,-68.75,2021,ssp245,68
42.465,-123.75,2021,ssp245,123
42.465,-118.75,2021,ssp245,98
42.465,-113.75,2021,ssp245,93
42.465,-108.75,2021,ssp245,82
42.465,-103.75,2021,ssp245,69
42.465,-98.75,2021,ssp245,63
42.465,-93.75,2021,ssp245,63
42.465,-88.75,2021,ssp245,73
42.465,-83.75,2021,ssp245,78
42.465,-78.75,2021,ssp245,76
42.465,-73.75,2021,ssp245,81
42.465,-68.75,2021,ssp245,113
45.0,-123.75,2021,ssp245,110
45.0,-118.75,2021,ssp245,104
45.0,-113.75,2021,ssp245,90
45.0,-108.75,2021,ssp245,74
45.0,-103.75,2021,ssp245,63
45.0,-98.75,2021,ssp245,50
45.0,-93.75,2021,ssp245,59
45.0,-88.75,2021,ssp245,71
45.0,-83.75,2021,ssp245,73
45.0,-78.75,2021,ssp245,75
45.0,-73.75,2021,ssp245,83
45.0,-68.75,2021,ssp245,79
47.535,-123.75,2021,ssp245,97
47.535,-118.75,2021,ssp245,99
47.535,-113.75,2021,ssp245,79
47.535,-108.75,2021,ssp245,70
47.535,-103.75,2021,ssp245,64
47.535,-98.75,2021,ssp245,54
47.535,-93.75,2021,ssp245,65
47.535,-88.75,2021,ssp245,60
47.535,-83.75,2021,ssp245,70
47.535,-78.75,2021,ssp245,82
47.535,-73.75,2021,ssp245,73
47.535,-68.75,2021,ssp245,60
24.718,-123.75,2022,ssp245,0
24.718,-118.75,2022,ssp245,0
24.718,-113.75,2022,ssp245,0
24.718,-108.75,2022,ssp245,0
24.718,-103.75,2022,ssp245,66
24.718,-98.75,2022,ssp245,15
24.718,-93.75,2022,ssp245,0
24.718,-88.75,2022,ssp245,0
24.718,-83.75,2022,ssp245,0
24.718,-78.75,2022,ssp245,0
24.718,-73.75,2022,ssp245,0
24.718,-68.75,2022,ssp245,0
27.254,-123.75,2022,ssp245,0
27.254,-118.75,2022,ssp245,0
27.254,-113.75,2022,ssp245,0
27.254,-108.75,2022,ssp245,61
27.254,-103.75,2022,ssp245,63
27.254,-98.75,2022,ssp245,24
27.254,-93.75,2022,ssp245,1
27.254,-88.75,2022,ssp245,0
27.254,-83.75,2022,ssp245,1
27.254,-78.75,2022,ssp245,0
27.254,-73.75,2022,ssp245,0
27.254,-68.75,2022,ssp245,0
29.789,-123.75,2022,ssp245,0
29.789,-118.75,2022,ssp245,0
29.789,-113.75,2022,ssp245,27
29.789,-108.75,2022,ssp245,96
29.789,-103.75,2022,ssp245,77
29.789,-98.75,2022,ssp245,43
29.789,-93.75,2022,ssp245,26
29.789,-88.75,2022,ssp245,12
29.789,-83.75,2022,ssp245,10
29.789,-78.75,2022,ssp245,0
29.789,-73.75,2022,ssp245,0
29.789,-68.75,2022,ssp245,0
32.324,-123.75,2022,ssp245,0
32.324,-118.75,2022,ssp245,0
32.324,-113.75,2022,ssp245,72
32.324,-108.75,2022,ssp245,92
32.324,-103.75,2022,ssp245,85
32.324,-98.75,2022,ssp245,57
32.324,-93.75,2022,ssp245,53
32.324,-88.75,2022,ssp245,65
32.324,-83.75,2022,ssp245,57
32.324,-78.75,2022,ssp245,4
32.324,-73.75,2022,ssp245,0
32.324,-68.75,2022,ssp245,0
34.859,-123.75,2022,ssp245,0
34.859,-118.75,2022,ssp245,89
34.859,-113.75,2022,ssp245,88
34.859,-108.75,2022,ssp245,115
34.859,-103.75,2022,ssp245,76
34.859,-98.75,2022,ssp245,71
34.859,-93.75,2022,ssp245,59
34.859,-88.75,2022,ssp245,80
34.859,-83.75,2022,ssp245,80
34.859,-78.75,2022,ssp245,66
34.859,-73.75,2022,ssp245,2
34.859,-68.75,2022,ssp245,0
37.394,-123.75,2022,ssp245,15
37.394,-118.75,2022,ssp245,155
37.394,-113.75,2022,ssp245,121
37.394,-108.75,2022,ssp245,90
37.394,-103.75,2022,ssp245,84
37.394,-98.75,2022,ssp245,61
37.394,-93.75,2022,ssp245,63
37.394,-88.75,2022,ssp245,70
37.394,-83.75,2022,ssp245,67
37.394,-78.75,2022,ssp245,77
37.394,-73.75,2022,ssp245,29
37.394,-68.75,2022,ssp245,2
39.93,-123.75,2022,ssp245,79
39.93,-118.75,2022,ssp245,132
39.93,-113.75,2022,ssp245,83
39.93,-108.75,2022,ssp245,73
39.93,-103.75,2022,ssp245,98
39.93,-98.75,2022,ssp245,66
39.93,-93.75,2022,ssp245,54
39.93,-88.75,2022,ssp245,72
39.93,-83.75,2022,ssp245,75
39.93,-78.75,2022,ssp245,74
39.93,-73.75,2022,ssp245,104
39.93,-68.75,2022,ssp245,67
42.465,-123.75,2022,ssp245,130
42.465,-118.75,2022,ssp245,124
42.465,-113.75,2022,ssp245,94
42.465,-108.75,2022,ssp245,84
42.465,-103.75,2022,ssp245,94
42.465,-98.75,2022,ssp245,59
42.465,-93.75,2022,ssp245,57
42.465,-88.75,2022,ssp245,80
42.465,-83.75,2022,ssp245,78
42.465,-78.75,2022,ssp245,79
42.465,-73.75,2022,ssp245,66
42.465,-68.75,2022,ssp245,124
45.0,-123.75,2022,ssp245,114
45.0,-118.75,2022,ssp245,136
45.0,-113.75,2022,ssp245,82
45.0,-108.75,2022,ssp245,99
45.0,-103.75,2022,ssp245,94
45.0,-98.75,2022,ssp245,66
45.0,-93.75,2022,ssp245,60
45.0,-88.75,2022,ssp245,70
45.0,-83.75,2022,ssp245,83
45.0,-78.75,2022,ssp245,76
45.0,-73.75,2022,ssp245,53
45.0,-68.75,2022,ssp245,58
47.535,-123.75,2022,ssp245,115
47.535,-118.75,2022,ssp245,130
47.535,-113.75,2022,ssp245,101
47.535,-108.75,2022,ssp245,90
47.535,-103.75,2022,ssp245,81
47.535,-98.75,2022,ssp245,69
47.535,-93.75,2022,ssp245,58
47.535,-88.75,2022,ssp245,69
47.535,-83.75,2022,ssp245,54
47.535,-78.75,2022,ssp245,45
47.535,-73.75,2022,ssp245,45
47.535,-68.75,2022,ssp245,37
24.718,-123.75,2023,ssp245,0
24.718,-118.75,2023,ssp245,0
24.718,-113.75,2023,ssp245,0
24.718,-108.75,2023,ssp245,0
24.718,-103.75,2023,ssp245,68
24.718,-98.75,2023,ssp245,15
24.718,-93.75,2023,ssp245,0
24.718,-88.75,2023,ssp245,0
24.718,-83.75,2023,ssp245,0
24.718,-78.75,2023,ssp245,0
24.718,-73.75,2023,ssp245,0
24.718,-68.75,2023,ssp245,0
27.254,-123.75,2023,ssp245,0
27.254,-118.75,2023,ssp245,0
27.254,-113.75,2023,ssp245,0
27.254,-108.75,2023,ssp245,47
27.254,-103.75,2023,ssp245,64
27.254,-98.75,2023,ssp245,28
27.254,-93.75,2023,ssp245,0
27.254,-88.75,2023,ssp245,0
27.254,-83.75,2023,ssp245,0
27.254,-78.75,2023,ssp245,0
27.254,-73.75,2023,ssp245,0
27.254,-68.75,2023,ssp245,0
29.789,-123.75,2023,ssp245,0
29.789,-118.75,2023,ssp245,0
29.789,-113.75,2023,ssp245,25
29.789,-108.75,2023,ssp245,98
29.789,-103.75,2023,ssp245,76
29.789,-98.75,2023,ssp245,59
29.789,-93.75,2023,ssp245,35
29.789,-88.75,2023,ssp245,19
29.789,-83.75,2023,ssp245,25
29.789,-78.75,2023,ssp245,0
29.789,-73.75,2023,ssp245,0
29.789,-68.75,2023,ssp245,0
32.324,-123.75,2023,ssp245,0
32.324,-118.75,2023,ssp245,0
32.324,-113.75,2023,ssp245,76
32.324,-108.75,2023,ssp245,93
32.324,-103.75,2023,ssp245,63
32.324,-98.75,2023,ssp245,67
32.324,-93.75,2023,ssp245,71
32.324,-88.75,2023,ssp245,60
32.324,-83.75,2023,ssp245,73
32.324,-78.75,2023,ssp245,8
32.324,-73.75,2023,ssp245,0
32.324,-68.75,2023,ssp245,0
34.859,-123.75,2023,ssp245,0
34.859,-118.75,2023,ssp245,89
34.859,-113.75,2023,ssp245,82
34.859,-108.75,2023,ssp245,84
34.859,-103.75,2023,ssp245,61
34.859,-98.75,2023,ssp245,62
34.859,-93.75,2023,ssp245,70
34.859,-88.75,2023,ssp245,76
34.859,-83.75,2023,ssp245,68
34.859,-78.75,2023,ssp245,76
34.859,-73.75,2023,ssp245,3
34.859,-68.75,2023,ssp245,0
37.394,-123.75,2023,ssp245,9
37.394,-118.75,2023,ssp245,109
37.394,-113.75,2023,ssp245,88
37.394,-108.75,2023,ssp245,98
37.394,-103.75,2023,ssp245,82
37.394,-98.75,2023,ssp245,54
37.394,-93.75,2023,ssp245,47
37.394,-88.75,2023,ssp245,59
37.394,-83.75,2023,ssp245,52
37.394,-78.75,2023,ssp245,54
37.394,-73.75,2023,ssp245,47
37.394,-68.75,2023,ssp245,6
39.93,-123.75,2023,ssp245,91
39.93,-118.75,2023,ssp245,112
39.93,-113.75,2023,ssp245,98
39.93,-108.75,2023,ssp245,84
39.93,-103.75,2023,ssp245,85
39.93,-98.75,2023,ssp245,60
39.93,-93.75,2023,ssp245,51
39.93,-88.75,2023,ssp245,47
39.93,-83.75,2023,ssp245,49
39.93,-78.75,2023,ssp245,47
39.93,-73.75,2023,ssp245,86
39.93,-68.75,2023,ssp245,87
42.465,-123.75,2023,ssp245,152
42.465,-118.75,2023,ssp245,113
42.465,-113.75,2023,ssp245,102
42.465,-108.75,2023,ssp245,81
42.465,-103.75,2023,ssp245,80
42.465,-98.75,2023,ssp245,65
42.465,-93.75,2023,ssp245,49
42.465,-88.75,2023,ssp245,63
42.465,-83.75,2023,ssp245,59
42.465,-78.75,2023,ssp245,62
42.465,-73.75,2023,ssp245,52
42.465,-68.75,2023,ssp245,114
45.0,-123.75,2023,ssp245,124
45.0,-118.75,2023,ssp245,124
45.0,-113.75,2023,ssp245,103
45.0,-108.75,2023,ssp245,78
45.0,-103.75,2023,ssp245,72
45.0,-98.75,2023,ssp245,64
45.0,-93.75,2023,ssp245,53
45.0,-88.75,2023,ssp245,62
45.0,-83.75,2023,ssp245,74
45.0,-78.75,2023,ssp245,61
45.0,-73.75,2023,ssp245,59
45.0,-68.75,2023,ssp245,58
47.535,-123.75,2023,ssp245,124
47.535,-118.75,2023,ssp245,114
47.535,-113.75,2023,ssp245,89
47.535,-108.75,2023,ssp245,68
47.535,-103.75,2023,ssp245,65
47.535,-98.75,2023,ssp245,56
47.535,-93.75,2023,ssp245,54
47.535,-88.75,2023,ssp245,61
47.535,-83.75,2023,ssp245,53
47.535,-78.75,2023,ssp245,53
47.535,-73.75,2023,ssp245,46
47.535,-68.75,2023,ssp245,47
24.718,-123.75,2024,ssp245,0
24.718,-118.75,2024,ssp245,0
24.718,-113.75,2024,ssp245,0
24.718,-108.75,2024,ssp245,0
24.718,-103.75,2024,ssp245,76
24.718,-98.75,2024,ssp245,14
24.718,-93.75,2024,ssp245,0
24.718,-88.75,2024,ssp245,0
24.718,-83.75,2024,ssp245,0
24.718,-78.75,2024,ssp245,0
24.718,-73.75,2024,ssp245,0
24.718,-68.75,2024,ssp245,0
27.254,-123.75,2024,ssp245,0
27.254,-118.75,2024,ssp245,0
27.254,-113.75,2024,ssp245,0
27.254,-108.75,2024,ssp245,62
27.254,-103.75,2024,ssp245,69
27.254,-98.75,2024,ssp245,32
27.254,-93.75,2024,ssp245,0
27.254,-88.75,2024,ssp245,0
27.254,-83.75,2024,ssp245,0
27.254,-78.75,2024,ssp245,0
27.254,-73.75,2024,ssp245,0
27.254,-68.75,2024,ssp245,0
29.789,-123.75,2024,ssp245,0
29.789,-118.75,2024,ssp245,0
29.789,-113.75,2024,ssp245,29
29.789,-108.75,2024,ssp245,87
29.789,-103.75,2024,ssp245,81
29.789,-98.75,2024,ssp245,58
29.789,-93.75,2024,ssp245,44
29.789,-88.75,2024,ssp245,27
29.789,-83.75,2024,ssp245,23
29.789,-78.75,2024,ssp245,0
29.789,-73.75,2024,ssp245,0
29.789,-68.75,2024,ssp245,0
32.324,-123.75,2024,ssp245,0
32.324,-118.75,2024,ssp245,1
32.324,-113.75,2024,ssp245,86
32.324,-108.75,2024,ssp245,78
32.324,-103.75,2024,ssp245,76
32.324,-98.75,2024,ssp245,67
32.324,-93.75,2024,ssp245,56
32.324,-88.75,2024,ssp245,56
32.324,-83.75,2024,ssp245,66
32.324,-78.75,2024,ssp245,7
32.324,-73.75,2024,ssp245,2
32.324,-68.75,2024,ssp245,0
34.859,-123.75,2024,ssp245,0
34.859,-118.75,2024,ssp245,80
34.859,-113.75,2024,ssp245,84
34.859,-108.75,2024,ssp245,88
34.859,-103.75,2024,ssp245,79
34.859,-98.75,2024,ssp245,54
34.859,-93.75,2024,ssp245,62
34.859,-88.75,2024,ssp245,60
34.859,-83.75,2024,ssp245,79
34.859,-78.75,2024,ssp245,77
34.859,-73.75,2024,ssp245,5
34.859,-68.75,2024,ssp245,1
37.394,-123.75,2024,ssp245,6
37.394,-118.75,2024,ssp245,100
37.394,-113.75,2024,ssp245,82
37.394,-108.75,2024,ssp245,82
37.394,-103.75,2024,ssp245,82
37.394,-98.75,2024,ssp245,60
37.394,-93.75,2024,ssp245,65
37.394,-88.75,2024,ssp245,70
37.394,-83.75,2024,ssp245,66
37.394,-78.75,2024,ssp245,62
37.394,-73.75,2024,ssp245,57
37.394,-68.75,2024,ssp245,8
39.93,-123.75,2024,ssp245,68
39.93,-118.75,2024,ssp245,91
39.93,-113.75,2024,ssp245,81
39.93,-108.75,2024,ssp245,71
39.93,-103.75,2024,ssp245,69
39.93,-98.75,2024,ssp245,63
39.93,-93.75,2024,ssp245,62
39.93,-88.75,2024,ssp245,54
39.93,-83.75,2024,ssp245,57
39.93,-78.75,2024,ssp245,48
39.93,-73.75,2024,ssp245,76
39.93,-68.75,2024,ssp245,89
42.465,-123.75,2024,ssp245,132
42.465,-118.75,2024,ssp245,98
42.465,-113.75,2024,ssp245,84
42.465,-108.75,2024,ssp245,70
42.465,-103.75,2024,ssp245,64
42.465,-98.75,2024,ssp245,57
42.465,-93.75,2024,ssp245,46
42.465,-88.75,2024,ssp245,54
42.465,-83.75,2024,ssp245,50
42.465,-78.75,2024,ssp245,51
42.465,-73.75,2024,ssp245,40
42.465,-68.75,2024,ssp245,90
45.0,-123.75,2024,ssp245,120
45.0,-118.75,2024,ssp245,104
45.0,-113.75,2024,ssp245,75
45.0,-108.75,2024,ssp245,66
45.0,-103.75,2024,ssp245,63
45.0,-98.75,2024,ssp245,51
45.0,-93.75,2024,ssp245,42
45.0,-88.75,2024,ssp245,40
45.0,-83.75,2024,ssp245,52
45.0,-78.75,2024,ssp245,40
45.0,-73.75,2024,ssp245,45
45.0,-68.75,2024,ssp245,50
47.535,-123.75,2024,ssp245,119
47.535,-118.75,2024,ssp245,88
47.535,-113.75,2024,ssp245,74
47.535,-108.75,2024,ssp245,61
47.535,-103.75,2024,ssp245,52
47.535,-98.75,2024,ssp245,46
47.535,-93.75,2024,ssp245,34
47.535,-88.75,2024,ssp245,49
47.535,-83.75,2024,ssp245,41
47.535,-78.75,2024,ssp245,45
47.535,-73.75,2024,ssp245,50
47.535,-68.75,2024,ssp245,48
24.718,-123.75,2025,ssp245,0
24.718,-118.75,2025,ssp245,0
24.718,-113.75,2025,ssp245,0
24.718,-108.75,2025,ssp245,0
24.718,-103.75,2025,ssp245,83
24.718,-98.75,2025,ssp245,9
24.718,-93.75,2025,ssp245,0
24.718,-88.75,2025,ssp245,0
24.718,-83.75,2025,ssp245,0
24.718,-78.75,2025,ssp245,0
24.718,-73.75,2025,ssp245,0
24.718,-68.75,2025,ssp245,0
27.254,-123.75,2025,ssp245,0
27.254,-118.75,2025,ssp245,0
27.254,-113.75,2025,ssp245,0
27.254,-108.75,2025,ssp245,49
27.254,-103.75,2025,ssp245,68
27.254,-98.75,2025,ssp245,25
27.254,-93.75,2025,ssp245,0
27.254,-88.75,2025,ssp245,0
27.254,-83.75,2025,ssp245,0
27.254,-78.75,2025,ssp245,0
27.254,-73.75,2025,ssp245,0
27.254,-68.75,2025,ssp245,0
29.789,-123.75,2025,ssp245,0
29.789,-118.75,2025,ssp245,0
29.789,-113.75,2025,ssp245,16
29.789,-108.75,2025,ssp245,113
29.789,-103.75,2025,ssp245,77
29.789,-98.75,2025,ssp245,59
29.789,-93.75,2025,ssp245,23
29.789,-88.75,2025,ssp245,12
29.789,-83.75,2025,ssp245,24
29.789,-78.75,2025,ssp245,0
29.789,-73.75,2025,ssp245,0
29.789,-68.75,2025,ssp245,0
32.324,-123.75,2025,ssp245,0
32.324,-118.75,2025,ssp245,0
32.324,-113.75,2025,ssp245,72
32.324,-108.75,2025,ssp245,100
32.324,-103.75,2025,ssp245,87
32.324,-98.75,2025,ssp245,73
32.324,-93.75,2025,ssp245,67
32.324,-88.75,2025,ssp245,56
32.324,-83.75,2025,ssp245,47
32.324,-78.75,2025,ssp245,5
32.324,-73.75,2025,ssp245,0
32.324,-68.75,2025,ssp245,0
34.859,-123.75,2025,ssp245,0
34.859,-118.75,2025,ssp245,68
34.859,-113.75,2025,ssp245,114
34.859,-108.75,2025,ssp245,94
34.859,-103.75,2025,ssp245,100
34.859,-98.75,2025,ssp245,74
34.859,-93.75,2025,ssp245,87
34.859,-88.75,2025,ssp245,74
34.859,-83.75,2025,ssp245,76
34.859,-78.75,2025,ssp245,71
34.859,-73.75,2025,ssp245,2
34.859,-68.75,2025,ssp245,0
37.394,-123.75,2025,ssp245,6
37.394,-118.75,2025,ssp245,122
37.394,-113.75,2025,ssp245,93
37.394,-108.75,2025,ssp245,89
37.394,-103.75,2025,ssp245,82
37.394,-98.75,2025,ssp245,81
37.394,-93.75,2025,ssp245,88
37.394,-88.75,2025,ssp245,75
37.394,-83.75,2025,ssp245,76
37.394,-78.75,2025,ssp245,77
37.394,-73.75,2025,ssp245,37
37.394,-68.75,2025,ssp245,4
39.93,-123.75,2025,ssp245,53
39.93,-118.75,2025,ssp245,101
39.93,-113.75,2025,ssp245,93
39.93,-108.75,2025,ssp245,86
39.93,-103.75,2025,ssp245,75
39.93,-98.75,2025,ssp245,70
39.93,-93.75,2025,ssp245,73
39.93,-88.75,2025,ssp245,80
39.93,-83.75,2025,ssp245,70
39.93,-78.75,2025,ssp245,63
39.93,-73.75,2025,ssp245,100
39.93,-68.75,2025,ssp245,59
42.465,-123.75,2025,ssp245,133
42.465,-118.75,2025,ssp245,94
42.465,-113.75,2025,ssp245,80
42.465,-108.75,2025,ssp245,80
42.465,-103.75,2025,ssp245,67
42.465,-98.75,2025,ssp245,47
42.465,-93.75,2025,ssp245,41
42.465,-88.75,2025,ssp245,61
42.465,-83.75,2025,ssp245,63
42.465,-78.75,2025,ssp245,64
42.465,-73.75,2025,ssp245,60
42.465,-68.75,2025,ssp245,109
45.0,-123.75,2025,ssp245,102
45.0,-118.75,2025,ssp245,107
45.0,-113.75,2025,ssp245,88
45.0,-108.75,2025,ssp245,73
45.0,-103.75,2025,ssp245,57
45.0,-98.75,2025,ssp245,44
45.0,-93.75,2025,ssp245,46
45.0,-88.75,2025,ssp245,59
45.0,-83.75,2025,ssp245,67
45.0,-78.75,2025,ssp245,68
45.0,-73.75,2025,ssp245,54
45.0,-68.75,2025,ssp245,70
47.535,-123.75,2025,ssp245,101
47.535,-118.75,2025,ssp245,101
47.535,-113.75,2025,ssp245,77
47.535,-108.75,2025,ssp245,66
47.535,-103.75,2025,ssp245,49
47.535,-98.75,2025,ssp245,44
47.535,-93.75,2025,ssp245,51
47.535,-88.75,2025,ssp245,59
47.535,-83.75,2025,ssp245,51
47.535,-78.75,2025,ssp245,57
47.535,-73.75,2025,ssp245,56
47.535,-68.75,2025,ssp245,53
24.718,-123.75,2026,ssp245,0
24.718,-118.75,2026,ssp245,0
24.718,-113.75,2026,ssp245,0
24.718,-108.75,2026,ssp245,0
24.718,-103.75,2026,ssp245,81
24.718,-98.75,2026,ssp245,6
24.718,-93.75,2026,ssp245,0
24.718,-88.75,2026,ssp245,0
24.718,-83.75,2026,ssp245,0
24.718,-78.75,2026,ssp245,0
24.718,-73.75,2026,ssp245,0
24.718,-68.75,2026,ssp245,0
27.254,-123.75,2026,ssp245,0
27.254,-118.75,2026,ssp245,0
27.254,-113.75,2026,ssp245,0
27.254,-108.75,2026,ssp245,65
27.254,-103.75,2026,ssp245,66
27.254,-98.75,2026,ssp245,14
27.254,-93.75,2026,ssp245,0
27.254,-88.75,2026,ssp245,0
27.254,-83.75,2026,ssp245,0
27.254,-78.75,2026,ssp245,0
27.254,-73.75,2026,ssp245,0
27.254,-68.75,2026,ssp245,0
29.789,-123.75,2026,ssp245,0
29.789,-118.75,2026,ssp245,0
29.789,-113.75,2026,ssp245,20
29.789,-108.75,2026,ssp245,88
29.789,-103.75,2026,ssp245,80
29.789,-98.75,2026,ssp245,28
29.789,-93.75,2026,ssp245,15
29.789,-88.75,2026,ssp245,8
29.789,-83.75,2026,ssp245,7
29.789,-78.75,2026,ssp245,0
29.789,-73.75,2026,ssp245,0
29.789,-68.75,2026,ssp245,0
32.324,-123.75,2026,ssp245,0
32.324,-118.75,2026,ssp245,0
32.324,-113.75,2026,ssp245,61
32.324,-108.75,2026,ssp245,100
32.324,-103.75,2026,ssp245,109
32.324,-98.75,2026,ssp245,75
32.324,-93.75,2026,ssp245,47
32.324,-88.75,2026,ssp245,52
32.324,-83.75,2026,ssp245,35
32.324,-78.75,2026,ssp245,7
32.324,-73.75,2026,ssp245,0
32.324,-68.75,2026,ssp245,0
34.859,-123.75,2026,ssp245,0
34.859,-118.75,2026,ssp245,72
34.859,-113.75,2026,ssp245,98
34.859,-108.75,2026,ssp245,103
34.859,-103.75,2026,ssp245,97
34.859,-98.75,2026,ssp245,103
34.859,-93.75,2026,ssp245,89
34.859,-88.75,2026,ssp245,80
34.859,-83.75,2026,ssp245,78
34.859,-78.75,2026,ssp245,48
34.859,-73.75,2026,ssp245,4
34.859,-68.75,2026,ssp245,0
37.394,-123.75,2026,ssp245,5
37.394,-118.75,2026,ssp245,133
37.394,-113.75,2026,ssp245,102
37.394,-108.75,2026,ssp245,64
37.394,-103.75,2026,ssp245,82
37.394,-98.75,2026,ssp245,108
37.394,-93.75,2026,ssp245,97
37.394,-88.75,2026,ssp245,82
37.394,-83.75,2026,ssp245,80
37.394,-78.75,2026,ssp245,75
37.394,-73.75,2026,ssp245,30
37.394,-68.75,2026,ssp245,3
39.93,-123.75,2026,ssp245,67
39.93,-118.75,2026,ssp245,101
39.93,-113.75,2026,ssp245,70
39.93,-108.75,2026,ssp245,66
39.93,-103.75,2026,ssp245,60
39.93,-98.75,2026,ssp245,71
39.93,-93.75,2026,ssp245,81
39.93,-88.75,2026,ssp245,76
39.93,-83.75,2026,ssp245,69
39.93,-78.75,2026,ssp245,58
39.93,-73.75,2026,ssp245,91
39.93,-68.75,2026,ssp245,68
42.465,-123.75,2026,ssp245,133
42.465,-118.75,2026,ssp245,96
42.465,-113.75,2026,ssp245,65
42.465,-108.75,2026,ssp245,55
42.465,-103.75,2026,ssp245,48
42.465,-98.75,2026,ssp245,58
42.465,-93.75,2026,ssp245,57
42.465,-88.75,2026,ssp245,69
42.465,-83.75,2026,ssp245,76
42.465,-78.75,2026,ssp245,72
42.465,-73.75,2026,ssp245,59
42.465,-68.75,2026,ssp245,136
45.0,-123.75,2026,ssp245,126
45.0,-118.75,2026,ssp245,106
45.0,-113.75,2026,ssp245,74
45.0,-108.75,2026,ssp245,42
45.0,-103.75,2026,ssp245,48
45.0,-98.75,2026,ssp245,46
45.0,-93.75,2026,ssp245,38
45.0,-88.75,2026,ssp245,55
45.0,-83.75,2026,ssp245,67
45.0,-78.75,2026,ssp245,57
45.0,-73.75,2026,ssp245,49
45.0,-68.75,2026,ssp245,51
47.535,-123.75,2026,ssp245,114
47.535,-118.75,2026,ssp245,93
47.535,-113.75,2026,ssp245,61
47.535,-108.75,2026,ssp245,54
47.535,-103.75,2026,ssp245,40
47.535,-98.75,2026,ssp245,35
47.535,-93.75,2026,ssp245,37
47.535,-88.75,2026,ssp245,46
47.535,-83.75,2026,ssp245,42
47.535,-78.75,2026,ssp245,47
47.535,-73.75,2026,ssp245,45
47.535,-68.75,2026,ssp245,45
24.718,-123.75,2027,ssp245,0
24.718,-118.75,2027,ssp245,0
24.718,-113.75,2027,ssp245,0
24.718,-108.75,2027,ssp245,0
24.718,-103.75,2027,ssp245,65
24.718,-98.75,2027,ssp245,5
24.718,-93.75,2027,ssp245,0
24.718,-88.75,2027,ssp245,0
24.718,-83.75,2027,ssp245,0
24.718,-78.75,2027,ssp245,0
24.718,-73.75,2027,ssp245,0
24.718,-68.75,2027,ssp245,0
27.254,-123.75,2027,ssp245,0
27.254,-118.75,2027,ssp245,0
27.254,-113.75,2027,ssp245,2
27.254,-108.75,2027,ssp245,32
27.254,-103.75,2027,ssp245,66
27.254,-98.75,2027,ssp245,21
27.254,-93.75,2027,ssp245,0
27.254,-88.75,2027,ssp245,0
27.254,-83.75,2027,ssp245,0
27.254,-78.75,2027,ssp245,0
27.254,-73.75,2027,ssp245,0
27.254,-68.75,2027,ssp245,0
29.789,-123.75,2027,ssp245,0
29.789,-118.75,2027,ssp245,0
29.789,-113.75,2027,ssp245,11
29.789,-108.75,2027,ssp245,102
29.789,-103.75,2027,ssp245,75
29.789,-98.75,2027,ssp245,60
29.789,-93.75,2027,ssp245,24
29.789,-88.75,2027,ssp245,10
29.789,-83.75,2027,ssp245,18
29.789,-78.75,2027,ssp245,0
29.789,-73.75,2027,ssp245,0
29.789,-68.75,2027,ssp245,0
32.324,-123.75,2027,ssp245,0
32.324,-118.75,2027,ssp245,1
32.324,-113.75,2027,ssp245,55
32.324,-108.75,2027,ssp245,105
32.324,-103.75,2027,ssp245,75
32.324,-98.75,2027,ssp245,67
32.324,-93.75,2027,ssp245,63
32.324,-88.75,2027,ssp245,64
32.324,-83.75,2027,ssp245,59
32.324,-78.75,2027,ssp245,5
32.324,-73.75,2027,ssp245,0
32.324,-68.75,2027,ssp245,0
34.859,-123.75,2027,ssp245,0
34.859,-118.75,2027,ssp245,70
34.859,-113.75,2027,ssp245,107
34.859,-108.75,2027,ssp245,93
34.859,-103.75,2027,ssp245,77
34.859,-98.75,2027,ssp245,71
34.859,-93.75,2027,ssp245,70
34.859,-88.75,2027,ssp245,68
34.859,-83.75,2027,ssp245,63
34.859,-78.75,2027,ssp245,71
34.859,-73.75,2027,ssp245,2
34.859,-68.75,2027,ssp245,0
37.394,-123.75,2027,ssp245,3
37.394,-118.75,2027,ssp245,144
37.394,-113.75,2027,ssp245,109
37.394,-108.75,2027,ssp245,96
37.394,-103.75,2027,ssp245,88
37.394,-98.75,2027,ssp245,69
37.394,-93.75,2027,ssp245,64
37.394,-88.75,2027,ssp245,65
37.394,-83.75,2027,ssp245,58
37.394,-78.75,2027,ssp245,64
37.394,-73.75,2027,ssp245,37
37.394,-68.75,2027,ssp245,9
39.93,-123.75,2027,ssp245,40
39.93,-118.75,2027,ssp245,127
39.93,-113.75,2027,ssp245,90
39.93,-108.75,2027,ssp245,86
39.93,-103.75,2027,ssp245,88
39.93,-98.75,2027,ssp245,69
39.93,-93.75,2027,ssp245,53
39.93,-88.75,2027,ssp245,58
39.93,-83.75,2027,ssp245,64
39.93,-78.75,2027,ssp245,63
39.93,-73.75,2027,ssp245,76
39.93,-68.75,2027,ssp245,62
42.465,-123.75,2027,ssp245,128
42.465,-118.75,2027,ssp245,129
42.465,-113.75,2027,ssp245,102
42.465,-108.75,2027,ssp245,85
42.465,-103.75,2027,ssp245,82
42.465,-98.75,2027,ssp245,62
42.465,-93.75,2027,ssp245,58
42.465,-88.75,2027,ssp245,55
42.465,-83.75,2027,ssp245,59
42.465,-78.75,2027,ssp245,60
42.465,-73.75,2027,ssp245,61
42.465,-68.75,2027,ssp245,92
45.0,-123.75,2027,ssp245,99
45.0,-118.75,2027,ssp245,146
45.0,-113.75,2027,ssp245,91
45.0,-108.75,2027,ssp245,94
45.0,-103.75,2027,ssp245,71
45.0,-98.75,2027,ssp245,59
45.0,-93.75,2027,ssp245,60
45.0,-88.75,2027,ssp245,67
45.0,-83.75,2027,ssp245,78
45.0,-78.75,2027,ssp245,70
45.0,-73.75,2027,ssp245,65
45.0,-68.75,2027,ssp245,69
47.535,-123.75,2027,ssp245,107
47.535,-118.75,2027,ssp245,123
47.535,-113.75,2027,ssp245,99
47.535,-108.75,2027,ssp245,80
47.535,-103.75,2027,ssp245,65
47.535,-98.75,2027,ssp245,51
47.535,-93.75,2027,ssp245,60
47.535,-88.75,2027,ssp245,73
47.535,-83.75,2027,ssp245,58
47.535,-78.75,2027,ssp245,61
47.535,-73.75,2027,ssp245,57
47.535,-68.75,2027,ssp245,65
24.718,-123.75,2028,ssp245,0
24.718,-118.75,2028,ssp245,0
24.718,-113.75,2028,ssp245,0
24.718,-108.75,2028,ssp245,0
24.718,-103.75,2028,ssp245,62
24.718,-98.75,2028,ssp245,6
24.718,-93.75,2028,ssp245,0
24.718,-88.75,2028,ssp245,0
24.718,-83.75,2028,ssp245,0
24.718,-78.75,2028,ssp245,0
24.718,-73.75,2028,ssp245,0
24.718,-68.75,2028,ssp245,0
27.254,-123.75,2028,ssp245,0
27.254,-118.75,2028,ssp245,0
27.254,-113.75,2028,ssp245,0
27.254,-108.75,2028,ssp245,47
27.254,-103.75,2028,ssp245,66
27.254,-98.75,2028,ssp245,12
27.254,-93.75,2028,ssp245,0
27.254,-88.75,2028,ssp245,0
27.254,-83.75,2028,ssp245,0
27.254,-78.75,2028,ssp245,0
27.254,-73.75,2028,ssp245,0
27.254,-68.75,2028,ssp245,0
29.789,-123.75,2028,ssp245,0
29.789,-118.75,2028,ssp245,0
29.789,-113.75,2028,ssp245,13
29.789,-108.75,2028,ssp245,111
29.789,-103.75,2028,ssp245,81
29.789,-98.75,2028,ssp245,38
29.789,-93.75,2028,ssp245,15
29.789,-88.75,2028,ssp245,7
29.789,-83.75,2028,ssp245,4
29.789,-78.75,2028,ssp245,0
29.789,-73.75,2028,ssp245,0
29.789,-68.75,2028,ssp245,0
32.324,-123.75,2028,ssp245,0
32.324,-118.75,2028,ssp245,0
32.324,-113.75,2028,ssp245,51
32.324,-108.75,2028,ssp245,115
32.324,-103.75,2028,ssp245,106
32.324,-98.75,2028,ssp245,58
32.324,-93.75,2028,ssp245,37
32.324,-88.75,2028,ssp245,37
32.324,-83.75,2028,ssp245,34
32.324,-78.75,2028,ssp245,0
32.324,-73.75,2028,ssp245,0
32.324,-68.75,2028,ssp245,0
34.859,-123.75,2028,ssp245,2
34.859,-118.75,2028,ssp245,59
34.859,-113.75,2028,ssp245,120
34.859,-108.75,2028,ssp245,102
34.859,-103.75,2028,ssp245,100
34.859,-98.75,2028,ssp245,89
34.859,-93.75,2028,ssp245,68
34.859,-88.75,2028,ssp245,65
34.859,-83.75,2028,ssp245,80
34.859,-78.75,2028,ssp245,47
34.859,-73.75,2028,ssp245,1
34.859,-68.75,2028,ssp245,0
37.394,-123.75,2028,ssp245,15
37.394,-118.75,2028,ssp245,167
37.394,-113.75,2028,ssp245,115
37.394,-108.75,2028,ssp245,94
37.394,-103.75,2028,ssp245,74
37.394,-98.75,2028,ssp245,83
37.394,-93.75,2028,ssp245,74
37.394,-88.75,2028,ssp245,68
37.394,-83.75,2028,ssp245,81
37.394,-78.75,2028,ssp245,80
37.394,-73.75,2028,ssp245,24
37.394,-68.75,2028,ssp245,2
39.93,-123.75,2028,ssp245,70
39.93,-118.75,2028,ssp245,132
39.93,-113.75,2028,ssp245,122
39.93,-108.75,2028,ssp245,97
39.93,-103.75,2028,ssp245,73
39.93,-98.75,2028,ssp245,71
39.93,-93.75,2028,ssp245,80
39.93,-88.75,2028,ssp245,76
39.93,-83.75,2028,ssp245,87
39.93,-78.75,2028,ssp245,81
39.93,-73.75,2028,ssp245,90
39.93,-68.75,2028,ssp245,46
42.465,-123.75,2028,ssp245,112
42.465,-118.75,2028,ssp245,134
42.465,-113.75,2028,ssp245,110
42.465,-108.75,2028,ssp245,90
42.465,-103.75,2028,ssp245,73
42.465,-98.75,2028,ssp245,68
42.465,-93.75,2028,ssp245,69
42.465,-88.75,2028,ssp245,85
42.465,-83.75,2028,ssp245,79
42.465,-78.75,2028,ssp245,83
42.465,-73.75,2028,ssp245,68
42.465,-68.75,2028,ssp245,103
45.0,-123.75,2028,ssp245,100
45.0,-118.75,2028,ssp245,132
45.0,-113.75,2028,ssp245,105
45.0,-108.75,2028,ssp245,100
45.0,-103.75,2028,ssp245,73
45.0,-98.75,2028,ssp245,69
45.0,-93.75,2028,ssp245,64
45.0,-88.75,2028,ssp245,70
45.0,-83.75,2028,ssp245,84
45.0,-78.75,2028,ssp245,69
45.0,-73.75,2028,ssp245,59
45.0,-68.75,2028,ssp245,63
47.535,-123.75,2028,ssp245,90
47.535,-118.75,2028,ssp245,106
47.535,-113.75,2028,ssp245,113
47.535,-108.75,2028,ssp245,79
47.535,-103.75,2028,ssp245,77
47.535,-98.75,2028,ssp245,67
47.535,-93.75,2028,ssp245,65
47.535,-88.75,2028,ssp245,74
47.535,-83.75,2028,ssp245,61
47.535,-78.75,2028,ssp245,60
47.535,-73.75,2028,ssp245,47
47.535,-68.75,2028,ssp245,44
24.718,-123.75,2029,ssp245,0
24.718,-118.75,2029,ssp245,0
24.718,-113.75,2029,ssp245,0
24.718,-108.75,2029,ssp245,0
24.718,-103.75,2029,ssp245,72
24.718,-98.75,2029,ssp245,9
24.718,-93.75,2029,ssp245,0
24.718,-88.75,2029,ssp245,0
24.718,-83.75,2029,ssp245,0
24.718,-78.75,2029,ssp245,0
24.718,-73.75,2029,ssp245,0
24.718,-68.75,2029,ssp245,0
27.254,-123.75,2029,ssp245,0
27.254,-118.75,2029,ssp245,0
27.254,-113.75,2029,ssp245,1
27.254,-108.75,2029,ssp245,59
27.254,-103.75,2029,ssp245,73
27.254,-98.75,2029,ssp245,19
27.254,-93.75,2029,ssp245,1
27.254,-88.75,2029,ssp245,0
27.254,-83.75,2029,ssp245,0
27.254,-78.75,2029,ssp245,0
27.254,-73.75,2029,ssp245,0
27.254,-68.75,2029,ssp245,0
29.789,-123.75,2029,ssp245,0
29.789,-118.75,2029,ssp245,0
29.789,-113.75,2029,ssp245,6
29.789,-108.75,2029,ssp245,111
29.789,-103.75,2029,ssp245,91
29.789,-98.75,2029,ssp245,60
29.789,-93.75,2029,ssp245,25
29.789,-88.75,2029,ssp245,18
29.789,-83.75,2029,ssp245,24
29.789,-78.75,2029,ssp245,0
29.789,-73.75,2029,ssp245,0
29.789,-68.75,2029,ssp245,0
32.324,-123.75,2029,ssp245,0
32.324,-118.75,2029,ssp245,0
32.324,-113.75,2029,ssp245,76
32.324,-108.75,2029,ssp245,106
32.324,-103.75,2029,ssp245,97
32.324,-98.75,2029,ssp245,70
32.324,-93.75,2029,ssp245,68
32.324,-88.75,2029,ssp245,59
32.324,-83.75,2029,ssp245,59
32.324,-78.75,2029,ssp245,14
32.324,-73.75,2029,ssp245,0
32.324,-68.75,2029,ssp245,0
34.859,-123.75,2029,ssp245,0
34.859,-118.75,2029,ssp245,87
34.859,-113.75,2029,ssp245,122
34.859,-108.75,2029,ssp245,70
34.859,-103.75,2029,ssp245,84
34.859,-98.75,2029,ssp245,82
34.859,-93.75,2029,ssp245,72
34.859,-88.75,2029,ssp245,64
34.859,-83.75,2029,ssp245,64
34.859,-78.75,2029,ssp245,68
34.859,-73.75,2029,ssp245,6
34.859,-68.75,2029,ssp245,0
37.394,-123.75,2029,ssp245,1
37.394,-118.75,2029,ssp245,117
37.394,-113.75,2029,ssp245,68
37.394,-108.75,2029,ssp245,58
37.394,-103.75,2029,ssp245,62
37.394,-98.75,2029,ssp245,69
37.394,-93.75,2029,ssp245,77
37.394,-88.75,2029,ssp245,69
37.394,-83.75,2029,ssp245,72
37.394,-78.75,2029,ssp245,74
37.394,-73.75,2029,ssp245,49
37.394,-68.75,2029,ssp245,2
39.93,-123.75,2029,ssp245,61
39.93,-118.75,2029,ssp245,80
39.93,-113.75,2029,ssp245,70
39.93,-108.75,2029,ssp245,70
39.93,-103.75,2029,ssp245,66
39.93,-98.75,2029,ssp245,62
39.93,-93.75,2029,ssp245,64
39.93,-88.75,2029,ssp245,67
39.93,-83.75,2029,ssp245,73
39.93,-78.75,2029,ssp245,66
39.93,-73.75,2029,ssp245,88
39.93,-68.75,2029,ssp245,86
42.465,-123.75,2029,ssp245,146
42.465,-118.75,2029,ssp245,96
42.465,-113.75,2029,ssp245,80
42.465,-108.75,2029,ssp245,69
42.465,-103.75,2029,ssp245,67
42.465,-98.75,2029,ssp245,65
42.465,-93.75,2029,ssp245,57
42.465,-88.75,2029,ssp245,69
42.465,-83.75,2029,ssp245,72
42.465,-78.75,2029,ssp245,71
42.465,-73.75,2029,ssp245,53
42.465,-68.75,2029,ssp245,117
45.0,-123.75,2029,ssp245,98
45.0,-118.75,2029,ssp245,133
45.0,-113.75,2029,ssp245,89
45.0,-108.75,2029,ssp245,65
45.0,-103.75,2029,ssp245,69
45.0,-98.75,2029,ssp245,66
45.0,-93.75,2029,ssp245,60
45.0,-88.75,2029,ssp245,61
45.0,-83.75,2029,ssp245,68
45.0,-78.75,2029,ssp245,62
45.0,-73.75,2029,ssp245,48
45.0,-68.75,2029,ssp245,52
47.535,-123.75,2029,ssp245,119
47.535,-118.75,2029,ssp245,104
47.535,-113.75,2029,ssp245,77
47.535,-108.75,2029,ssp245,61
47.535,-103.75,2029,ssp245,58
47.535,-98.75,2029,ssp245,60
47.535,-93.75,2029,ssp245,65
47.535,-88.75,2029,ssp245,62
47.535,-83.75,2029,ssp245,48
47.535,-78.75,2029,ssp245,47
47.535,-73.75,2029,ssp245,46
47.535,-68.75,2029,ssp245,50
24.718,-123.75,2030,ssp245,0
24.718,-118.75,2030,ssp245,0
24.718,-113.75,2030,ssp245,0
24.718,-108.75,2030,ssp245,0
24.718,-103.75,2030,ssp245,46
24.718,-98.75,2030,ssp245,5
24.718,-93.75,2030,ssp245,0
24.718,-88.75,2030,ssp245,0
24.718,-83.75,2030,ssp245,0
24.718,-78.75,2030,ssp245,0
24.718,-73.75,2030,ssp245,0
24.718,-68.75,2030,ssp245,0
27.254,-123.75,2030,ssp245,0
27.254,-118.75,2030,ssp245,0
27.254,-113.75,2030,ssp245,0
27.254,-108.75,2030,ssp245,27
27.254,-103.75,2030,ssp245,50
27.254,-98.75,2030,ssp245,14
27.254,-93.75,2030,ssp245,0
27.254,-88.75,2030,ssp245,0
27.254,-83.75,2030,ssp245,1
27.254,-78.75,2030,ssp245,0
27.254,-73.75,2030,ssp245,0
27.254,-68.75,2030,ssp245,0
29.789,-123.75,2030,ssp245,0
29.789,-118.75,2030,ssp245,0
29.789,-113.75,2030,ssp245,7
29.789,-108.75,2030,ssp245,104
29.789,-103.75,2030,ssp245,85
29.789,-98.75,2030,ssp245,48
29.789,-93.75,2030,ssp245,28
29.789,-88.75,2030,ssp245,16
29.789,-83.75,2030,ssp245,20
29.789,-78.75,2030,ssp245,2
29.789,-73.75,2030,ssp245,0
29.789,-68.75,2030,ssp245,0
32.324,-123.75,2030,ssp245,0
32.324,-118.75,2030,ssp245,0
32.324,-113.75,2030,ssp245,49
32.324,-108.75,2030,ssp245,114
32.324,-103.75,2030,ssp245,94
32.324,-98.75,2030,ssp245,64
32.324,-93.75,2030,ssp245,50
32.324,-88.75,2030,ssp245,50
32.324,-83.75,2030,ssp245,54
32.324,-78.75,2030,ssp245,11
32.324,-73.75,2030,ssp245,1
32.324,-68.75,2030,ssp245,0
34.859,-123.75,2030,ssp245,0
34.859,-118.75,2030,ssp245,64
34.859,-113.75,2030,ssp245,123
34.859,-108.75,2030,ssp245,87
34.859,-103.75,2030,ssp245,89
34.859,-98.75,2030,ssp245,67
34.859,-93.75,2030,ssp245,64
34.859,-88.75,2030,ssp245,71
34.859,-83.75,2030,ssp245,69
34.859,-78.75,2030,ssp245,63
34.859,-73.75,2030,ssp245,14
34.859,-68.75,2030,ssp245,0
37.394,-123.75,2030,ssp245,9
37.394,-118.75,2030,ssp245,151
37.394,-113.75,2030,ssp245,96
37.394,-108.75,2030,ssp245,86
37.394,-103.75,2030,ssp245,88
37.394,-98.75,2030,ssp245,71
37.394,-93.75,2030,ssp245,55
37.394,-88.75,2030,ssp245,58
37.394,-83.75,2030,ssp245,58
37.394,-78.75,2030,ssp245,58
37.394,-73.75,2030,ssp245,43
37.394,-68.75,2030,ssp245,10
39.93,-123.75,2030,ssp245,75
39.93,-118.75,2030,ssp245,118
39.93,-113.75,2030,ssp245,105
39.93,-108.75,2030,ssp245,79
39.93,-103.75,2030,ssp245,91
39.93,-98.75,2030,ssp245,55
39.93,-93.75,2030,ssp245,54
39.93,-88.75,2030,ssp245,61
39.93,-83.75,2030,ssp245,63
39.93,-78.75,2030,ssp245,71
39.93,-73.75,2030,ssp245,87
39.93,-68.75,2030,ssp245,67
42.465,-123.75,2030,ssp245,138
42.465,-118.75,2030,ssp245,125
42.465,-113.75,2030,ssp245,110
42.465,-108.75,2030,ssp245,75
42.465,-103.75,2030,ssp245,68
42.465,-98.75,2030,ssp245,50
42.465,-93.75,2030,ssp245,53
42.465,-88.75,2030,ssp245,67
42.465,-83.75,2030,ssp245,71
42.465,-78.75,2030,ssp245,67
42.465,-73.75,2030,ssp245,58
42.465,-68.75,2030,ssp245,101
45.0,-123.75,2030,ssp245,119
45.0,-118.75,2030,ssp245,137
45.0,-113.75,2030,ssp245,92
45.0,-108.75,2030,ssp245,81
45.0,-103.75,2030,ssp245,49
45.0,-98.75,2030,ssp245,47
45.0,-93.75,2030,ssp245,52
45.0,-88.75,2030,ssp245,57
45.0,-83.75,2030,ssp245,69
45.0,-78.75,2030,ssp245,62
45.0,-73.75,2030,ssp245,48
45.0,-68.75,2030,ssp245,62
47.535,-123.75,2030,ssp245,125
47.535,-118.75,2030,ssp245,95
47.535,-113.75,2030,ssp245,91
47.535,-108.75,2030,ssp245,68
47.535,-103.75,2030,ssp245,38
47.535,-98.75,2030,ssp245,39
47.535,-93.75,2030,ssp245,34
47.535,-88.75,2030,ssp245,59
47.535,-83.75,2030,ssp245,48
47.535,-78.75,2030,ssp245,48
47.535,-73.75,2030,ssp245,52
47.535,-68.75,2030,ssp245,51
24.718,-123.75,2031,ssp245,0
24.718,-118.75,2031,ssp245,0
24.718,-113.75,2031,ssp245,0
24.718,-108.75,2031,ssp245,0
24.718,-103.75,2031,ssp245,92
24.718,-98.75,2031,ssp245,17
24.718,-93.75,2031,ssp245,0
24.718,-88.75,2031,ssp245,0
24.718,-83.75,2031,ssp245,0
24.718,-78.75,2031,ssp245,0
24.718,-73.75,2031,ssp245,0
24.718,-68.75,2031,ssp245,0
27.254,-123.75,2031,ssp245,0
27.254,-118.75,2031,ssp245,0
27.254,-113.75,2031,ssp245,6
27.254,-108.75,2031,ssp245,53
27.254,-103.75,2031,ssp245,80
27.254,-98.75,2031,ssp245,34
27.254,-93.75,2031,ssp245,0
27.254,-88.75,2031,ssp245,0
27.254,-83.75,2031,ssp245,0
27.254,-78.75,2031,ssp245,0
27.254,-73.75,2031,ssp245,0
27.254,-68.75,2031,ssp245,0
29.789,-123.75,2031,ssp245,0
29.789,-118.75,2031,ssp245,0
29.789,-113.75,2031,ssp245,22
29.789,-108.75,2031,ssp245,97
29.789,-103.75,2031,ssp245,81
29.789,-98.75,2031,ssp245,41
29.789,-93.75,2031,ssp245,44
29.789,-88.75,2031,ssp245,24
29.789,-83.75,2031,ssp245,15
29.789,-78.75,2031,ssp245,0
29.789,-73.75,2031,ssp245,0
29.789,-68.75,2031,ssp245,0
32.324,-123.75,2031,ssp245,0
32.324,-118.75,2031,ssp245,7
32.324,-113.75,2031,ssp245,72
32.324,-108.75,2031,ssp245,89
32.324,-103.75,2031,ssp245,80
32.324,-98.75,2031,ssp245,48
32.324,-93.75,2031,ssp245,39
32.324,-88.75,2031,ssp245,41
32.324,-83.75,2031,ssp245,51
32.324,-78.75,2031,ssp245,8
32.324,-73.75,2031,ssp245,0
32.324,-68.75,2031,ssp245,0
34.859,-123.75,2031,ssp245,2
34.859,-118.75,2031,ssp245,82
34.859,-113.75,2031,ssp245,96
34.859,-108.75,2031,ssp245,95
34.859,-103.75,2031,ssp245,85
34.859,-98.75,2031,ssp245,66
34.859,-93.75,2031,ssp245,51
34.859,-88.75,2031,ssp245,54
34.859,-83.75,2031,ssp245,55
34.859,-78.75,2031,ssp245,49
34.859,-73.75,2031,ssp245,5
34.859,-68.75,2031,ssp245,0
37.394,-123.75,2031,ssp245,18
37.394,-118.75,2031,ssp245,112
37.394,-113.75,2031,ssp245,93
37.394,-108.75,2031,ssp245,75
37.394,-103.75,2031,ssp245,73
37.394,-98.75,2031,ssp245,75
37.394,-93.75,2031,ssp245,70
37.394,-88.75,2031,ssp245,60
37.394,-83.75,2031,ssp245,55
37.394,-78.75,2031,ssp245,63
37.394,-73.75,2031,ssp245,37
37.394,-68.75,2031,ssp245,6
39.93,-123.75,2031,ssp245,80
39.93,-118.75,2031,ssp245,111
39.93,-113.75,2031,ssp245,85
39.93,-108.75,2031,ssp245,74
39.93,-103.75,2031,ssp245,64
39.93,-98.75,2031,ssp245,65
39.93,-93.75,2031,ssp245,63
39.93,-88.75,2031,ssp245,72
39.93,-83.75,2031,ssp245,61
39.93,-78.75,2031,ssp245,55
39.93,-73.75,2031,ssp245,82
39.93,-68.75,2031,ssp245,64
42.465,-123.75,2031,ssp245,121
42.465,-118.75,2031,ssp245,119
42.465,-113.75,2031,ssp245,89
42.465,-108.75,2031,ssp245,73
42.465,-103.75,2031,ssp245,63
42.465,-98.75,2031,ssp245,56
42.465,-93.75,2031,ssp245,46
42.465,-88.75,2031,ssp245,74
42.465,-83.75,2031,ssp245,71
42.465,-78.75,2031,ssp245,67
42.465,-73.75,2031,ssp245,62
42.465,-68.75,2031,ssp245,108
45.0,-123.75,2031,ssp245,108
45.0,-118.75,2031,ssp245,128
45.0,-113.75,2031,ssp245,90
45.0,-108.75,2031,ssp245,71
45.0,-103.75,2031,ssp245,59
45.0,-98.75,2031,ssp245,52
45.0,-93.75,2031,ssp245,59
45.0,-88.75,2031,ssp245,61
45.0,-83.75,2031,ssp245,66
45.0,-78.75,2031,ssp245,67
45.0,-73.75,2031,ssp245,55
45.0,-68.75,2031,ssp245,53
47.535,-123.75,2031,ssp245,103
47.535,-118.75,2031,ssp245,111
47.535,-113.75,2031,ssp245,86
47.535,-108.75,2031,ssp245,67
47.535,-103.75,2031,ssp245,61
47.535,-98.75,2031,ssp245,48
47.535,-93.75,2031,ssp245,52
47.535,-88.75,2031,ssp245,51
47.535,-83.75,2031,ssp245,58
47.535,-78.75,2031,ssp245,52
47.535,-73.75,2031,ssp245,42
47.535,-68.75,2031,ssp245,44
24.718,-123.75,2032,ssp245,0
24.718,-118.75,2032,ssp245,0
24.718,-113.75,2032,ssp245,0
24.718,-108.75,2032,ssp245,0
24.718,-103.75,2032,ssp245,87
24.718,-98.75,2032,ssp245,7
24.718,-93.75,2032,ssp245,0
24.718,-88.75,2032,ssp245,0
24.718,-83.75,2032,ssp245,0
24.718,-78.75,2032,ssp245,0
24.718,-73.75,2032,ssp245,0
24.718,-68.75,2032,ssp245,0
27.254,-123.75,2032,ssp245,0
27.254,-118.75,2032,ssp245,0
27.254,-113.75,2032,ssp245,0
27.254,-108.75,2032,ssp245,39
27.254,-103.75,2032,ssp245,59
27.254,-98.75,2032,ssp245,20
27.254,-93.75,2032,ssp245,0
27.254,-88.75,2032,ssp245,0
27.254,-83.75,2032,ssp245,0
27.254,-78.75,2032,ssp245,0
27.254,-73.75,2032,ssp245,0
27.254,-68.75,2032,ssp245,0
29.789,-123.75,2032,ssp245,0
29.789,-118.75,2032,ssp245,0
29.789,-113.75,2032,ssp245,11
29.789,-108.75,2032,ssp245,100
29.789,-103.75,2032,ssp245,79
29.789,-98.75,2032,ssp245,53
29.789,-93.75,2032,ssp245,21
29.789,-88.75,2032,ssp245,4
29.789,-83.75,2032,ssp245,5
29.789,-78.75,2032,ssp245,0
29.789,-73.75,2032,ssp245,0
29.789,-68.75,2032,ssp245,0
32.324,-123.75,2032,ssp245,0
32.324,-118.75,2032,ssp245,0
32.324,-113.75,2032,ssp245,54
32.324,-108.75,2032,ssp245,119
32.324,-103.75,2032,ssp245,106
32.324,-98.75,2032,ssp245,65
32.324,-93.75,2032,ssp245,55
32.324,-88.75,2032,ssp245,55
32.324,-83.75,2032,ssp245,51
32.324,-78.75,2032,ssp245,3
32.324,-73.75,2032,ssp245,0
32.324,-68.75,2032,ssp245,0
34.859,-123.75,2032,ssp245,0
34.859,-118.75,2032,ssp245,69
34.859,-113.75,2032,ssp245,120
34.859,-108.75,2032,ssp245,107
34.859,-103.75,2032,ssp245,107
34.859,-98.75,2032,ssp245,82
34.859,-93.75,2032,ssp245,78
34.859,-88.75,2032,ssp245,70
34.859,-83.75,2032,ssp245,69
34.859,-78.75,2032,ssp245,56
34.859,-73.75,2032,ssp245,4
34.859,-68.75,2032,ssp245,0
37.394,-123.75,2032,ssp245,3
37.394,-118.75,2032,ssp245,142
37.394,-113.75,2032,ssp245,109
37.394,-108.75,2032,ssp245,86
37.394,-103.75,2032,ssp245,85
37.394,-98.75,2032,ssp245,73
37.394,-93.75,2032,ssp245,61
37.394,-88.75,2032,ssp245,74
37.394,-83.75,2032,ssp245,74
37.394,-78.75,2032,ssp245,74
37.394,-73.75,2032,ssp245,17
37.394,-68.75,2032,ssp245,1
39.93,-123.75,2032,ssp245,80
39.93,-118.75,2032,ssp245,117
39.93,-113.75,2032,ssp245,94
39.93,-108.75,2032,ssp245,75
39.93,-103.75,2032,ssp245,75
39.93,-98.75,2032,ssp245,63
39.93,-93.75,2032,ssp245,58
39.93,-88.75,2032,ssp245,66
39.93,-83.75,2032,ssp245,71
39.93,-78.75,2032,ssp245,75
39.93,-73.75,2032,ssp245,102
39.93,-68.75,2032,ssp245,43
42.465,-123.75,2032,ssp245,127
42.465,-118.75,2032,ssp245,103
42.465,-113.75,2032,ssp245,80
42.465,-108.75,2032,ssp245,72
42.465,-103.75,2032,ssp245,73
42.465,-98.75,2032,ssp245,46
42.465,-93.75,2032,ssp245,46
42.465,-88.75,2032,ssp245,64
42.465,-83.75,2032,ssp245,68
42.465,-78.75,2032,ssp245,75
42.465,-73.75,2032,ssp245,58
42.465,-68.75,2032,ssp245,105
45.0,-123.75,2032,ssp245,119
45.0,-118.75,2032,ssp245,88
45.0,-113.75,2032,ssp245,76
45.0,-108.75,2032,ssp245,70
45.0,-103.75,2032,ssp245,66
45.0,-98.75,2032,ssp245,40
45.0,-93.75,2032,ssp245,43
45.0,-88.75,2032,ssp245,51
45.0,-83.75,2032,ssp245,66
45.0,-78.75,2032,ssp245,56
45.0,-73.75,2032,ssp245,48
45.0,-68.75,2032,ssp245,48
47.535,-123.75,2032,ssp245,112
47.535,-118.75,2032,ssp245,71
47.535,-113.75,2032,ssp245,80
47.535,-108.75,2032,ssp245,67
47.535,-103.75,2032,ssp245,48
47.535,-98.75,2032,ssp245,39
47.535,-93.75,2032,ssp245,41
47.535,-88.75,2032,ssp245,44
47.535,-83.75,2032,ssp245,54
47.535,-78.75,2032,ssp245,59
47.535,-73.75,2032,ssp245,65
47.535,-68.75,2032,ssp245,56
24.718,-123.75,2033,ssp245,0
24.718,-118.75,2033,ssp245,0
24.718,-113.75,2033,ssp245,0
24.718,-108.75,2033,ssp245,0
24.718,-103.75,2033,ssp245,68
24.718,-98.75,2033,ssp245,8
24.718,-93.75,2033,ssp245,0
24.718,-88.75,2033,ssp245,0
24.718,-83.75,2033,ssp245,0
24.718,-78.75,2033,ssp245,0
24.718,-73.75,2033,ssp245,0
24.718,-68.75,2033,ssp245,0
27.254,-123.75,2033,ssp245,0
27.254,-118.75,2033,ssp245,0
27.254,-113.75,2033,ssp245,2
27.254,-108.75,2033,ssp245,65
27.254,-103.75,2033,ssp245,60
27.254,-98.75,2033,ssp245,16
27.254,-93.75,2033,ssp245,0
27.254,-88.75,2033,ssp245,0
27.254,-83.75,2033,ssp245,0
27.254,-78.75,2033,ssp245,0
27.254,-73.75,2033,ssp245,0
27.254,-68.75,2033,ssp245,0
29.789,-123.75,2033,ssp245,0
29.789,-118.75,2033,ssp245,0
29.789,-113.75,2033,ssp245,17
29.789,-108.75,2033,ssp245,96
29.789,-103.75,2033,ssp245,76
29.789,-98.75,2033,ssp245,35
29.789,-93.75,2033,ssp245,22
29.789,-88.75,2033,ssp245,14
29.789,-83.75,2033,ssp245,15
29.789,-78.75,2033,ssp245,0
29.789,-73.75,2033,ssp245,0
29.789,-68.75,2033,ssp245,0
32.324,-123.75,2033,ssp245,0
32.324,-118.75,2033,ssp245,1
32.324,-113.75,2033,ssp245,60
32.324,-108.75,2033,ssp245,96
32.324,-103.75,2033,ssp245,96
32.324,-98.75,2033,ssp245,55
32.324,-93.75,2033,ssp245,44
32.324,-88.75,2033,ssp245,63
32.324,-83.75,2033,ssp245,63
32.324,-78.75,2033,ssp245,6
32.324,-73.75,2033,ssp245,0
32.324,-68.75,2033,ssp245,0
34.859,-123.75,2033,ssp245,0
34.859,-118.75,2033,ssp245,76
34.859,-113.75,2033,ssp245,105
34.859,-108.75,2033,ssp245,114
34.859,-103.75,2033,ssp245,100
34.859,-98.75,2033,ssp245,74
34.859,-93.75,2033,ssp245,65
34.859,-88.75,2033,ssp245,60
34.859,-83.75,2033,ssp245,64
34.859,-78.75,2033,ssp245,81
34.859,-73.75,2033,ssp245,4
34.859,-68.75,2033,ssp245,0
37.394,-123.75,2033,ssp245,5
37.394,-118.75,2033,ssp245,116
37.394,-113.75,2033,ssp245,104
37.394,-108.75,2033,ssp245,87
37.394,-103.75,2033,ssp245,98
37.394,-98.75,2033,ssp245,89
37.394,-93.75,2033,ssp245,90
37.394,-88.75,2033,ssp245,63
37.394,-83.75,2033,ssp245,60
37.394,-78.75,2033,ssp245,64
37.394,-73.75,2033,ssp245,42
37.394,-68.75,2033,ssp245,3
39.93,-123.75,2033,ssp245,78
39.93,-118.75,2033,ssp245,107
39.93,-113.75,2033,ssp245,100
39.93,-108.75,2033,ssp245,82
39.93,-103.75,2033,ssp245,83
39.93,-98.75,2033,ssp245,81
39.93,-93.75,2033,ssp245,77
39.93,-88.75,2033,ssp245,70
39.93,-83.75,2033,ssp245,65
39.93,-78.75,2033,ssp245,62
39.93,-73.75,2033,ssp245,88
39.93,-68.75,2033,ssp245,84
42.465,-123.75,2033,ssp245,133
42.465,-118.75,2033,ssp245,114
42.465,-113.75,2033,ssp245,104
42.465,-108.75,2033,ssp245,77
42.465,-103.75,2033,ssp245,70
42.465,-98.75,2033,ssp245,69
42.465,-93.75,2033,ssp245,68
42.465,-88.75,2033,ssp245,74
42.465,-83.75,2033,ssp245,73
42.465,-78.75,2033,ssp245,68
42.465,-73.75,2033,ssp245,54
42.465,-68.75,2033,ssp245,118
45.0,-123.75,2033,ssp245,114
45.0,-118.75,2033,ssp245,105
45.0,-113.75,2033,ssp245,98
45.0,-108.75,2033,ssp245,70
45.0,-103.75,2033,ssp245,64
45.0,-98.75,2033,ssp245,66
45.0,-93.75,2033,ssp245,61
45.0,-88.75,2033,ssp245,57
45.0,-83.75,2033,ssp245,75
45.0,-78.75,2033,ssp245,64
45.0,-73.75,2033,ssp245,41
45.0,-68.75,2033,ssp245,52
47.535,-123.75,2033,ssp245,101
47.535,-118.75,2033,ssp245,107
47.535,-113.75,2033,ssp245,76
47.535,-108.75,2033,ssp245,65
47.535,-103.75,2033,ssp245,57
47.535,-98.75,2033,ssp245,49
47.535,-93.75,2033,ssp245,39
47.535,-88.75,2033,ssp245,52
47.535,-83.75,2033,ssp245,48
47.535,-78.75,2033,ssp245,46
47.535,-73.75,2033,ssp245,46
47.535,-68.75,2033,ssp245,40
24.718,-123.75,2034,ssp245,0
24.718,-118.75,2034,ssp245,0
24.718,-113.75,2034,ssp245,0
24.718,-108.75,2034,ssp245,0
24.718,-103.75,2034,ssp245,69
24.718,-98.75,2034,ssp245,9
24.718,-93.75,2034,ssp245,0
24.718,-88.75,2034,ssp245,0
24.718,-83.75,2034,ssp245,0
24.718,-78.75,2034,ssp245,0
24.718,-73.75,2034,ssp245,0
24.718,-68.75,2034,ssp245,0
27.254,-123.75,2034,ssp245,0
27.254,-118.75,2034,ssp245,0
27.254,-113.75,2034,ssp245,0
27.254,-108.75,2034,ssp245,34
27.254,-103.75,2034,ssp245,60
27.254,-98.75,2034,ssp245,19
27.254,-93.75,2034,ssp245,0
27.254,-88.75,2034,ssp245,0
27.254,-83.75,2034,ssp245,0
27.254,-78.75,2034,ssp245,0
27.254,-73.75,2034,ssp245,0
27.254,-68.75,2034,ssp245,0
29.789,-123.75,2034,ssp245,0
29.789,-118.75,2034,ssp245,0
29.789,-113.75,2034,ssp245,17
29.789,-108.75,2034,ssp245,106
29.789,-103.75,2034,ssp245,89
29.789,-98.75,2034,ssp245,55
29.789,-93.75,2034,ssp245,20
29.789,-88.75,2034,ssp245,10
29.789,-83.75,2034,ssp245,19
29.789,-78.75,2034,ssp245,0
29.789,-73.75,2034,ssp245,0
29.789,-68.75,2034,ssp245,0
32.324,-123.75,2034,ssp245,0
32.324,-118.75,2034,ssp245,1
32.324,-113.75,2034,ssp245,65
32.324,-108.75,2034,ssp245,114
32.324,-103.75,2034,ssp245,91
32.324,-98.75,2034,ssp245,79
32.324,-93.75,2034,ssp245,65
32.324,-88.75,2034,ssp245,56
32.324,-83.75,2034,ssp245,50
32.324,-78.75,2034,ssp245,9
32.324,-73.75,2034,ssp245,0
32.324,-68.75,2034,ssp245,0
34.859,-123.75,2034,ssp245,1
34.859,-118.75,2034,ssp245,72
34.859,-113.75,2034,ssp245,125
34.859,-108.75,2034,ssp245,94
34.859,-103.75,2034,ssp245,89
34.859,-98.75,2034,ssp245,78
34.859,-93.75,2034,ssp245,82
34.859,-88.75,2034,ssp245,78
34.859,-83.75,2034,ssp245,79
34.859,-78.75,2034,ssp245,61
34.859,-73.75,2034,ssp245,4
34.859,-68.75,2034,ssp245,0
37.394,-123.75,2034,ssp245,9
37.394,-118.75,2034,ssp245,145
37.394,-113.75,2034,ssp245,89
37.394,-108.75,2034,ssp245,65
37.394,-103.75,2034,ssp245,90
37.394,-98.75,2034,ssp245,64
37.394,-93.75,2034,ssp245,62
37.394,-88.75,2034,ssp245,75
37.394,-83.75,2034,ssp245,75
37.394,-78.75,2034,ssp245,75
37.394,-73.75,2034,ssp245,29
37.394,-68.75,2034,ssp245,6
39.93,-123.75,2034,ssp245,85
39.93,-118.75,2034,ssp245,86
39.93,-113.75,2034,ssp245,62
39.93,-108.75,2034,ssp245,64
39.93,-103.75,2034,ssp245,67
39.93,-98.75,2034,ssp245,61
39.93,-93.75,2034,ssp245,63
39.93,-88.75,2034,ssp245,65
39.93,-83.75,2034,ssp245,69
39.93,-78.75,2034,ssp245,78
39.93,-73.75,2034,ssp245,99
39.93,-68.75,2034,ssp245,52
42.465,-123.75,2034,ssp245,150
42.465,-118.75,2034,ssp245,88
42.465,-113.75,2034,ssp245,60
42.465,-108.75,2034,ssp245,53
42.465,-103.75,2034,ssp245,71
42.465,-98.75,2034,ssp245,65
42.465,-93.75,2034,ssp245,59
42.465,-88.75,2034,ssp245,74
42.465,-83.75,2034,ssp245,82
42.465,-78.75,2034,ssp245,85
42.465,-73.75,2034,ssp245,73
42.465,-68.75,2034,ssp245,125
45.0,-123.75,2034,ssp245,124
45.0,-118.75,2034,ssp245,117
45.0,-113.75,2034,ssp245,56
45.0,-108.75,2034,ssp245,47
45.0,-103.75,2034,ssp245,67
45.0,-98.75,2034,ssp245,64
45.0,-93.75,2034,ssp245,54
45.0,-88.75,2034,ssp245,67
45.0,-83.75,2034,ssp245,78
45.0,-78.75,2034,ssp245,74
45.0,-73.75,2034,ssp245,61
45.0,-68.75,2034,ssp245,72
47.535,-123.75,2034,ssp245,124
47.535,-118.75,2034,ssp245,114
47.535,-113.75,2034,ssp245,78
47.535,-108.75,2034,ssp245,77
47.535,-103.75,2034,ssp245,64
47.535,-98.75,2034,ssp245,48
47.535,-93.75,2034,ssp245,52
47.535,-88.75,2034,ssp245,75
47.535,-83.75,2034,ssp245,64
47.535,-78.75,2034,ssp245,53
47.535,-73.75,2034,ssp245,45
47.535,-68.75,2034,ssp245,46
24.718,-123.75,2035,ssp245,0
24.718,-118.75,2035,ssp245,0
24.718,-113.75,2035,ssp245,0
24.718,-108.75,2035,ssp245,0
24.718,-103.75,2035,ssp245,76
24.718,-98.75,2035,ssp245,5
24.718,-93.75,2035,ssp245,0
24.718,-88.75,2035,ssp245,0
24.718,-83.75,2035,ssp245,0
24.718,-78.75,2035,ssp245,0
24.718,-73.75,2035,ssp245,0
24.718,-68.75,2035,ssp245,0
27.254,-123.75,2035,ssp245,0
27.254,-118.75,2035,ssp245,0
27.254,-113.75,2035,ssp245,0
27.254,-108.75,2035,ssp245,49
27.254,-103.75,2035,ssp245,75
27.254,-98.75,2035,ssp245,21
27.254,-93.75,2035,ssp245,0
27.254,-88.75,2035,ssp245,0
27.254,-83.75,2035,ssp245,0
27.254,-78.75,2035,ssp245,0
27.254,-73.75,2035,ssp245,0
27.254,-68.75,2035,ssp245,0
29.789,-123.75,2035,ssp245,0
29.789,-118.75,2035,ssp245,0
29.789,-113.75,2035,ssp245,12
29.789,-108.75,2035,ssp245,108
29.789,-103.75,2035,ssp245,76
29.789,-98.75,2035,ssp245,48
29.789,-93.75,2035,ssp245,29
29.789,-88.75,2035,ssp245,14
29.789,-83.75,2035,ssp245,20
29.789,-78.75,2035,ssp245,0
29.789,-73.75,2035,ssp245,0
29.789,-68.75,2035,ssp245,0
32.324,-123.75,2035,ssp245,0
32.324,-118.75,2035,ssp245,0
32.324,-113.75,2035,ssp245,79
32.324,-108.75,2035,ssp245,100
32.324,-103.75,2035,ssp245,80
32.324,-98.75,2035,ssp245,66
32.324,-93.75,2035,ssp245,59
32.324,-88.75,2035,ssp245,54
32.324,-83.75,2035,ssp245,42
32.324,-78.75,2035,ssp245,10
32.324,-73.75,2035,ssp245,0
32.324,-68.75,2035,ssp245,0
34.859,-123.75,2035,ssp245,0
34.859,-118.75,2035,ssp245,78
34.859,-113.75,2035,ssp245,106
34.859,-108.75,2035,ssp245,94
34.859,-103.75,2035,ssp245,83
34.859,-98.75,2035,ssp245,64
34.859,-93.75,2035,ssp245,63
34.859,-88.75,2035,ssp245,67
34.859,-83.75,2035,ssp245,67
34.859,-78.75,2035,ssp245,57
34.859,-73.75,2035,ssp245,5
34.859,-68.75,2035,ssp245,0
37.394,-123.75,2035,ssp245,2
37.394,-118.75,2035,ssp245,124
37.394,-113.75,2035,ssp245,83
37.394,-108.75,2035,ssp245,81
37.394,-103.75,2035,ssp245,71
37.394,-98.75,2035,ssp245,59
37.394,-93.75,2035,ssp245,44
37.394,-88.75,2035,ssp245,54
37.394,-83.75,2035,ssp245,64
37.394,-78.75,2035,ssp245,75
37.394,-73.75,2035,ssp245,38
37.394,-68.75,2035,ssp245,6
39.93,-123.75,2035,ssp245,69
39.93,-118.75,2035,ssp245,112
39.93,-113.75,2035,ssp245,87
39.93,-108.75,2035,ssp245,76
39.93,-103.75,2035,ssp245,73
39.93,-98.75,2035,ssp245,52
39.93,-93.75,2035,ssp245,45
39.93,-88.75,2035,ssp245,52
39.93,-83.75,2035,ssp245,64
39.93,-78.75,2035,ssp245,72
39.93,-73.75,2035,ssp245,89
39.93,-68.75,2035,ssp245,54
42.465,-123.75,2035,ssp245,147
42.465,-118.75,2035,ssp245,101
42.465,-113.75,2035,ssp245,94
42.465,-108.75,2035,ssp245,77
42.465,-103.75,2035,ssp245,77
42.465,-98.75,2035,ssp245,58
42.465,-93.75,2035,ssp245,61
42.465,-88.75,2035,ssp245,67
42.465,-83.75,2035,ssp245,65
42.465,-78.75,2035,ssp245,74
42.465,-73.75,2035,ssp245,58
42.465,-68.75,2035,ssp245,120
45.0,-123.75,2035,ssp245,125
45.0,-118.75,2035,ssp245,113
45.0,-113.75,2035,ssp245,84
45.0,-108.75,2035,ssp245,72
45.0,-103.75,2035,ssp245,74
45.0,-98.75,2035,ssp245,59
45.0,-93.75,2035,ssp245,53
45.0,-88.75,2035,ssp245,59
45.0,-83.75,2035,ssp245,67
45.0,-78.75,2035,ssp245,63
45.0,-73.75,2035,ssp245,53
45.0,-68.75,2035,ssp245,74
47.535,-123.75,2035,ssp245,130
47.535,-118.75,2035,ssp245,109
47.535,-113.75,2035,ssp245,93
47.535,-108.75,2035,ssp245,76
47.535,-103.75,2035,ssp245,65
47.535,-98.75,2035,ssp245,48
47.535,-93.75,2035,ssp245,52
47.535,-88.75,2035,ssp245,54
47.535,-83.75,2035,ssp245,55
47.535,-78.75,2035,ssp245,51
47.535,-73.75,2035,ssp245,52
47.535,-68.75,2035,ssp245,53
24.718,-123.75,2036,ssp245,0
24.718,-118.75,2036,ssp245,0
24.718,-113.75,2036,ssp245,0
24.718,-108.75,2036,ssp245,0
24.718,-103.75,2036,ssp245,87
24.718,-98.75,2036,ssp245,7
24.718,-93.75,2036,ssp245,0
24.718,-88.75,2036,ssp245,0
24.718,-83.75,2036,ssp245,0
24.718,-78.75,2036,ssp245,0
24.718,-73.75,2036,ssp245,0
24.718,-68.75,2036,ssp245,0
27.254,-123.75,2036,ssp245,0
27.254,-118.75,2036,ssp245,0
27.254,-113.75,2036,ssp245,0
27.254,-108.75,2036,ssp245,38
27.254,-103.75,2036,ssp245,77
27.254,-98.75,2036,ssp245,21
27.254,-93.75,2036,ssp245,0
27.254,-88.75,2036,ssp245,0
27.254,-83.75,2036,ssp245,0
27.254,-78.75,2036,ssp245,0
27.254,-73.75,2036,ssp245,0
27.254,-68.75,2036,ssp245,0
29.789,-123.75,2036,ssp245,0
29.789,-118.75,2036,ssp245,0
29.789,-113.75,2036,ssp245,13
29.789,-108.75,2036,ssp245,102
29.789,-103.75,2036,ssp245,77
29.789,-98.75,2036,ssp245,54
29.789,-93.75,2036,ssp245,20
29.789,-88.75,2036,ssp245,8
29.789,-83.75,2036,ssp245,20
29.789,-78.75,2036,ssp245,0
29.789,-73.75,2036,ssp245,0
29.789,-68.75,2036,ssp245,0
32.324,-123.75,2036,ssp245,0
32.324,-118.75,2036,ssp245,0
32.324,-113.75,2036,ssp245,59
32.324,-108.75,2036,ssp245,110
32.324,-103.75,2036,ssp245,98
32.324,-98.75,2036,ssp245,75
32.324,-93.75,2036,ssp245,62
32.324,-88.75,2036,ssp245,50
32.324,-83.75,2036,ssp245,41
32.324,-78.75,2036,ssp245,9
32.324,-73.75,2036,ssp245,0
32.324,-68.75,2036,ssp245,0
34.859,-123.75,2036,ssp245,0
34.859,-118.75,2036,ssp245,53
34.859,-113.75,2036,ssp245,126
34.859,-108.75,2036,ssp245,88
34.859,-103.75,2036,ssp245,88
34.859,-98.75,2036,ssp245,85
34.859,-93.75,2036,ssp245,73
34.859,-88.75,2036,ssp245,61
34.859,-83.75,2036,ssp245,57
34.859,-78.75,2036,ssp245,47
34.859,-73.75,2036,ssp245,7
34.859,-68.75,2036,ssp245,0
37.394,-123.75,2036,ssp245,3
37.394,-118.75,2036,ssp245,142
37.394,-113.75,2036,ssp245,80
37.394,-108.75,2036,ssp245,79
37.394,-103.75,2036,ssp245,84
37.394,-98.75,2036,ssp245,84
37.394,-93.75,2036,ssp245,79
37.394,-88.75,2036,ssp245,79
37.394,-83.75,2036,ssp245,68
37.394,-78.75,2036,ssp245,68
37.394,-73.75,2036,ssp245,29
37.394,-68.75,2036,ssp245,9
39.93,-123.75,2036,ssp245,51
39.93,-118.75,2036,ssp245,114
39.93,-113.75,2036,ssp245,102
39.93,-108.75,2036,ssp245,80
39.93,-103.75,2036,ssp245,80
39.93,-98.75,2036,ssp245,78
39.93,-93.75,2036,ssp245,73
39.93,-88.75,2036,ssp245,86
39.93,-83.75,2036,ssp245,83
39.93,-78.75,2036,ssp245,76
39.93,-73.75,2036,ssp245,70
39.93,-68.75,2036,ssp245,56
42.465,-123.75,2036,ssp245,121
42.465,-118.75,2036,ssp245,125
42.465,-113.75,2036,ssp245,104
42.465,-108.75,2036,ssp245,86
42.465,-103.75,2036,ssp245,83
42.465,-98.75,2036,ssp245,76
42.465,-93.75,2036,ssp245,75
42.465,-88.75,2036,ssp245,94
42.465,-83.75,2036,ssp245,86
42.465,-78.75,2036,ssp245,85
42.465,-73.75,2036,ssp245,78
42.465,-68.75,2036,ssp245,97
45.0,-123.75,2036,ssp245,95
45.0,-118.75,2036,ssp245,126
45.0,-113.75,2036,ssp245,81
45.0,-108.75,2036,ssp245,81
45.0,-103.75,2036,ssp245,74
45.0,-98.75,2036,ssp245,58
45.0,-93.75,2036,ssp245,59
45.0,-88.75,2036,ssp245,83
45.0,-83.75,2036,ssp245,91
45.0,-78.75,2036,ssp245,76
45.0,-73.75,2036,ssp245,63
45.0,-68.75,2036,ssp245,72
47.535,-123.75,2036,ssp245,111
47.535,-118.75,2036,ssp245,116
47.535,-113.75,2036,ssp245,94
47.535,-108.75,2036,ssp245,90
47.535,-103.75,2036,ssp245,70
47.535,-98.75,2036,ssp245,56
47.535,-93.75,2036,ssp245,50
47.535,-88.75,2036,ssp245,64
47.535,-83.75,2036,ssp245,59
47.535,-78.75,2036,ssp245,55
47.535,-73.75,2036,ssp245,53
47.535,-68.75,2036,ssp245,56
24.718,-123.75,2037,ssp245,0
24.718,-118.75,2037,ssp245,0
24.718,-113.75,2037,ssp245,0
24.718,-108.75,2037,ssp245,0
24.718,-103.75,2037,ssp245,94
24.718,-98.75,2037,ssp245,2
24.718,-93.75,2037,ssp245,0
24.718,-88.75,2037,ssp245,0
24.718,-83.75,2037,ssp245,0
24.718,-78.75,2037,ssp245,0
24.718,-73.75,2037,ssp245,0
24.718,-68.75,2037,ssp245,0
27.254,-123.75,2037,ssp245,0
27.254,-118.75,2037,ssp245,0
27.254,-113.75,2037,ssp245,0
27.254,-108.75,2037,ssp245,38
27.254,-103.75,2037,ssp245,72
27.254,-98.75,2037,ssp245,13
27.254,-93.75,2037,ssp245,0
27.254,-88.75,2037,ssp245,0
27.254,-83.75,2037,ssp245,0
27.254,-78.75,2037,ssp245,0
27.254,-73.75,2037,ssp245,0
27.254,-68.75,2037,ssp245,0
29.789,-123.75,2037,ssp245,0
29.789,-118.75,2037,ssp245,0
29.789,-113.75,2037,ssp245,5
29.789,-108.75,2037,ssp245,115
29.789,-103.75,2037,ssp245,89
29.789,-98.75,2037,ssp245,42
29.789,-93.75,2037,ssp245,28
29.789,-88.75,2037,ssp245,9
29.789,-83.75,2037,ssp245,17
29.789,-78.75,2037,ssp245,0
29.789,-73.75,2037,ssp245,0
29.789,-68.75,2037,ssp245,0
32.324,-123.75,2037,ssp245,0
32.324,-118.75,2037,ssp245,0
32.324,-113.75,2037,ssp245,46
32.324,-108.75,2037,ssp245,128
32.324,-103.75,2037,ssp245,109
32.324,-98.75,2037,ssp245,88
32.324,-93.75,2037,ssp245,60
32.324,-88.75,2037,ssp245,61
32.324,-83.75,2037,ssp245,52
32.324,-78.75,2037,ssp245,10
32.324,-73.75,2037,ssp245,0
32.324,-68.75,2037,ssp245,0
34.859,-123.75,2037,ssp245,0
34.859,-118.75,2037,ssp245,55
34.859,-113.75,2037,ssp245,147
34.859,-108.75,2037,ssp245,86
34.859,-103.75,2037,ssp245,98
34.859,-98.75,2037,ssp245,96
34.859,-93.75,2037,ssp245,74
34.859,-88.75,2037,ssp245,78
34.859,-83.75,2037,ssp245,74
34.859,-78.75,2037,ssp245,62
34.859,-73.75,2037,ssp245,9
34.859,-68.75,2037,ssp245,0
37.394,-123.75,2037,ssp245,8
37.394,-118.75,2037,ssp245,152
37.394,-113.75,2037,ssp245,85
37.394,-108.75,2037,ssp245,59
37.394,-103.75,2037,ssp245,78
37.394,-98.75,2037,ssp245,89
37.394,-93.75,2037,ssp245,73
37.394,-88.75,2037,ssp245,75
37.394,-83.75,2037,ssp245,77
37.394,-78.75,2037,ssp245,77
37.394,-73.75,2037,ssp245,33
37.394,-68.75,2037,ssp245,2
39.93,-123.75,2037,ssp245,55
39.93,-118.75,2037,ssp245,112
39.93,-113.75,2037,ssp245,80
39.93,-108.75,2037,ssp245,57
39.93,-103.75,2037,ssp245,61
39.93,-98.75,2037,ssp245,67
39.93,-93.75,2037,ssp245,70
39.93,-88.75,2037,ssp245,65
39.93,-83.75,2037,ssp245,72
39.93,-78.75,2037,ssp245,79
39.93,-73.75,2037,ssp245,93
39.93,-68.75,2037,ssp245,54
42.465,-123.75,2037,ssp245,134
42.465,-118.75,2037,ssp245,101
42.465,-113.75,2037,ssp245,83
42.465,-108.75,2037,ssp245,71
42.465,-103.75,2037,ssp245,51
42.465,-98.75,2037,ssp245,65
42.465,-93.75,2037,ssp245,59
42.465,-88.75,2037,ssp245,58
42.465,-83.75,2037,ssp245,77
42.465,-78.75,2037,ssp245,84
42.465,-73.75,2037,ssp245,70
42.465,-68.75,2037,ssp245,112
45.0,-123.75,2037,ssp245,106
45.0,-118.75,2037,ssp245,117
45.0,-113.75,2037,ssp245,67
45.0,-108.75,2037,ssp245,69
45.0,-103.75,2037,ssp245,50
45.0,-98.75,2037,ssp245,60
45.0,-93.75,2037,ssp245,64
45.0,-88.75,2037,ssp245,61
45.0,-83.75,2037,ssp245,69
45.0,-78.75,2037,ssp245,71
45.0,-73.75,2037,ssp245,53
45.0,-68.75,2037,ssp245,73
47.535,-123.75,2037,ssp245,104
47.535,-118.75,2037,ssp245,105
47.535,-113.75,2037,ssp245,84
47.535,-108.75,2037,ssp245,75
47.535,-103.75,2037,ssp245,62
47.535,-98.75,2037,ssp245,58
47.535,-93.75,2037,ssp245,59
47.535,-88.75,2037,ssp245,78
47.535,-83.75,2037,ssp245,63
47.535,-78.75,2037,ssp245,53
47.535,-73.75,2037,ssp245,46
47.535,-68.75,2037,ssp245,46
24.718,-123.75,2038,ssp245,0
24.718,-118.75,2038,ssp245,0
24.718,-113.75,2038,ssp245,0
24.718,-108.75,2038,ssp245,0
24.718,-103.75,2038,ssp245,65
24.718,-98.75,2038,ssp245,3
24.718,-93.75,2038,ssp245,0
24.718,-88.75,2038,ssp245,0
24.718,-83.75,2038,ssp245,0
24.718,-78.75,2038,ssp245,0
24.718,-73.75,2038,ssp245,0
24.718,-68.75,2038,ssp245,0
27.254,-123.75,2038,ssp245,0
27.254,-118.75,2038,ssp245,0
27.254,-113.75,2038,ssp245,3
27.254,-108.75,2038,ssp245,55
27.254,-103.75,2038,ssp245,59
27.254,-98.75,2038,ssp245,16
27.254,-93.75,2038,ssp245,0
27.254,-88.75,2038,ssp245,0
27.254,-83.75,2038,ssp245,0
27.254,-78.75,2038,ssp245,0
27.254,-73.75,2038,ssp245,0
27.254,-68.75,2038,ssp245,0
29.789,-123.75,2038,ssp245,0
29.789,-118.75,2038,ssp245,0
29.789,-113.75,2038,ssp245,9
29.789,-108.75,2038,ssp245,82
29.789,-103.75,2038,ssp245,84
29.789,-98.75,2038,ssp245,31
29.789,-93.75,2038,ssp245,12
29.789,-88.75,2038,ssp245,3
29.789,-83.75,2038,ssp245,2
29.789,-78.75,2038,ssp245,0
29.789,-73.75,2038,ssp245,0
29.789,-68.75,2038,ssp245,0
32.324,-123.75,2038,ssp245,0
32.324,-118.75,2038,ssp245,2
32.324,-113.75,2038,ssp245,72
32.324,-108.75,2038,ssp245,97
32.324,-103.75,2038,ssp245,81
32.324,-98.75,2038,ssp245,69
32.324,-93.75,2038,ssp245,50
32.324,-88.75,2038,ssp245,44
32.324,-83.75,2038,ssp245,34
32.324,-78.75,2038,ssp245,0
32.324,-73.75,2038,ssp245,0
32.324,-68.75,2038,ssp245,0
34.859,-123.75,2038,ssp245,2
34.859,-118.75,2038,ssp245,87
34.859,-113.75,2038,ssp245,83
34.859,-108.75,2038,ssp245,98
34.859,-103.75,2038,ssp245,87
34.859,-98.75,2038,ssp245,79
34.859,-93.75,2038,ssp245,77
34.859,-88.75,2038,ssp245,74
34.859,-83.75,2038,ssp245,70
34.859,-78.75,2038,ssp245,43
34.859,-73.75,2038,ssp245,0
34.859,-68.75,2038,ssp245,0
37.394,-123.75,2038,ssp245,14
37.394,-118.75,2038,ssp245,137
37.394,-113.75,2038,ssp245,117
37.394,-108.75,2038,ssp245,98
37.394,-103.75,2038,ssp245,85
37.394,-98.75,2038,ssp245,77
37.394,-93.75,2038,ssp245,75
37.394,-88.75,2038,ssp245,87
37.394,-83.75,2038,ssp245,87
37.394,-78.75,2038,ssp245,86
37.394,-73.75,2038,ssp245,15
37.394,-68.75,2038,ssp245,1
39.93,-123.75,2038,ssp245,94
39.93,-118.75,2038,ssp245,138
39.93,-113.75,2038,ssp245,111
39.93,-108.75,2038,ssp245,72
39.93,-103.75,2038,ssp245,79
39.93,-98.75,2038,ssp245,68
39.93,-93.75,2038,ssp245,74
39.93,-88.75,2038,ssp245,77
39.93,-83.75,2038,ssp245,86
39.93,-78.75,2038,ssp245,82
39.93,-73.75,2038,ssp245,101
39.93,-68.75,2038,ssp245,44
42.465,-123.75,2038,ssp245,129
42.465,-118.75,2038,ssp245,130
42.465,-113.75,2038,ssp245,99
42.465,-108.75,2038,ssp245,66
42.465,-103.75,2038,ssp245,79
42.465,-98.75,2038,ssp245,72
42.465,-93.75,2038,ssp245,66
42.465,-88.75,2038,ssp245,87
42.465,-83.75,2038,ssp245,87
42.465,-78.75,2038,ssp245,86
42.465,-73.75,2038,ssp245,69
42.465,-68.75,2038,ssp245,132
45.0,-123.75,2038,ssp245,117
45.0,-118.75,2038,ssp245,127
45.0,-113.75,2038,ssp245,74
45.0,-108.75,2038,ssp245,84
45.0,-103.75,2038,ssp245,71
45.0,-98.75,2038,ssp245,60
45.0,-93.75,2038,ssp245,53
45.0,-88.75,2038,ssp245,62
45.0,-83.75,2038,ssp245,83
45.0,-78.75,2038,ssp245,60
45.0,-73.75,2038,ssp245,39
45.0,-68.75,2038,ssp245,59
47.535,-123.75,2038,ssp245,116
47.535,-118.75,2038,ssp245,111
47.535,-113.75,2038,ssp245,96
47.535,-108.75,2038,ssp245,90
47.535,-103.75,2038,ssp245,65
47.535,-98.75,2038,ssp245,55
47.535,-93.75,2038,ssp245,50
47.535,-88.75,2038,ssp245,59
47.535,-83.75,2038,ssp245,41
47.535,-78.75,2038,ssp245,39
47.535,-73.75,2038,ssp245,30
47.535,-68.75,2038,ssp245,41
24.718,-123.75,2039,ssp245,0
24.718,-118.75,2039,ssp245,0
24.718,-113.75,2039,ssp245,0
24.718,-108.75,2039,ssp245,0
24.718,-103.75,2039,ssp245,57
24.718,-98.75,2039,ssp245,7
24.718,-93.75,2039,ssp245,0
24.718,-88.75,2039,ssp245,0
24.718,-83.75,2039,ssp245,0
24.718,-78.75,2039,ssp245,0
24.718,-73.75,2039,ssp245,0
24.718,-68.75,2039,ssp245,0
27.254,-123.75,2039,ssp245,0
27.254,-118.75,2039,ssp245,0
27.254,-113.75,2039,ssp245,2
27.254,-108.75,2039,ssp245,48
27.254,-103.75,2039,ssp245,68
27.254,-98.75,2039,ssp245,24
27.254,-93.75,2039,ssp245,0
27.254,-88.75,2039,ssp245,0
27.254,-83.75,2039,ssp245,1
27.254,-78.75,2039,ssp245,0
27.254,-73.75,2039,ssp245,0
27.254,-68.75,2039,ssp245,0
29.789,-123.75,2039,ssp245,0
29.789,-118.75,2039,ssp245,0
29.789,-113.75,2039,ssp245,19
29.789,-108.75,2039,ssp245,104
29.789,-103.75,2039,ssp245,79
29.789,-98.75,2039,ssp245,46
29.789,-93.75,2039,ssp245,29
29.789,-88.75,2039,ssp245,7
29.789,-83.75,2039,ssp245,9
29.789,-78.75,2039,ssp245,1
29.789,-73.75,2039,ssp245,0
29.789,-68.75,2039,ssp245,0
32.324,-123.75,2039,ssp245,0
32.324,-118.75,2039,ssp245,5
32.324,-113.75,2039,ssp245,60
32.324,-108.75,2039,ssp245,84
32.324,-103.75,2039,ssp245,75
32.324,-98.75,2039,ssp245,65
32.324,-93.75,2039,ssp245,55
32.324,-88.75,2039,ssp245,56
32.324,-83.75,2039,ssp245,50
32.324,-78.75,2039,ssp245,1
32.324,-73.75,2039,ssp245,1
32.324,-68.75,2039,ssp245,0
34.859,-123.75,2039,ssp245,7
34.859,-118.75,2039,ssp245,74
34.859,-113.75,2039,ssp245,87
34.859,-108.75,2039,ssp245,73
34.859,-103.75,2039,ssp245,65
34.859,-98.75,2039,ssp245,54
34.859,-93.75,2039,ssp245,76
34.859,-88.75,2039,ssp245,72
34.859,-83.75,2039,ssp245,77
34.859,-78.75,2039,ssp245,71
34.859,-73.75,2039,ssp245,4
34.859,-68.75,2039,ssp245,0
37.394,-123.75,2039,ssp245,15
37.394,-118.75,2039,ssp245,111
37.394,-113.75,2039,ssp245,71
37.394,-108.75,2039,ssp245,62
37.394,-103.75,2039,ssp245,60
37.394,-98.75,2039,ssp245,60
37.394,-93.75,2039,ssp245,58
37.394,-88.75,2039,ssp245,68
37.394,-83.75,2039,ssp245,69
37.394,-78.75,2039,ssp245,67
37.394,-73.75,2039,ssp245,38
37.394,-68.75,2039,ssp245,8
39.93,-123.75,2039,ssp245,65
39.93,-118.75,2039,ssp245,97
39.93,-113.75,2039,ssp245,71
39.93,-108.75,2039,ssp245,62
39.93,-103.75,2039,ssp245,61
39.93,-98.75,2039,ssp245,51
39.93,-93.75,2039,ssp245,53
39.93,-88.75,2039,ssp245,65
39.93,-83.75,2039,ssp245,57
39.93,-78.75,2039,ssp245,60
39.93,-73.75,2039,ssp245,90
39.93,-68.75,2039,ssp245,77
42.465,-123.75,2039,ssp245,102
42.465,-118.75,2039,ssp245,98
42.465,-113.75,2039,ssp245,75
42.465,-108.75,2039,ssp245,61
42.465,-103.75,2039,ssp245,57
42.465,-98.75,2039,ssp245,41
42.465,-93.75,2039,ssp245,39
42.465,-88.75,2039,ssp245,53
42.465,-83.75,2039,ssp245,66
42.465,-78.75,2039,ssp245,76
42.465,-73.75,2039,ssp245,56
42.465,-68.75,2039,ssp245,109
45.0,-123.75,2039,ssp245,92
45.0,-118.75,2039,ssp245,90
45.0,-113.75,2039,ssp245,76
45.0,-108.75,2039,ssp245,60
45.0,-103.75,2039,ssp245,46
45.0,-98.75,2039,ssp245,43
45.0,-93.75,2039,ssp245,46
45.0,-88.75,2039,ssp245,52
45.0,-83.75,2039,ssp245,54
45.0,-78.75,2039,ssp245,67
45.0,-73.75,2039,ssp245,51
45.0,-68.75,2039,ssp245,53
47.535,-123.75,2039,ssp245,79
47.535,-118.75,2039,ssp245,76
47.535,-113.75,2039,ssp245,78
47.535,-108.75,2039,ssp245,50
47.535,-103.75,2039,ssp245,45
47.535,-98.75,2039,ssp245,45
47.535,-93.75,2039,ssp245,45
47.535,-88.75,2039,ssp245,53
47.535,-83.75,2039,ssp245,56
47.535,-78.75,2039,ssp245,61
47.535,-73.75,2039,ssp245,59
47.535,-68.75,2039,ssp245,56
24.718,-123.75,2040,ssp245,0
24.718,-118.75,2040,ssp245,0
24.718,-113.75,2040,ssp245,0
24.718,-108.75,2040,ssp245,0
24.718,-103.75,2040,ssp245,61
24.718,-98.75,2040,ssp245,6
24.718,-93.75,2040,ssp245,0
24.718,-88.75,2040,ssp245,0
24.718,-83.75,2040,ssp245,0
24.718,-78.75,2040,ssp245,0
24.718,-73.75,2040,ssp245,0
24.718,-68.75,2040,ssp245,0
27.254,-123.75,2040,ssp245,0
27.254,-118.75,2040,ssp245,0
27.254,-113.75,2040,ssp245,0
27.254,-108.75,2040,ssp245,37
27.254,-103.75,2040,ssp245,71
27.254,-98.75,2040,ssp245,20
27.254,-93.75,2040,ssp245,0
27.254,-88.75,2040,ssp245,0
27.254,-83.75,2040,ssp245,0
27.254,-78.75,2040,ssp245,0
27.254,-73.75,2040,ssp245,0
27.254,-68.75,2040,ssp245,0
29.789,-123.75,2040,ssp245,0
29.789,-118.75,2040,ssp245,0
29.789,-113.75,2040,ssp245,4
29.789,-108.75,2040,ssp245,103
29.789,-103.75,2040,ssp245,81
29.789,-98.75,2040,ssp245,56
29.789,-93.75,2040,ssp245,23
29.789,-88.75,2040,ssp245,13
29.789,-83.75,2040,ssp245,16
29.789,-78.75,2040,ssp245,0
29.789,-73.75,2040,ssp245,0
29.789,-68.75,2040,ssp245,0
32.324,-123.75,2040,ssp245,0
32.324,-118.75,2040,ssp245,0
32.324,-113.75,2040,ssp245,52
32.324,-108.75,2040,ssp245,101
32.324,-103.75,2040,ssp245,87
32.324,-98.75,2040,ssp245,76
32.324,-93.75,2040,ssp245,64
32.324,-88.75,2040,ssp245,62
32.324,-83.75,2040,ssp245,52
32.324,-78.75,2040,ssp245,7
32.324,-73.75,2040,ssp245,0
32.324,-68.75,2040,ssp245,0
34.859,-123.75,2040,ssp245,0
34.859,-118.75,2040,ssp245,56
34.859,-113.75,2040,ssp245,116
34.859,-108.75,2040,ssp245,94
34.859,-103.75,2040,ssp245,88
34.859,-98.75,2040,ssp245,79
34.859,-93.75,2040,ssp245,64
34.859,-88.75,2040,ssp245,61
34.859,-83.75,2040,ssp245,73
34.859,-78.75,2040,ssp245,55
34.859,-73.75,2040,ssp245,4
34.859,-68.75,2040,ssp245,0
37.394,-123.75,2040,ssp245,2
37.394,-118.75,2040,ssp245,134
37.394,-113.75,2040,ssp245,106
37.394,-108.75,2040,ssp245,83
37.394,-103.75,2040,ssp245,71
37.394,-98.75,2040,ssp245,76
37.394,-93.75,2040,ssp245,73
37.394,-88.75,2040,ssp245,64
37.394,-83.75,2040,ssp245,72
37.394,-78.75,2040,ssp245,82
37.394,-73.75,2040,ssp245,26
37.394,-68.75,2040,ssp245,5
39.93,-123.75,2040,ssp245,25
39.93,-118.75,2040,ssp245,118
39.93,-113.75,2040,ssp245,91
39.93,-108.75,2040,ssp245,74
39.93,-103.75,2040,ssp245,69
39.93,-98.75,2040,ssp245,68
39.93,-93.75,2040,ssp245,71
39.93,-88.75,2040,ssp245,66
39.93,-83.75,2040,ssp245,75
39.93,-78.75,2040,ssp245,74
39.93,-73.75,2040,ssp245,78
39.93,-68.75,2040,ssp245,39
42.465,-123.75,2040,ssp245,107
42.465,-118.75,2040,ssp245,110
42.465,-113.75,2040,ssp245,97
42.465,-108.75,2040,ssp245,75
42.465,-103.75,2040,ssp245,61
42.465,-98.75,2040,ssp245,56
42.465,-93.75,2040,ssp245,70
42.465,-88.75,2040,ssp245,75
42.465,-83.75,2040,ssp245,77
42.465,-78.75,2040,ssp245,85
42.465,-73.75,2040,ssp245,66
42.465,-68.75,2040,ssp245,89
45.0,-123.75,2040,ssp245,65
45.0,-118.75,2040,ssp245,132
45.0,-113.75,2040,ssp245,86
45.0,-108.75,2040,ssp245,73
45.0,-103.75,2040,ssp245,56
45.0,-98.75,2040,ssp245,57
45.0,-93.75,2040,ssp245,71
45.0,-88.75,2040,ssp245,75
45.0,-83.75,2040,ssp245,83
45.0,-78.75,2040,ssp245,59
45.0,-73.75,2040,ssp245,52
45.0,-68.75,2040,ssp245,65
47.535,-123.75,2040,ssp245,79
47.535,-118.75,2040,ssp245,122
47.535,-113.75,2040,ssp245,93
47.535,-108.75,2040,ssp245,71
47.535,-103.75,2040,ssp245,52
47.535,-98.75,2040,ssp245,60
47.535,-93.75,2040,ssp245,61
47.535,-88.75,2040,ssp245,90
47.535,-83.75,2040,ssp245,61
47.535,-78.75,2040,ssp245,53
47.535,-73.75,2040,ssp245,53
47.535,-68.75,2040,ssp245,77
24.718,-123.75,2041,ssp245,0
24.718,-118.75,2041,ssp245,0
24.718,-113.75,2041,ssp245,0
24.718,-108.75,2041,ssp245,0
24.718,-103.75,2041,ssp245,50
24.718,-98.75,2041,ssp245,8
24.718,-93.75,2041,ssp245,0
24.718,-88.75,2041,ssp245,0
24.718,-83.75,2041,ssp245,0
24.718,-78.75,2041,ssp245,0
24.718,-73.75,2041,ssp245,0
24.718,-68.75,2041,ssp245,0
27.254,-123.75,2041,ssp245,0
27.254,-118.75,2041,ssp245,0
27.254,-113.75,2041,ssp245,3
27.254,-108.75,2041,ssp245,35
27.254,-103.75,2041,ssp245,54
27.254,-98.75,2041,ssp245,24
27.254,-93.75,2041,ssp245,0
27.254,-88.75,2041,ssp245,0
27.254,-83.75,2041,ssp245,0
27.254,-78.75,2041,ssp245,0
27.254,-73.75,2041,ssp245,0
27.254,-68.75,2041,ssp245,0
29.789,-123.75,2041,ssp245,0
29.789,-118.75,2041,ssp245,0
29.789,-113.75,2041,ssp245,11
29.789,-108.75,2041,ssp245,89
29.789,-103.75,2041,ssp245,73
29.789,-98.75,2041,ssp245,35
29.789,-93.75,2041,ssp245,30
29.789,-88.75,2041,ssp245,20
29.789,-83.75,2041,ssp245,22
29.789,-78.75,2041,ssp245,1
29.789,-73.75,2041,ssp245,0
29.789,-68.75,2041,ssp245,0
32.324,-123.75,2041,ssp245,0
32.324,-118.75,2041,ssp245,1
32.324,-113.75,2041,ssp245,47
32.324,-108.75,2041,ssp245,104
32.324,-103.75,2041,ssp245,89
32.324,-98.75,2041,ssp245,44
32.324,-93.75,2041,ssp245,38
32.324,-88.75,2041,ssp245,40
32.324,-83.75,2041,ssp245,34
32.324,-78.75,2041,ssp245,11
32.324,-73.75,2041,ssp245,0
32.324,-68.75,2041,ssp245,0
34.859,-123.75,2041,ssp245,0
34.859,-118.75,2041,ssp245,67
34.859,-113.75,2041,ssp245,111
34.859,-108.75,2041,ssp245,104
34.859,-103.75,2041,ssp245,106
34.859,-98.75,2041,ssp245,76
34.859,-93.75,2041,ssp245,47
34.859,-88.75,2041,ssp245,47
34.859,-83.75,2041,ssp245,53
34.859,-78.75,2041,ssp245,44
34.859,-73.75,2041,ssp245,10
34.859,-68.75,2041,ssp245,0
37.394,-123.75,2041,ssp245,2
37.394,-118.75,2041,ssp245,136
37.394,-113.75,2041,ssp245,99
37.394,-108.75,2041,ssp245,88
37.394,-103.75,2041,ssp245,96
37.394,-98.75,2041,ssp245,77
37.394,-93.75,2041,ssp245,70
37.394,-88.75,2041,ssp245,68
37.394,-83.75,2041,ssp245,72
37.394,-78.75,2041,ssp245,63
37.394,-73.75,2041,ssp245,29
37.394,-68.75,2041,ssp245,7
39.93,-123.75,2041,ssp245,57
39.93,-118.75,2041,ssp245,128
39.93,-113.75,2041,ssp245,88
39.93,-108.75,2041,ssp245,89
39.93,-103.75,2041,ssp245,81
39.93,-98.75,2041,ssp245,71
39.93,-93.75,2041,ssp245,60
39.93,-88.75,2041,ssp245,71
39.93,-83.75,2041,ssp245,70
39.93,-78.75,2041,ssp245,66
39.93,-73.75,2041,ssp245,97
39.93,-68.75,2041,ssp245,58
42.465,-123.75,2041,ssp245,123
42.465,-118.75,2041,ssp245,116
42.465,-113.75,2041,ssp245,92
42.465,-108.75,2041,ssp245,78
42.465,-103.75,2041,ssp245,68
42.465,-98.75,2041,ssp245,71
42.465,-93.75,2041,ssp245,56
42.465,-88.75,2041,ssp245,59
42.465,-83.75,2041,ssp245,65
42.465,-78.75,2041,ssp245,68
42.465,-73.75,2041,ssp245,45
42.465,-68.75,2041,ssp245,113
45.0,-123.75,2041,ssp245,109
45.0,-118.75,2041,ssp245,102
45.0,-113.75,2041,ssp245,98
45.0,-108.75,2041,ssp245,85
45.0,-103.75,2041,ssp245,62
45.0,-98.75,2041,ssp245,65
45.0,-93.75,2041,ssp245,45
45.0,-88.75,2041,ssp245,46
45.0,-83.75,2041,ssp245,51
45.0,-78.75,2041,ssp245,44
45.0,-73.75,2041,ssp245,33
45.0,-68.75,2041,ssp245,51
47.535,-123.75,2041,ssp245,111
47.535,-118.75,2041,ssp245,79
47.535,-113.75,2041,ssp245,91
47.535,-108.75,2041,ssp245,70
47.535,-103.75,2041,ssp245,57
47.535,-98.75,2041,ssp245,56
47.535,-93.75,2041,ssp245,48
47.535,-88.75,2041,ssp245,41
47.535,-83.75,2041,ssp245,35
47.535,-78.75,2041,ssp245,36
47.535,-73.75,2041,ssp245,42
47.535,-68.75,2041,ssp245,42
24.718,-123.75,2042,ssp245,0
24.718,-118.75,2042,ssp245,0
24.718,-113.75,2042,ssp245,0
24.718,-108.75,2042,ssp245,0
24.718,-103.75,2042,ssp245,39
24.718,-98.75,2042,ssp245,3
24.718,-93.75,2042,ssp245,0
24.718,-88.75,2042,ssp245,0
24.718,-83.75,2042,ssp245,0
24.718,-78.75,2042,ssp245,0
24.718,-73.75,2042,ssp245,0
24.718,-68.75,2042,ssp245,0
27.254,-123.75,2042,ssp245,0
27.254,-118.75,2042,ssp245,0
27.254,-113.75,2042,ssp245,0
27.254,-108.75,2042,ssp245,30
27.254,-103.75,2042,ssp245,43
27.254,-98.75,2042,ssp245,8
27.254,-93.75,2042,ssp245,0
27.254,-88.75,2042,ssp245,0
27.254,-83.75,2042,ssp245,0
27.254,-78.75,2042,ssp245,0
27.254,-73.75,2042,ssp245,0
27.254,-68.75,2042,ssp245,0
29.789,-123.75,2042,ssp245,0
29.789,-118.75,2042,ssp245,0
29.789,-113.75,2042,ssp245,7
29.789,-108.75,2042,ssp245,90
29.789,-103.75,2042,ssp245,63
29.789,-98.75,2042,ssp245,37
29.789,-93.75,2042,ssp245,15
29.789,-88.75,2042,ssp245,6
29.789,-83.75,2042,ssp245,10
29.789,-78.75,2042,ssp245,0
29.789,-73.75,2042,ssp245,0
29.789,-68.75,2042,ssp245,0
32.324,-123.75,2042,ssp245,0
32.324,-118.75,2042,ssp245,1
32.324,-113.75,2042,ssp245,53
32.324,-108.75,2042,ssp245,117
32.324,-103.75,2042,ssp245,96
32.324,-98.75,2042,ssp245,66
32.324,-93.75,2042,ssp245,50
32.324,-88.75,2042,ssp245,45
32.324,-83.75,2042,ssp245,48
32.324,-78.75,2042,ssp245,5
32.324,-73.75,2042,ssp245,0
32.324,-68.75,2042,ssp245,0
34.859,-123.75,2042,ssp245,0
34.859,-118.75,2042,ssp245,68
34.859,-113.75,2042,ssp245,117
34.859,-108.75,2042,ssp245,103
34.859,-103.75,2042,ssp245,114
34.859,-98.75,2042,ssp245,84
34.859,-93.75,2042,ssp245,74
34.859,-88.75,2042,ssp245,65
34.859,-83.75,2042,ssp245,66
34.859,-78.75,2042,ssp245,69
34.859,-73.75,2042,ssp245,3
34.859,-68.75,2042,ssp245,0
37.394,-123.75,2042,ssp245,11
37.394,-118.75,2042,ssp245,143
37.394,-113.75,2042,ssp245,91
37.394,-108.75,2042,ssp245,77
37.394,-103.75,2042,ssp245,91
37.394,-98.75,2042,ssp245,79
37.394,-93.75,2042,ssp245,69
37.394,-88.75,2042,ssp245,71
37.394,-83.75,2042,ssp245,69
37.394,-78.75,2042,ssp245,64
37.394,-73.75,2042,ssp245,47
37.394,-68.75,2042,ssp245,0
39.93,-123.75,2042,ssp245,70
39.93,-118.75,2042,ssp245,112
39.93,-113.75,2042,ssp245,90
39.93,-108.75,2042,ssp245,73
39.93,-103.75,2042,ssp245,77
39.93,-98.75,2042,ssp245,63
39.93,-93.75,2042,ssp245,52
39.93,-88.75,2042,ssp245,52
39.93,-83.75,2042,ssp245,54
39.93,-78.75,2042,ssp245,52
39.93,-73.75,2042,ssp245,93
39.93,-68.75,2042,ssp245,64
42.465,-123.75,2042,ssp245,133
42.465,-118.75,2042,ssp245,107
42.465,-113.75,2042,ssp245,99
42.465,-108.75,2042,ssp245,70
42.465,-103.75,2042,ssp245,78
42.465,-98.75,2042,ssp245,54
42.465,-93.75,2042,ssp245,50
42.465,-88.75,2042,ssp245,55
42.465,-83.75,2042,ssp245,54
42.465,-78.75,2042,ssp245,53
42.465,-73.75,2042,ssp245,52
42.465,-68.75,2042,ssp245,115
45.0,-123.75,2042,ssp245,106
45.0,-118.75,2042,ssp245,122
45.0,-113.75,2042,ssp245,71
45.0,-108.75,2042,ssp245,78
45.0,-103.75,2042,ssp245,60
45.0,-98.75,2042,ssp245,48
45.0,-93.75,2042,ssp245,46
45.0,-88.75,2042,ssp245,57
45.0,-83.75,2042,ssp245,62
45.0,-78.75,2042,ssp245,56
45.0,-73.75,2042,ssp245,63
45.0,-68.75,2042,ssp245,63
47.535,-123.75,2042,ssp245,110
47.535,-118.75,2042,ssp245,86
47.535,-113.75,2042,ssp245,91
47.535,-108.75,2042,ssp245,66
47.535,-103.75,2042,ssp245,55
47.535,-98.75,2042,ssp245,49
47.535,-93.75,2042,ssp245,43
47.535,-88.75,2042,ssp245,60
47.535,-83.75,2042,ssp245,56
47.535,-78.75,2042,ssp245,53
47.535,-73.75,2042,ssp245,50
47.535,-68.75,2042,ssp245,49
24.718,-123.75,2043,ssp245,0
24.718,-118.75,2043,ssp245,0
24.718,-113.75,2043,ssp245,0
24.718,-108.75,2043,ssp245,0
24.718,-103.75,2043,ssp245,47
24.718,-98.75,2043,ssp245,4
24.718,-93.75,2043,ssp245,0
24.718,-88.75,2043,ssp245,0
24.718,-83.75,2043,ssp245,0
24.718,-78.75,2043,ssp245,0
24.718,-73.75,2043,ssp245,0
24.718,-68.75,2043,ssp245,0
27.254,-123.75,2043,ssp245,0
27.254,-118.75,2043,ssp245,0
27.254,-113.75,2043,ssp245,0
27.254,-108.75,2043,ssp245,41
27.254,-103.75,2043,ssp245,46
27.254,-98.75,2043,ssp245,20
27.254,-93.75,2043,ssp245,0
27.254,-88.75,2043,ssp245,0
27.254,-83.75,2043,ssp245,0
27.254,-78.75,2043,ssp245,0
27.254,-73.75,2043,ssp245,0
27.254,-68.75,2043,ssp245,0
29.789,-123.75,2043,ssp245,0
29.789,-118.75,2043,ssp245,0
29.789,-113.75,2043,ssp245,11
29.789,-108.75,2043,ssp245,104
29.789,-103.75,2043,ssp245,73
29.789,-98.75,2043,ssp245,44
29.789,-93.75,2043,ssp245,20
29.789,-88.75,2043,ssp245,4
29.789,-83.75,2043,ssp245,4
29.789,-78.75,2043,ssp245,0
29.789,-73.75,2043,ssp245,0
29.789,-68.75,2043,ssp245,0
32.324,-123.75,2043,ssp245,0
32.324,-118.75,2043,ssp245,0
32.324,-113.75,2043,ssp245,74
32.324,-108.75,2043,ssp245,109
32.324,-103.75,2043,ssp245,99
32.324,-98.75,2043,ssp245,79
32.324,-93.75,2043,ssp245,59
32.324,-88.75,2043,ssp245,58
32.324,-83.75,2043,ssp245,45
32.324,-78.75,2043,ssp245,1
32.324,-73.75,2043,ssp245,0
32.324,-68.75,2043,ssp245,0
34.859,-123.75,2043,ssp245,0
34.859,-118.75,2043,ssp245,99
34.859,-113.75,2043,ssp245,111
34.859,-108.75,2043,ssp245,73
34.859,-103.75,2043,ssp245,67
34.859,-98.75,2043,ssp245,79
34.859,-93.75,2043,ssp245,74
34.859,-88.75,2043,ssp245,65
34.859,-83.75,2043,ssp245,70
34.859,-78.75,2043,ssp245,62
34.859,-73.75,2043,ssp245,2
34.859,-68.75,2043,ssp245,0
37.394,-123.75,2043,ssp245,5
37.394,-118.75,2043,ssp245,103
37.394,-113.75,2043,ssp245,76
37.394,-108.75,2043,ssp245,73
37.394,-103.75,2043,ssp245,43
37.394,-98.75,2043,ssp245,66
37.394,-93.75,2043,ssp245,65
37.394,-88.75,2043,ssp245,61
37.394,-83.75,2043,ssp245,55
37.394,-78.75,2043,ssp245,51
37.394,-73.75,2043,ssp245,25
37.394,-68.75,2043,ssp245,5
39.93,-123.75,2043,ssp245,87
39.93,-118.75,2043,ssp245,95
39.93,-113.75,2043,ssp245,76
39.93,-108.75,2043,ssp245,60
39.93,-103.75,2043,ssp245,60
39.93,-98.75,2043,ssp245,51
39.93,-93.75,2043,ssp245,56
39.93,-88.75,2043,ssp245,61
39.93,-83.75,2043,ssp245,63
39.93,-78.75,2043,ssp245,64
39.93,-73.75,2043,ssp245,80
39.93,-68.75,2043,ssp245,63
42.465,-123.75,2043,ssp245,122
42.465,-118.75,2043,ssp245,88
42.465,-113.75,2043,ssp245,73
42.465,-108.75,2043,ssp245,71
42.465,-103.75,2043,ssp245,60
42.465,-98.75,2043,ssp245,40
42.465,-93.75,2043,ssp245,55
42.465,-88.75,2043,ssp245,70
42.465,-83.75,2043,ssp245,66
42.465,-78.75,2043,ssp245,66
42.465,-73.75,2043,ssp245,63
42.465,-68.75,2043,ssp245,101
45.0,-123.75,2043,ssp245,112
45.0,-118.75,2043,ssp245,88
45.0,-113.75,2043,ssp245,84
45.0,-108.75,2043,ssp245,68
45.0,-103.75,2043,ssp245,55
45.0,-98.75,2043,ssp245,41
45.0,-93.75,2043,ssp245,47
45.0,-88.75,2043,ssp245,65
45.0,-83.75,2043,ssp245,70
45.0,-78.75,2043,ssp245,68
45.0,-73.75,2043,ssp245,62
45.0,-68.75,2043,ssp245,67
47.535,-123.75,2043,ssp245,99
47.535,-118.75,2043,ssp245,78
47.535,-113.75,2043,ssp245,72
47.535,-108.75,2043,ssp245,48
47.535,-103.75,2043,ssp245,47
47.535,-98.75,2043,ssp245,45
47.535,-93.75,2043,ssp245,53
47.535,-88.75,2043,ssp245,57
47.535,-83.75,2043,ssp245,72
47.535,-78.75,2043,ssp245,54
47.535,-73.75,2043,ssp245,52
47.535,-68.75,2043,ssp245,55
24.718,-123.75,2044,ssp245,0
24.718,-118.75,2044,ssp245,0
24.718,-113.75,2044,ssp245,0
24.718,-108.75,2044,ssp245,0
24.718,-103.75,2044,ssp245,72
24.718,-98.75,2044,ssp245,6
24.718,-93.75,2044,ssp245,0
24.718,-88.75,2044,ssp245,0
24.718,-83.75,2044,ssp245,0
24.718,-78.75,2044,ssp245,0
24.718,-73.75,2044,ssp245,0
24.718,-68.75,2044,ssp245,0
27.254,-123.75,2044,ssp245,0
27.254,-118.75,2044,ssp245,0
27.254,-113.75,2044,ssp245,0
27.254,-108.75,2044,ssp245,36
27.254,-103.75,2044,ssp245,64
27.254,-98.75,2044,ssp245,12
27.254,-93.75,2044,ssp245,0
27.254,-88.75,2044,ssp245,0
27.254,-83.75,2044,ssp245,0
27.254,-78.75,2044,ssp245,0
27.254,-73.75,2044,ssp245,0
27.254,-68.75,2044,ssp245,0
29.789,-123.75,2044,ssp245,0
29.789,-118.75,2044,ssp245,0
29.789,-113.75,2044,ssp245,6
29.789,-108.75,2044,ssp245,107
29.789,-103.75,2044,ssp245,83
29.789,-98.75,2044,ssp245,54
29.789,-93.75,2044,ssp245,17
29.789,-88.75,2044,ssp245,6
29.789,-83.75,2044,ssp245,13
29.789,-78.75,2044,ssp245,0
29.789,-73.75,2044,ssp245,0
29.789,-68.75,2044,ssp245,0
32.324,-123.75,2044,ssp245,0
32.324,-118.75,2044,ssp245,0
32.324,-113.75,2044,ssp245,67
32.324,-108.75,2044,ssp245,117
32.324,-103.75,2044,ssp245,99
32.324,-98.75,2044,ssp245,90
32.324,-93.75,2044,ssp245,63
32.324,-88.75,2044,ssp245,59
32.324,-83.75,2044,ssp245,49
32.324,-78.75,2044,ssp245,5
32.324,-73.75,2044,ssp245,0
32.324,-68.75,2044,ssp245,0
34.859,-123.75,2044,ssp245,0
34.859,-118.75,2044,ssp245,69
34.859,-113.75,2044,ssp245,135
34.859,-108.75,2044,ssp245,72
34.859,-103.75,2044,ssp245,80
34.859,-98.75,2044,ssp245,91
34.859,-93.75,2044,ssp245,89
34.859,-88.75,2044,ssp245,78
34.859,-83.75,2044,ssp245,75
34.859,-78.75,2044,ssp245,53
34.859,-73.75,2044,ssp245,5
34.859,-68.75,2044,ssp245,0
37.394,-123.75,2044,ssp245,6
37.394,-118.75,2044,ssp245,125
37.394,-113.75,2044,ssp245,79
37.394,-108.75,2044,ssp245,55
37.394,-103.75,2044,ssp245,55
37.394,-98.75,2044,ssp245,77
37.394,-93.75,2044,ssp245,70
37.394,-88.75,2044,ssp245,71
37.394,-83.75,2044,ssp245,71
37.394,-78.75,2044,ssp245,73
37.394,-73.75,2044,ssp245,36
37.394,-68.75,2044,ssp245,5
39.93,-123.75,2044,ssp245,45
39.93,-118.75,2044,ssp245,96
39.93,-113.75,2044,ssp245,73
39.93,-108.75,2044,ssp245,64
39.93,-103.75,2044,ssp245,48
39.93,-98.75,2044,ssp245,62
39.93,-93.75,2044,ssp245,57
39.93,-88.75,2044,ssp245,59
39.93,-83.75,2044,ssp245,59
39.93,-78.75,2044,ssp245,51
39.93,-73.75,2044,ssp245,103
39.93,-68.75,2044,ssp245,70
42.465,-123.75,2044,ssp245,143
42.465,-118.75,2044,ssp245,101
42.465,-113.75,2044,ssp245,80
42.465,-108.75,2044,ssp245,70
42.465,-103.75,2044,ssp245,69
42.465,-98.75,2044,ssp245,57
42.465,-93.75,2044,ssp245,49
42.465,-88.75,2044,ssp245,59
42.465,-83.75,2044,ssp245,61
42.465,-78.75,2044,ssp245,59
42.465,-73.75,2044,ssp245,42
42.465,-68.75,2044,ssp245,135
45.0,-123.75,2044,ssp245,117
45.0,-118.75,2044,ssp245,124
45.0,-113.75,2044,ssp245,81
45.0,-108.75,2044,ssp245,80
45.0,-103.75,2044,ssp245,77
45.0,-98.75,2044,ssp245,51
45.0,-93.75,2044,ssp245,55
45.0,-88.75,2044,ssp245,46
45.0,-83.75,2044,ssp245,58
45.0,-78.75,2044,ssp245,51
45.0,-73.75,2044,ssp245,53
45.0,-68.75,2044,ssp245,49
47.535,-123.75,2044,ssp245,135
47.535,-118.75,2044,ssp245,96
47.535,-113.75,2044,ssp245,75
47.535,-108.75,2044,ssp245,73
47.535,-103.75,2044,ssp245,74
47.535,-98.75,2044,ssp245,58
47.535,-93.75,2044,ssp245,54
47.535,-88.75,2044,ssp245,51
47.535,-83.75,2044,ssp245,53
47.535,-78.75,2044,ssp245,49
47.535,-73.75,2044,ssp245,58
47.535,-68.75,2044,ssp245,56
24.718,-123.75,2045,ssp245,0
24.718,-118.75,2045,ssp245,0
24.718,-113.75,2045,ssp245,0
24.718,-108.75,2045,ssp245,0
24.718,-103.75,2045,ssp245,50
24.718,-98.75,2045,ssp245,4
24.718,-93.75,2045,ssp245,0
24.718,-88.75,2045,ssp245,0
24.718,-83.75,2045,ssp245,0
24.718,-78.75,2045,ssp245,0
24.718,-73.75,2045,ssp245,0
24.718,-68.75,2045,ssp245,0
27.254,-123.75,2045,ssp245,0
27.254,-118.75,2045,ssp245,0
27.254,-113.75,2045,ssp245,0
27.254,-108.75,2045,ssp245,27
27.254,-103.75,2045,ssp245,48
27.254,-98.75,2045,ssp245,13
27.254,-93.75,2045,ssp245,0
27.254,-88.75,2045,ssp245,0
27.254,-83.75,2045,ssp245,0
27.254,-78.75,2045,ssp245,0
27.254,-73.75,2045,ssp245,0
27.254,-68.75,2045,ssp245,0
29.789,-123.75,2045,ssp245,0
29.789,-118.75,2045,ssp245,0
29.789,-113.75,2045,ssp245,6
29.789,-108.75,2045,ssp245,93
29.789,-103.75,2045,ssp245,57
29.789,-98.75,2045,ssp245,34
29.789,-93.75,2045,ssp245,17
29.789,-88.75,2045,ssp245,7
29.789,-83.75,2045,ssp245,11
29.789,-78.75,2045,ssp245,0
29.789,-73.75,2045,ssp245,0
29.789,-68.75,2045,ssp245,0
32.324,-123.75,2045,ssp245,0
32.324,-118.75,2045,ssp245,0
32.324,-113.75,2045,ssp245,55
32.324,-108.75,2045,ssp245,122
32.324,-103.75,2045,ssp245,80
32.324,-98.75,2045,ssp245,47
32.324,-93.75,2045,ssp245,39
32.324,-88.75,2045,ssp245,32
32.324,-83.75,2045,ssp245,29
32.324,-78.75,2045,ssp245,2
32.324,-73.75,2045,ssp245,0
32.324,-68.75,2045,ssp245,0
34.859,-123.75,2045,ssp245,0
34.859,-118.75,2045,ssp245,61
34.859,-113.75,2045,ssp245,132
34.859,-108.75,2045,ssp245,98
34.859,-103.75,2045,ssp245,89
34.859,-98.75,2045,ssp245,53
34.859,-93.75,2045,ssp245,51
34.859,-88.75,2045,ssp245,46
34.859,-83.75,2045,ssp245,43
34.859,-78.75,2045,ssp245,26
34.859,-73.75,2045,ssp245,2
34.859,-68.75,2045,ssp245,0
37.394,-123.75,2045,ssp245,6
37.394,-118.75,2045,ssp245,120
37.394,-113.75,2045,ssp245,92
37.394,-108.75,2045,ssp245,83
37.394,-103.75,2045,ssp245,91
37.394,-98.75,2045,ssp245,82
37.394,-93.75,2045,ssp245,60
37.394,-88.75,2045,ssp245,56
37.394,-83.75,2045,ssp245,65
37.394,-78.75,2045,ssp245,65
37.394,-73.75,2045,ssp245,14
37.394,-68.75,2045,ssp245,2
39.93,-123.75,2045,ssp245,77
39.93,-118.75,2045,ssp245,99
39.93,-113.75,2045,ssp245,87
39.93,-108.75,2045,ssp245,77
39.93,-103.75,2045,ssp245,85
39.93,-98.75,2045,ssp245,81
39.93,-93.75,2045,ssp245,73
39.93,-88.75,2045,ssp245,83
39.93,-83.75,2045,ssp245,83
39.93,-78.75,2045,ssp245,88
39.93,-73.75,2045,ssp245,73
39.93,-68.75,2045,ssp245,35
42.465,-123.75,2045,ssp245,128
42.465,-118.75,2045,ssp245,101
42.465,-113.75,2045,ssp245,77
42.465,-108.75,2045,ssp245,77
42.465,-103.75,2045,ssp245,90
42.465,-98.75,2045,ssp245,77
42.465,-93.75,2045,ssp245,67
42.465,-88.75,2045,ssp245,83
42.465,-83.75,2045,ssp245,108
42.465,-78.75,2045,ssp245,108
42.465,-73.75,2045,ssp245,82
42.465,-68.75,2045,ssp245,122
45.0,-123.75,2045,ssp245,104
45.0,-118.75,2045,ssp245,115
45.0,-113.75,2045,ssp245,95
45.0,-108.75,2045,ssp245,80
45.0,-103.75,2045,ssp245,76
45.0,-98.75,2045,ssp245,65
45.0,-93.75,2045,ssp245,60
45.0,-88.75,2045,ssp245,78
45.0,-83.75,2045,ssp245,109
45.0,-78.75,2045,ssp245,100
45.0,-73.75,2045,ssp245,70
45.0,-68.75,2045,ssp245,65
47.535,-123.75,2045,ssp245,94
47.535,-118.75,2045,ssp245,106
47.535,-113.75,2045,ssp245,83
47.535,-108.75,2045,ssp245,78
47.535,-103.75,2045,ssp245,64
47.535,-98.75,2045,ssp245,62
47.535,-93.75,2045,ssp245,60
47.535,-88.75,2045,ssp245,76
47.535,-83.75,2045,ssp245,65
47.535,-78.75,2045,ssp245,66
47.535,-73.75,2045,ssp245,56
47.535,-68.75,2045,ssp245,60
24.718,-123.75,2046,ssp245,0
24.718,-118.75,2046,ssp245,0
24.718,-113.75,2046,ssp245,0
24.718,-108.75,2046,ssp245,0
24.718,-103.75,2046,ssp245,63
24.718,-98.75,2046,ssp245,5
24.718,-93.75,2046,ssp245,0
24.718,-88.75,2046,ssp245,0
24.718,-83.75,2046,ssp245,0
24.718,-78.75,2046,ssp245,0
24.718,-73.75,2046,ssp245,0
24.718,-68.75,2046,ssp245,0
27.254,-123.75,2046,ssp245,0
27.254,-118.75,2046,ssp245,0
27.254,-113.75,2046,ssp245,0
27.254,-108.75,2046,ssp245,23
27.254,-103.75,2046,ssp245,55
27.254,-98.75,2046,ssp245,6
27.254,-93.75,2046,ssp245,0
27.254,-88.75,2046,ssp245,0
27.254,-83.75,2046,ssp245,0
27.254,-78.75,2046,ssp245,0
27.254,-73.75,2046,ssp245,0
27.254,-68.75,2046,ssp245,0
29.789,-123.75,2046,ssp245,0
29.789,-118.75,2046,ssp245,0
29.789,-113.75,2046,ssp245,2
29.789,-108.75,2046,ssp245,81
29.789,-103.75,2046,ssp245,72
29.789,-98.75,2046,ssp245,38
29.789,-93.75,2046,ssp245,10
29.789,-88.75,2046,ssp245,9
29.789,-83.75,2046,ssp245,20
29.789,-78.75,2046,ssp245,0
29.789,-73.75,2046,ssp245,0
29.789,-68.75,2046,ssp245,0
32.324,-123.75,2046,ssp245,0
32.324,-118.75,2046,ssp245,0
32.324,-113.75,2046,ssp245,27
32.324,-108.75,2046,ssp245,124
32.324,-103.75,2046,ssp245,103
32.324,-98.75,2046,ssp245,73
32.324,-93.75,2046,ssp245,50
32.324,-88.75,2046,ssp245,44
32.324,-83.75,2046,ssp245,45
32.324,-78.75,2046,ssp245,12
32.324,-73.75,2046,ssp245,0
32.324,-68.75,2046,ssp245,0
34.859,-123.75,2046,ssp245,0
34.859,-118.75,2046,ssp245,27
34.859,-113.75,2046,ssp245,116
34.859,-108.75,2046,ssp245,110
34.859,-103.75,2046,ssp245,103
34.859,-98.75,2046,ssp245,84
34.859,-93.75,2046,ssp245,71
34.859,-88.75,2046,ssp245,67
34.859,-83.75,2046,ssp245,71
34.859,-78.75,2046,ssp245,56
34.859,-73.75,2046,ssp245,8
34.859,-68.75,2046,ssp245,0
37.394,-123.75,2046,ssp245,0
37.394,-118.75,2046,ssp245,141
37.394,-113.75,2046,ssp245,117
37.394,-108.75,2046,ssp245,91
37.394,-103.75,2046,ssp245,85
37.394,-98.75,2046,ssp245,90
37.394,-93.75,2046,ssp245,80
37.394,-88.75,2046,ssp245,74
37.394,-83.75,2046,ssp245,67
37.394,-78.75,2046,ssp245,64
37.394,-73.75,2046,ssp245,43
37.394,-68.75,2046,ssp245,7
39.93,-123.75,2046,ssp245,15
39.93,-118.75,2046,ssp245,125
39.93,-113.75,2046,ssp245,108
39.93,-108.75,2046,ssp245,73
39.93,-103.75,2046,ssp245,89
39.93,-98.75,2046,ssp245,80
39.93,-93.75,2046,ssp245,82
39.93,-88.75,2046,ssp245,77
39.93,-83.75,2046,ssp245,72
39.93,-78.75,2046,ssp245,67
39.93,-73.75,2046,ssp245,81
39.93,-68.75,2046,ssp245,80
42.465,-123.75,2046,ssp245,100
42.465,-118.75,2046,ssp245,134
42.465,-113.75,2046,ssp245,107
42.465,-108.75,2046,ssp245,74
42.465,-103.75,2046,ssp245,78
42.465,-98.75,2046,ssp245,67
42.465,-93.75,2046,ssp245,74
42.465,-88.75,2046,ssp245,77
42.465,-83.75,2046,ssp245,73
42.465,-78.75,2046,ssp245,67
42.465,-73.75,2046,ssp245,49
42.465,-68.75,2046,ssp245,105
45.0,-123.75,2046,ssp245,69
45.0,-118.75,2046,ssp245,129
45.0,-113.75,2046,ssp245,90
45.0,-108.75,2046,ssp245,78
45.0,-103.75,2046,ssp245,76
45.0,-98.75,2046,ssp245,66
45.0,-93.75,2046,ssp245,59
45.0,-88.75,2046,ssp245,77
45.0,-83.75,2046,ssp245,78
45.0,-78.75,2046,ssp245,64
45.0,-73.75,2046,ssp245,54
45.0,-68.75,2046,ssp245,55
47.535,-123.75,2046,ssp245,89
47.535,-118.75,2046,ssp245,111
47.535,-113.75,2046,ssp245,113
47.535,-108.75,2046,ssp245,86
47.535,-103.75,2046,ssp245,69
47.535,-98.75,2046,ssp245,59
47.535,-93.75,2046,ssp245,60
47.535,-88.75,2046,ssp245,84
47.535,-83.75,2046,ssp245,67
47.535,-78.75,2046,ssp245,43
47.535,-73.75,2046,ssp245,42
47.535,-68.75,2046,ssp245,51
24.718,-123.75,2047,ssp245,0
24.718,-118.75,2047,ssp245,0
24.718,-113.75,2047,ssp245,0
24.718,-108.75,2047,ssp245,0
24.718,-103.75,2047,ssp245,62
24.718,-98.75,2047,ssp245,8
24.718,-93.75,2047,ssp245,0
24.718,-88.75,2047,ssp245,0
24.718,-83.75,2047,ssp245,0
24.718,-78.75,2047,ssp245,0
24.718,-73.75,2047,ssp245,0
24.718,-68.75,2047,ssp245,0
27.254,-123.75,2047,ssp245,0
27.254,-118.75,2047,ssp245,0
27.254,-113.75,2047,ssp245,0
27.254,-108.75,2047,ssp245,22
27.254,-103.75,2047,ssp245,61
27.254,-98.75,2047,ssp245,18
27.254,-93.75,2047,ssp245,0
27.254,-88.75,2047,ssp245,0
27.254,-83.75,2047,ssp245,2
27.254,-78.75,2047,ssp245,0
27.254,-73.75,2047,ssp245,0
27.254,-68.75,2047,ssp245,0
29.789,-123.75,2047,ssp245,0
29.789,-118.75,2047,ssp245,0
29.789,-113.75,2047,ssp245,7
29.789,-108.75,2047,ssp245,83
29.789,-103.75,2047,ssp245,89
29.789,-98.75,2047,ssp245,61
29.789,-93.75,2047,ssp245,31
29.789,-88.75,2047,ssp245,20
29.789,-83.75,2047,ssp245,34
29.789,-78.75,2047,ssp245,0
29.789,-73.75,2047,ssp245,0
29.789,-68.75,2047,ssp245,0
32.324,-123.75,2047,ssp245,0
32.324,-118.75,2047,ssp245,2
32.324,-113.75,2047,ssp245,34
32.324,-108.75,2047,ssp245,118
32.324,-103.75,2047,ssp245,103
32.324,-98.75,2047,ssp245,91
32.324,-93.75,2047,ssp245,83
32.324,-88.75,2047,ssp245,67
32.324,-83.75,2047,ssp245,68
32.324,-78.75,2047,ssp245,19
32.324,-73.75,2047,ssp245,0
32.324,-68.75,2047,ssp245,0
34.859,-123.75,2047,ssp245,0
34.859,-118.75,2047,ssp245,36
34.859,-113.75,2047,ssp245,116
34.859,-108.75,2047,ssp245,85
34.859,-103.75,2047,ssp245,97
34.859,-98.75,2047,ssp245,88
34.859,-93.75,2047,ssp245,82
34.859,-88.75,2047,ssp245,69
34.859,-83.75,2047,ssp245,68
34.859,-78.75,2047,ssp245,70
34.859,-73.75,2047,ssp245,10
34.859,-68.75,2047,ssp245,0
37.394,-123.75,2047,ssp245,3
37.394,-118.75,2047,ssp245,150
37.394,-113.75,2047,ssp245,88
37.394,-108.75,2047,ssp245,66
37.394,-103.75,2047,ssp245,70
37.394,-98.75,2047,ssp245,79
37.394,-93.75,2047,ssp245,63
37.394,-88.75,2047,ssp245,55
37.394,-83.75,2047,ssp245,69
37.394,-78.75,2047,ssp245,71
37.394,-73.75,2047,ssp245,40
37.394,-68.75,2047,ssp245,9
39.93,-123.75,2047,ssp245,24
39.93,-118.75,2047,ssp245,104
39.93,-113.75,2047,ssp245,69
39.93,-108.75,2047,ssp245,69
39.93,-103.75,2047,ssp245,65
39.93,-98.75,2047,ssp245,66
39.93,-93.75,2047,ssp245,55
39.93,-88.75,2047,ssp245,60
39.93,-83.75,2047,ssp245,71
39.93,-78.75,2047,ssp245,63
39.93,-73.75,2047,ssp245,107
39.93,-68.75,2047,ssp245,61
42.465,-123.75,2047,ssp245,69
42.465,-118.75,2047,ssp245,98
42.465,-113.75,2047,ssp245,79
42.465,-108.75,2047,ssp245,72
42.465,-103.75,2047,ssp245,68
42.465,-98.75,2047,ssp245,56
42.465,-93.75,2047,ssp245,45
42.465,-88.75,2047,ssp245,78
42.465,-83.75,2047,ssp245,70
42.465,-78.75,2047,ssp245,64
42.465,-73.75,2047,ssp245,51
42.465,-68.75,2047,ssp245,108
45.0,-123.75,2047,ssp245,47
45.0,-118.75,2047,ssp245,131
45.0,-113.75,2047,ssp245,81
45.0,-108.75,2047,ssp245,75
45.0,-103.75,2047,ssp245,72
45.0,-98.75,2047,ssp245,49
45.0,-93.75,2047,ssp245,46
45.0,-88.75,2047,ssp245,53
45.0,-83.75,2047,ssp245,62
45.0,-78.75,2047,ssp245,54
45.0,-73.75,2047,ssp245,47
45.0,-68.75,2047,ssp245,60
47.535,-123.75,2047,ssp245,61
47.535,-118.75,2047,ssp245,132
47.535,-113.75,2047,ssp245,88
47.535,-108.75,2047,ssp245,76
47.535,-103.75,2047,ssp245,55
47.535,-98.75,2047,ssp245,44
47.535,-93.75,2047,ssp245,49
47.535,-88.75,2047,ssp245,64
47.535,-83.75,2047,ssp245,47
47.535,-78.75,2047,ssp245,42
47.535,-73.75,2047,ssp245,45
47.535,-68.75,2047,ssp245,48
24.718,-123.75,2048,ssp245,0
24.718,-118.75,2048,ssp245,0
24.718,-113.75,2048,ssp245,0
24.718,-108.75,2048,ssp245,0
24.718,-103.75,2048,ssp245,62
24.718,-98.75,2048,ssp245,4
24.718,-93.75,2048,ssp245,0
24.718,-88.75,2048,ssp245,0
24.718,-83.75,2048,ssp245,0
24.718,-78.75,2048,ssp245,0
24.718,-73.75,2048,ssp245,0
24.718,-68.75,2048,ssp245,0
27.254,-123.75,2048,ssp245,0
27.254,-118.75,2048,ssp245,0
27.254,-113.75,2048,ssp245,0
27.254,-108.75,2048,ssp245,32
27.254,-103.75,2048,ssp245,48
27.254,-98.75,2048,ssp245,18
27.254,-93.75,2048,ssp245,0
27.254,-88.75,2048,ssp245,0
27.254,-83.75,2048,ssp245,0
27.254,-78.75,2048,ssp245,0
27.254,-73.75,2048,ssp245,0
27.254,-68.75,2048,ssp245,0
29.789,-123.75,2048,ssp245,0
29.789,-118.75,2048,ssp245,0
29.789,-113.75,2048,ssp245,14
29.789,-108.75,2048,ssp245,114
29.789,-103.75,2048,ssp245,70
29.789,-98.75,2048,ssp245,42
29.789,-93.75,2048,ssp245,13
29.789,-88.75,2048,ssp245,0
29.789,-83.75,2048,ssp245,1
29.789,-78.75,2048,ssp245,0
29.789,-73.75,2048,ssp245,0
29.789,-68.75,2048,ssp245,0
32.324,-123.75,2048,ssp245,0
32.324,-118.75,2048,ssp245,2
32.324,-113.75,2048,ssp245,65
32.324,-108.75,2048,ssp245,129
32.324,-103.75,2048,ssp245,106
32.324,-98.75,2048,ssp245,74
32.324,-93.75,2048,ssp245,52
32.324,-88.75,2048,ssp245,37
32.324,-83.75,2048,ssp245,25
32.324,-78.75,2048,ssp245,0
32.324,-73.75,2048,ssp245,0
32.324,-68.75,2048,ssp245,0
34.859,-123.75,2048,ssp245,2
34.859,-118.75,2048,ssp245,62
34.859,-113.75,2048,ssp245,134
34.859,-108.75,2048,ssp245,94
34.859,-103.75,2048,ssp245,108
34.859,-98.75,2048,ssp245,87
34.859,-93.75,2048,ssp245,70
34.859,-88.75,2048,ssp245,79
34.859,-83.75,2048,ssp245,76
34.859,-78.75,2048,ssp245,50
34.859,-73.75,2048,ssp245,0
34.859,-68.75,2048,ssp245,0
37.394,-123.75,2048,ssp245,12
37.394,-118.75,2048,ssp245,131
37.394,-113.75,2048,ssp245,78
37.394,-108.75,2048,ssp245,69
37.394,-103.75,2048,ssp245,70
37.394,-98.75,2048,ssp245,79
37.394,-93.75,2048,ssp245,76
37.394,-88.75,2048,ssp245,80
37.394,-83.75,2048,ssp245,80
37.394,-78.75,2048,ssp245,87
37.394,-73.75,2048,ssp245,26
37.394,-68.75,2048,ssp245,1
39.93,-123.75,2048,ssp245,52
39.93,-118.75,2048,ssp245,95
39.93,-113.75,2048,ssp245,79
39.93,-108.75,2048,ssp245,62
39.93,-103.75,2048,ssp245,57
39.93,-98.75,2048,ssp245,69
39.93,-93.75,2048,ssp245,63
39.93,-88.75,2048,ssp245,70
39.93,-83.75,2048,ssp245,72
39.93,-78.75,2048,ssp245,67
39.93,-73.75,2048,ssp245,106
39.93,-68.75,2048,ssp245,67
42.465,-123.75,2048,ssp245,130
42.465,-118.75,2048,ssp245,100
42.465,-113.75,2048,ssp245,77
42.465,-108.75,2048,ssp245,61
42.465,-103.75,2048,ssp245,61
42.465,-98.75,2048,ssp245,65
42.465,-93.75,2048,ssp245,63
42.465,-88.75,2048,ssp245,68
42.465,-83.75,2048,ssp245,63
42.465,-78.75,2048,ssp245,73
42.465,-73.75,2048,ssp245,53
42.465,-68.75,2048,ssp245,109
45.0,-123.75,2048,ssp245,102
45.0,-118.75,2048,ssp245,110
45.0,-113.75,2048,ssp245,70
45.0,-108.75,2048,ssp245,71
45.0,-103.75,2048,ssp245,57
45.0,-98.75,2048,ssp245,58
45.0,-93.75,2048,ssp245,61
45.0,-88.75,2048,ssp245,59
45.0,-83.75,2048,ssp245,70
45.0,-78.75,2048,ssp245,62
45.0,-73.75,2048,ssp245,47
45.0,-68.75,2048,ssp245,60
47.535,-123.75,2048,ssp245,100
47.535,-118.75,2048,ssp245,96
47.535,-113.75,2048,ssp245,75
47.535,-108.75,2048,ssp245,57
47.535,-103.75,2048,ssp245,50
47.535,-98.75,2048,ssp245,51
47.535,-93.75,2048,ssp245,44
47.535,-88.75,2048,ssp245,70
47.535,-83.75,2048,ssp245,45
47.535,-78.75,2048,ssp245,40
47.535,-73.75,2048,ssp245,48
47.535,-68.75,2048,ssp245,49
24.718,-123.75,2049,ssp245,0
24.718,-118.75,2049,ssp245,0
24.718,-113.75,2049,ssp245,0
24.718,-108.75,2049,ssp245,0
24.718,-103.75,2049,ssp245,64
24.718,-98.75,2049,ssp245,6
24.718,-93.75,2049,ssp245,0
24.718,-88.75,2049,ssp245,0
24.718,-83.75,2049,ssp245,0
24.718,-78.75,2049,ssp245,0
24.718,-73.75,2049,ssp245,0
24.718,-68.75,2049,ssp245,0
27.254,-123.75,2049,ssp245,0
27.254,-118.75,2049,ssp245,0
27.254,-113.75,2049,ssp245,1
27.254,-108.75,2049,ssp245,43
27.254,-103.75,2049,ssp245,64
27.254,-98.75,2049,ssp245,24
27.254,-93.75,2049,ssp245,0
27.254,-88.75,2049,ssp245,0
27.254,-83.75,2049,ssp245,0
27.254,-78.75,2049,ssp245,0
27.254,-73.75,2049,ssp245,0
27.254,-68.75,2049,ssp245,0
29.789,-123.75,2049,ssp245,0
29.789,-118.75,2049,ssp245,0
29.789,-113.75,2049,ssp245,23
29.789,-108.75,2049,ssp245,88
29.789,-103.75,2049,ssp245,73
29.789,-98.75,2049,ssp245,54
29.789,-93.75,2049,ssp245,21
29.789,-88.75,2049,ssp245,9
29.789,-83.75,2049,ssp245,13
29.789,-78.75,2049,ssp245,0
29.789,-73.75,2049,ssp245,0
29.789,-68.75,2049,ssp245,0
32.324,-123.75,2049,ssp245,0
32.324,-118.75,2049,ssp245,1
32.324,-113.75,2049,ssp245,61
32.324,-108.75,2049,ssp245,93
32.324,-103.75,2049,ssp245,69
32.324,-98.75,2049,ssp245,68
32.324,-93.75,2049,ssp245,60
32.324,-88.75,2049,ssp245,60
32.324,-83.75,2049,ssp245,39
32.324,-78.75,2049,ssp245,7
32.324,-73.75,2049,ssp245,0
32.324,-68.75,2049,ssp245,0
34.859,-123.75,2049,ssp245,0
34.859,-118.75,2049,ssp245,70
34.859,-113.75,2049,ssp245,101
34.859,-108.75,2049,ssp245,84
34.859,-103.75,2049,ssp245,82
34.859,-98.75,2049,ssp245,66
34.859,-93.75,2049,ssp245,67
34.859,-88.75,2049,ssp245,64
34.859,-83.75,2049,ssp245,62
34.859,-78.75,2049,ssp245,56
34.859,-73.75,2049,ssp245,4
34.859,-68.75,2049,ssp245,0
37.394,-123.75,2049,ssp245,5
37.394,-118.75,2049,ssp245,129
37.394,-113.75,2049,ssp245,97
37.394,-108.75,2049,ssp245,78
37.394,-103.75,2049,ssp245,74
37.394,-98.75,2049,ssp245,59
37.394,-93.75,2049,ssp245,52
37.394,-88.75,2049,ssp245,57
37.394,-83.75,2049,ssp245,52
37.394,-78.75,2049,ssp245,54
37.394,-73.75,2049,ssp245,31
37.394,-68.75,2049,ssp245,6
39.93,-123.75,2049,ssp245,66
39.93,-118.75,2049,ssp245,116
39.93,-113.75,2049,ssp245,93
39.93,-108.75,2049,ssp245,74
39.93,-103.75,2049,ssp245,73
39.93,-98.75,2049,ssp245,52
39.93,-93.75,2049,ssp245,28
39.93,-88.75,2049,ssp245,35
39.93,-83.75,2049,ssp245,48
39.93,-78.75,2049,ssp245,48
39.93,-73.75,2049,ssp245,83
39.93,-68.75,2049,ssp245,43
42.465,-123.75,2049,ssp245,117
42.465,-118.75,2049,ssp245,113
42.465,-113.75,2049,ssp245,89
42.465,-108.75,2049,ssp245,72
42.465,-103.75,2049,ssp245,73
42.465,-98.75,2049,ssp245,49
42.465,-93.75,2049,ssp245,39
42.465,-88.75,2049,ssp245,42
42.465,-83.75,2049,ssp245,55
42.465,-78.75,2049,ssp245,56
42.465,-73.75,2049,ssp245,44
42.465,-68.75,2049,ssp245,85
45.0,-123.75,2049,ssp245,105
45.0,-118.75,2049,ssp245,108
45.0,-113.75,2049,ssp245,80
45.0,-108.75,2049,ssp245,74
45.0,-103.75,2049,ssp245,70
45.0,-98.75,2049,ssp245,52
45.0,-93.75,2049,ssp245,45
45.0,-88.75,2049,ssp245,44
45.0,-83.75,2049,ssp245,50
45.0,-78.75,2049,ssp245,56
45.0,-73.75,2049,ssp245,63
45.0,-68.75,2049,ssp245,58
47.535,-123.75,2049,ssp245,112
47.535,-118.75,2049,ssp245,96
47.535,-113.75,2049,ssp245,69
47.535,-108.75,2049,ssp245,77
47.535,-103.75,2049,ssp245,65
47.535,-98.75,2049,ssp245,55
47.535,-93.75,2049,ssp245,52
47.535,-88.75,2049,ssp245,51
47.535,-83.75,2049,ssp245,65
47.535,-78.75,2049,ssp245,73
47.535,-73.75,2049,ssp245,70
47.535,-68.75,2049,ssp245,73
24.718,-123.75,2050,ssp245,0
24.718,-118.75,2050,ssp245,0
24.718,-113.75,2050,ssp245,0
24.718,-108.75,2050,ssp245,0
24.718,-103.75,2050,ssp245,55
24.718,-98.75,2050,ssp245,8
24.718,-93.75,2050,ssp245,0
24.718,-88.75,2050,ssp245,0
24.718,-83.75,2050,ssp245,0
24.718,-78.75,2050,ssp245,0
24.718,-73.75,2050,ssp245,0
24.718,-68.75,2050,ssp245,0
27.254,-123.75,2050,ssp245,0
27.254,-118.75,2050,ssp245,0
27.254,-113.75,2050,ssp245,0
27.254,-108.75,2050,ssp245,29
27.254,-103.75,2050,ssp245,46
27.254,-98.75,2050,ssp245,23
27.254,-93.75,2050,ssp245,2
27.254,-88.75,2050,ssp245,0
27.254,-83.75,2050,ssp245,0
27.254,-78.75,2050,ssp245,0
27.254,-73.75,2050,ssp245,0
27.254,-68.75,2050,ssp245,0
29.789,-123.75,2050,ssp245,0
29.789,-118.75,2050,ssp245,0
29.789,-113.75,2050,ssp245,12
29.789,-108.75,2050,ssp245,85
29.789,-103.75,2050,ssp245,59
29.789,-98.75,2050,ssp245,34
29.789,-93.75,2050,ssp245,25
29.789,-88.75,2050,ssp245,12
29.789,-83.75,2050,ssp245,14
29.789,-78.75,2050,ssp245,0
29.789,-73.75,2050,ssp245,0
29.789,-68.75,2050,ssp245,0
32.324,-123.75,2050,ssp245,0
32.324,-118.75,2050,ssp245,0
32.324,-113.75,2050,ssp245,55
32.324,-108.75,2050,ssp245,106
32.324,-103.75,2050,ssp245,72
32.324,-98.75,2050,ssp245,54
32.324,-93.75,2050,ssp245,42
32.324,-88.75,2050,ssp245,43
32.324,-83.75,2050,ssp245,38
32.324,-78.75,2050,ssp245,9
32.324,-73.75,2050,ssp245,0
32.324,-68.75,2050,ssp245,0
34.859,-123.75,2050,ssp245,0
34.859,-118.75,2050,ssp245,68
34.859,-113.75,2050,ssp245,101
34.859,-108.75,2050,ssp245,101
34.859,-103.75,2050,ssp245,100
34.859,-98.75,2050,ssp245,61
34.859,-93.75,2050,ssp245,54
34.859,-88.75,2050,ssp245,52
34.859,-83.75,2050,ssp245,64
34.859,-78.75,2050,ssp245,55
34.859,-73.75,2050,ssp245,8
34.859,-68.75,2050,ssp245,0
37.394,-123.75,2050,ssp245,6
37.394,-118.75,2050,ssp245,115
37.394,-113.75,2050,ssp245,93
37.394,-108.75,2050,ssp245,75
37.394,-103.75,2050,ssp245,83
37.394,-98.75,2050,ssp245,75
37.394,-93.75,2050,ssp245,72
37.394,-88.75,2050,ssp245,70
37.394,-83.75,2050,ssp245,67
37.394,-78.75,2050,ssp245,69
37.394,-73.75,2050,ssp245,34
37.394,-68.75,2050,ssp245,4
39.93,-123.75,2050,ssp245,73
39.93,-118.75,2050,ssp245,108
39.93,-113.75,2050,ssp245,95
39.93,-108.75,2050,ssp245,78
39.93,-103.75,2050,ssp245,66
39.93,-98.75,2050,ssp245,64
39.93,-93.75,2050,ssp245,76
39.93,-88.75,2050,ssp245,77
39.93,-83.75,2050,ssp245,69
39.93,-78.75,2050,ssp245,73
39.93,-73.75,2050,ssp245,85
39.93,-68.75,2050,ssp245,65
42.465,-123.75,2050,ssp245,130
42.465,-118.75,2050,ssp245,98
42.465,-113.75,2050,ssp245,84
42.465,-108.75,2050,ssp245,70
42.465,-103.75,2050,ssp245,61
42.465,-98.75,2050,ssp245,53
42.465,-93.75,2050,ssp245,60
42.465,-88.75,2050,ssp245,60
42.465,-83.75,2050,ssp245,59
42.465,-78.75,2050,ssp245,48
42.465,-73.75,2050,ssp245,58
42.465,-68.75,2050,ssp245,97
45.0,-123.75,2050,ssp245,122
45.0,-118.75,2050,ssp245,82
45.0,-113.75,2050,ssp245,78
45.0,-108.75,2050,ssp245,72
45.0,-103.75,2050,ssp245,64
45.0,-98.75,2050,ssp245,57
45.0,-93.75,2050,ssp245,49
45.0,-88.75,2050,ssp245,52
45.0,-83.75,2050,ssp245,54
45.0,-78.75,2050,ssp245,50
45.0,-73.75,2050,ssp245,55
45.0,-68.75,2050,ssp245,63
47.535,-123.75,2050,ssp245,120
47.535,-118.75,2050,ssp245,75
47.535,-113.75,2050,ssp245,69
47.535,-108.75,2050,ssp245,58
47.535,-103.75,2050,ssp245,55
47.535,-98.75,2050,ssp245,46
47.535,-93.75,2050,ssp245,47
47.535,-88.75,2050,ssp245,54
47.535,-83.75,2050,ssp245,45
47.535,-78.75,2050,ssp245,44
47.535,-73.75,2050,ssp245,46
47.535,-68.75,2050,ssp245,59
24.718,-123.75,2051,ssp245,0
24.718,-118.75,2051,ssp245,0
24.718,-113.75,2051,ssp245,0
24.718,-108.75,2051,ssp245,0
24.718,-103.75,2051,ssp245,69
24.718,-98.75,2051,ssp245,9
24.718,-93.75,2051,ssp245,0
24.718,-88.75,2051,ssp245,0
24.718,-83.75,2051,ssp245,0
24.718,-78.75,2051,ssp245,0
24.718,-73.75,2051,ssp245,0
24.718,-68.75,2051,ssp245,0
27.254,-123.75,2051,ssp245,0
27.254,-118.75,2051,ssp245,0
27.254,-113.75,2051,ssp245,0
27.254,-108.75,2051,ssp245,47
27.254,-103.75,2051,ssp245,58
27.254,-98.75,2051,ssp245,30
27.254,-93.75,2051,ssp245,2
27.254,-88.75,2051,ssp245,1
27.254,-83.75,2051,ssp245,3
27.254,-78.75,2051,ssp245,0
27.254,-73.75,2051,ssp245,0
27.254,-68.75,2051,ssp245,0
29.789,-123.75,2051,ssp245,0
29.789,-118.75,2051,ssp245,0
29.789,-113.75,2051,ssp245,23
29.789,-108.75,2051,ssp245,86
29.789,-103.75,2051,ssp245,68
29.789,-98.75,2051,ssp245,46
29.789,-93.75,2051,ssp245,32
29.789,-88.75,2051,ssp245,14
29.789,-83.75,2051,ssp245,13
29.789,-78.75,2051,ssp245,2
29.789,-73.75,2051,ssp245,0
29.789,-68.75,2051,ssp245,0
32.324,-123.75,2051,ssp245,0
32.324,-118.75,2051,ssp245,0
32.324,-113.75,2051,ssp245,55
32.324,-108.75,2051,ssp245,91
32.324,-103.75,2051,ssp245,80
32.324,-98.75,2051,ssp245,53
32.324,-93.75,2051,ssp245,53
32.324,-88.75,2051,ssp245,40
32.324,-83.75,2051,ssp245,46
32.324,-78.75,2051,ssp245,5
32.324,-73.75,2051,ssp245,0
32.324,-68.75,2051,ssp245,0
34.859,-123.75,2051,ssp245,0
34.859,-118.75,2051,ssp245,78
34.859,-113.75,2051,ssp245,96
34.859,-108.75,2051,ssp245,82
34.859,-103.75,2051,ssp245,72
34.859,-98.75,2051,ssp245,65
34.859,-93.75,2051,ssp245,63
34.859,-88.75,2051,ssp245,60
34.859,-83.75,2051,ssp245,66
34.859,-78.75,2051,ssp245,62
34.859,-73.75,2051,ssp245,5
34.859,-68.75,2051,ssp245,0
37.394,-123.75,2051,ssp245,4
37.394,-118.75,2051,ssp245,107
37.394,-113.75,2051,ssp245,92
37.394,-108.75,2051,ssp245,79
37.394,-103.75,2051,ssp245,69
37.394,-98.75,2051,ssp245,65
37.394,-93.75,2051,ssp245,65
37.394,-88.75,2051,ssp245,75
37.394,-83.75,2051,ssp245,69
37.394,-78.75,2051,ssp245,68
37.394,-73.75,2051,ssp245,21
37.394,-68.75,2051,ssp245,5
39.93,-123.75,2051,ssp245,69
39.93,-118.75,2051,ssp245,112
39.93,-113.75,2051,ssp245,89
39.93,-108.75,2051,ssp245,67
39.93,-103.75,2051,ssp245,63
39.93,-98.75,2051,ssp245,64
39.93,-93.75,2051,ssp245,61
39.93,-88.75,2051,ssp245,65
39.93,-83.75,2051,ssp245,69
39.93,-78.75,2051,ssp245,66
39.93,-73.75,2051,ssp245,93
39.93,-68.75,2051,ssp245,67
42.465,-123.75,2051,ssp245,117
42.465,-118.75,2051,ssp245,108
42.465,-113.75,2051,ssp245,81
42.465,-108.75,2051,ssp245,82
42.465,-103.75,2051,ssp245,71
42.465,-98.75,2051,ssp245,57
42.465,-93.75,2051,ssp245,50
42.465,-88.75,2051,ssp245,56
42.465,-83.75,2051,ssp245,59
42.465,-78.75,2051,ssp245,64
42.465,-73.75,2051,ssp245,55
42.465,-68.75,2051,ssp245,104
45.0,-123.75,2051,ssp245,98
45.0,-118.75,2051,ssp245,107
45.0,-113.75,2051,ssp245,81
45.0,-108.75,2051,ssp245,73
45.0,-103.75,2051,ssp245,67
45.0,-98.75,2051,ssp245,52
45.0,-93.75,2051,ssp245,40
45.0,-88.75,2051,ssp245,46
45.0,-83.75,2051,ssp245,54
45.0,-78.75,2051,ssp245,50
45.0,-73.75,2051,ssp245,41
45.0,-68.75,2051,ssp245,57
47.535,-123.75,2051,ssp245,87
47.535,-118.75,2051,ssp245,98
47.535,-113.75,2051,ssp245,82
47.535,-108.75,2051,ssp245,73
47.535,-103.75,2051,ssp245,59
47.535,-98.75,2051,ssp245,50
47.535,-93.75,2051,ssp245,48
47.535,-88.75,2051,ssp245,44
47.535,-83.75,2051,ssp245,48
47.535,-78.75,2051,ssp245,47
47.535,-73.75,2051,ssp245,40
47.535,-68.75,2051,ssp245,41
24.718,-123.75,2052,ssp245,0
24.718,-118.75,2052,ssp245,0
24.718,-113.75,2052,ssp245,0
24.718,-108.75,2052,ssp245,0
24.718,-103.75,2052,ssp245,66
24.718,-98.75,2052,ssp245,4
24.718,-93.75,2052,ssp245,0
24.718,-88.75,2052,ssp245,0
24.718,-83.75,2052,ssp245,0
24.718,-78.75,2052,ssp245,0
24.718,-73.75,2052,ssp245,0
24.718,-68.75,2052,ssp245,0
27.254,-123.75,2052,ssp245,0
27.254,-118.75,2052,ssp245,0
27.254,-113.75,2052,ssp245,1
27.254,-108.75,2052,ssp245,36
27.254,-103.75,2052,ssp245,50
27.254,-98.75,2052,ssp245,11
27.254,-93.75,2052,ssp245,0
27.254,-88.75,2052,ssp245,0
27.254,-83.75,2052,ssp245,0
27.254,-78.75,2052,ssp245,0
27.254,-73.75,2052,ssp245,0
27.254,-68.75,2052,ssp245,0
29.789,-123.75,2052,ssp245,0
29.789,-118.75,2052,ssp245,0
29.789,-113.75,2052,ssp245,8
29.789,-108.75,2052,ssp245,87
29.789,-103.75,2052,ssp245,64
29.789,-98.75,2052,ssp245,41
29.789,-93.75,2052,ssp245,16
29.789,-88.75,2052,ssp245,4
29.789,-83.75,2052,ssp245,6
29.789,-78.75,2052,ssp245,0
29.789,-73.75,2052,ssp245,0
29.789,-68.75,2052,ssp245,0
32.324,-123.75,2052,ssp245,0
32.324,-118.75,2052,ssp245,2
32.324,-113.75,2052,ssp245,50
32.324,-108.75,2052,ssp245,124
32.324,-103.75,2052,ssp245,91
32.324,-98.75,2052,ssp245,60
32.324,-93.75,2052,ssp245,49
32.324,-88.75,2052,ssp245,41
32.324,-83.75,2052,ssp245,24
32.324,-78.75,2052,ssp245,4
32.324,-73.75,2052,ssp245,0
32.324,-68.75,2052,ssp245,0
34.859,-123.75,2052,ssp245,1
34.859,-118.75,2052,ssp245,73
34.859,-113.75,2052,ssp245,107
34.859,-108.75,2052,ssp245,105
34.859,-103.75,2052,ssp245,95
34.859,-98.75,2052,ssp245,82
34.859,-93.75,2052,ssp245,71
34.859,-88.75,2052,ssp245,61
34.859,-83.75,2052,ssp245,58
34.859,-78.75,2052,ssp245,35
34.859,-73.75,2052,ssp245,2
34.859,-68.75,2052,ssp245,0
37.394,-123.75,2052,ssp245,14
37.394,-118.75,2052,ssp245,131
37.394,-113.75,2052,ssp245,105
37.394,-108.75,2052,ssp245,95
37.394,-103.75,2052,ssp245,90
37.394,-98.75,2052,ssp245,89
37.394,-93.75,2052,ssp245,83
37.394,-88.75,2052,ssp245,80
37.394,-83.75,2052,ssp245,78
37.394,-78.75,2052,ssp245,88
37.394,-73.75,2052,ssp245,20
37.394,-68.75,2052,ssp245,2
39.93,-123.75,2052,ssp245,71
39.93,-118.75,2052,ssp245,120
39.93,-113.75,2052,ssp245,107
39.93,-108.75,2052,ssp245,77
39.93,-103.75,2052,ssp245,80
39.93,-98.75,2052,ssp245,80
39.93,-93.75,2052,ssp245,69
39.93,-88.75,2052,ssp245,74
39.93,-83.75,2052,ssp245,76
39.93,-78.75,2052,ssp245,79
39.93,-73.75,2052,ssp245,81
39.93,-68.75,2052,ssp245,39
42.465,-123.75,2052,ssp245,128
42.465,-118.75,2052,ssp245,107
42.465,-113.75,2052,ssp245,96
42.465,-108.75,2052,ssp245,67
42.465,-103.75,2052,ssp245,78
42.465,-98.75,2052,ssp245,73
42.465,-93.75,2052,ssp245,78
42.465,-88.75,2052,ssp245,74
42.465,-83.75,2052,ssp245,84
42.465,-78.75,2052,ssp245,75
42.465,-73.75,2052,ssp245,71
42.465,-68.75,2052,ssp245,105
45.0,-123.75,2052,ssp245,121
45.0,-118.75,2052,ssp245,101
45.0,-113.75,2052,ssp245,80
45.0,-108.75,2052,ssp245,74
45.0,-103.75,2052,ssp245,86
45.0,-98.75,2052,ssp245,70
45.0,-93.75,2052,ssp245,77
45.0,-88.75,2052,ssp245,84
45.0,-83.75,2052,ssp245,81
45.0,-78.75,2052,ssp245,73
45.0,-73.75,2052,ssp245,62
45.0,-68.75,2052,ssp245,66
47.535,-123.75,2052,ssp245,104
47.535,-118.75,2052,ssp245,88
47.535,-113.75,2052,ssp245,80
47.535,-108.75,2052,ssp245,85
47.535,-103.75,2052,ssp245,77
47.535,-98.75,2052,ssp245,59
47.535,-93.75,2052,ssp245,61
47.535,-88.75,2052,ssp245,83
47.535,-83.75,2052,ssp245,64
47.535,-78.75,2052,ssp245,50
47.535,-73.75,2052,ssp245,51
47.535,-68.75,2052,ssp245,50
24.718,-123.75,2053,ssp245,0
24.718,-118.75,2053,ssp245,0
24.718,-113.75,2053,ssp245,0
24.718,-108.75,2053,ssp245,0
24.718,-103.75,2053,ssp245,61
24.718,-98.75,2053,ssp245,3
24.718,-93.75,2053,ssp245,0
24.718,-88.75,2053,ssp245,0
24.718,-83.75,2053,ssp245,0
24.718,-78.75,2053,ssp245,0
24.718,-73.75,2053,ssp245,0
24.718,-68.75,2053,ssp245,0
27.254,-123.75,2053,ssp245,0
27.254,-118.75,2053,ssp245,0
27.254,-113.75,2053,ssp245,0
27.254,-108.75,2053,ssp245,30
27.254,-103.75,2053,ssp245,62
27.254,-98.75,2053,ssp245,16
27.254,-93.75,2053,ssp245,0
27.254,-88.75,2053,ssp245,0
27.254,-83.75,2053,ssp245,0
27.254,-78.75,2053,ssp245,0
27.254,-73.75,2053,ssp245,0
27.254,-68.75,2053,ssp245,0
29.789,-123.75,2053,ssp245,0
29.789,-118.75,2053,ssp245,0
29.789,-113.75,2053,ssp245,5
29.789,-108.75,2053,ssp245,80
29.789,-103.75,2053,ssp245,70
29.789,-98.75,2053,ssp245,48
29.789,-93.75,2053,ssp245,17
29.789,-88.75,2053,ssp245,7
29.789,-83.75,2053,ssp245,10
29.789,-78.75,2053,ssp245,0
29.789,-73.75,2053,ssp245,0
29.789,-68.75,2053,ssp245,0
32.324,-123.75,2053,ssp245,0
32.324,-118.75,2053,ssp245,0
32.324,-113.75,2053,ssp245,43
32.324,-108.75,2053,ssp245,105
32.324,-103.75,2053,ssp245,104
32.324,-98.75,2053,ssp245,64
32.324,-93.75,2053,ssp245,57
32.324,-88.75,2053,ssp245,53
32.324,-83.75,2053,ssp245,38
32.324,-78.75,2053,ssp245,5
32.324,-73.75,2053,ssp245,0
32.324,-68.75,2053,ssp245,0
34.859,-123.75,2053,ssp245,0
34.859,-118.75,2053,ssp245,44
34.859,-113.75,2053,ssp245,104
34.859,-108.75,2053,ssp245,115
34.859,-103.75,2053,ssp245,102
34.859,-98.75,2053,ssp245,86
34.859,-93.75,2053,ssp245,67
34.859,-88.75,2053,ssp245,69
34.859,-83.75,2053,ssp245,73
34.859,-78.75,2053,ssp245,47
34.859,-73.75,2053,ssp245,4
34.859,-68.75,2053,ssp245,0
37.394,-123.75,2053,ssp245,1
37.394,-118.75,2053,ssp245,147
37.394,-113.75,2053,ssp245,110
37.394,-108.75,2053,ssp245,96
37.394,-103.75,2053,ssp245,84
37.394,-98.75,2053,ssp245,82
37.394,-93.75,2053,ssp245,77
37.394,-88.75,2053,ssp245,67
37.394,-83.75,2053,ssp245,75
37.394,-78.75,2053,ssp245,72
37.394,-73.75,2053,ssp245,24
37.394,-68.75,2053,ssp245,1
39.93,-123.75,2053,ssp245,33
39.93,-118.75,2053,ssp245,135
39.93,-113.75,2053,ssp245,96
39.93,-108.75,2053,ssp245,81
39.93,-103.75,2053,ssp245,78
39.93,-98.75,2053,ssp245,62
39.93,-93.75,2053,ssp245,63
39.93,-88.75,2053,ssp245,75
39.93,-83.75,2053,ssp245,78
39.93,-78.75,2053,ssp245,83
39.93,-73.75,2053,ssp245,72
39.93,-68.75,2053,ssp245,42
42.465,-123.75,2053,ssp245,97
42.465,-118.75,2053,ssp245,120
42.465,-113.75,2053,ssp245,103
42.465,-108.75,2053,ssp245,78
42.465,-103.75,2053,ssp245,73
42.465,-98.75,2053,ssp245,46
42.465,-93.75,2053,ssp245,55
42.465,-88.75,2053,ssp245,77
42.465,-83.75,2053,ssp245,91
42.465,-78.75,2053,ssp245,88
42.465,-73.75,2053,ssp245,72
42.465,-68.75,2053,ssp245,83
45.0,-123.75,2053,ssp245,80
45.0,-118.75,2053,ssp245,123
45.0,-113.75,2053,ssp245,95
45.0,-108.75,2053,ssp245,67
45.0,-103.75,2053,ssp245,52
45.0,-98.75,2053,ssp245,38
45.0,-93.75,2053,ssp245,36
45.0,-88.75,2053,ssp245,55
45.0,-83.75,2053,ssp245,86
45.0,-78.75,2053,ssp245,81
45.0,-73.75,2053,ssp245,79
45.0,-68.75,2053,ssp245,74
47.535,-123.75,2053,ssp245,96
47.535,-118.75,2053,ssp245,96
47.535,-113.75,2053,ssp245,84
47.535,-108.75,2053,ssp245,64
47.535,-103.75,2053,ssp245,51
47.535,-98.75,2053,ssp245,38
47.535,-93.75,2053,ssp245,37
47.535,-88.75,2053,ssp245,63
47.535,-83.75,2053,ssp245,62
47.535,-78.75,2053,ssp245,63
47.535,-73.75,2053,ssp245,60
47.535,-68.75,2053,ssp245,63
24.718,-123.75,2054,ssp245,0
24.718,-118.75,2054,ssp245,0
24.718,-113.75,2054,ssp245,0
24.718,-108.75,2054,ssp245,0
24.718,-103.75,2054,ssp245,53
24.718,-98.75,2054,ssp245,1
24.718,-93.75,2054,ssp245,0
24.718,-88.75,2054,ssp245,0
24.718,-83.75,2054,ssp245,0
24.718,-78.75,2054,ssp245,0
24.718,-73.75,2054,ssp245,0
24.718,-68.75,2054,ssp245,0
27.254,-123.75,2054,ssp245,0
27.254,-118.75,2054,ssp245,0
27.254,-113.75,2054,ssp245,0
27.254,-108.75,2054,ssp245,17
27.254,-103.75,2054,ssp245,49
27.254,-98.75,2054,ssp245,12
27.254,-93.75,2054,ssp245,0
27.254,-88.75,2054,ssp245,0
27.254,-83.75,2054,ssp245,0
27.254,-78.75,2054,ssp245,0
27.254,-73.75,2054,ssp245,0
27.254,-68.75,2054,ssp245,0
29.789,-123.75,2054,ssp245,0
29.789,-118.75,2054,ssp245,0
29.789,-113.75,2054,ssp245,1
29.789,-108.75,2054,ssp245,85
29.789,-103.75,2054,ssp245,71
29.789,-98.75,2054,ssp245,39
29.789,-93.75,2054,ssp245,13
29.789,-88.75,2054,ssp245,5
29.789,-83.75,2054,ssp245,9
29.789,-78.75,2054,ssp245,0
29.789,-73.75,2054,ssp245,0
29.789,-68.75,2054,ssp245,0
32.324,-123.75,2054,ssp245,0
32.324,-118.75,2054,ssp245,0
32.324,-113.75,2054,ssp245,32
32.324,-108.75,2054,ssp245,125
32.324,-103.75,2054,ssp245,97
32.324,-98.75,2054,ssp245,66
32.324,-93.75,2054,ssp245,47
32.324,-88.75,2054,ssp245,56
32.324,-83.75,2054,ssp245,50
32.324,-78.75,2054,ssp245,4
32.324,-73.75,2054,ssp245,0
32.324,-68.75,2054,ssp245,0
34.859,-123.75,2054,ssp245,0
34.859,-118.75,2054,ssp245,44
34.859,-113.75,2054,ssp245,126
34.859,-108.75,2054,ssp245,114
34.859,-103.75,2054,ssp245,103
34.859,-98.75,2054,ssp245,83
34.859,-93.75,2054,ssp245,71
34.859,-88.75,2054,ssp245,60
34.859,-83.75,2054,ssp245,71
34.859,-78.75,2054,ssp245,51
34.859,-73.75,2054,ssp245,1
34.859,-68.75,2054,ssp245,0
37.394,-123.75,2054,ssp245,0
37.394,-118.75,2054,ssp245,174
37.394,-113.75,2054,ssp245,117
37.394,-108.75,2054,ssp245,83
37.394,-103.75,2054,ssp245,84
37.394,-98.75,2054,ssp245,91
37.394,-93.75,2054,ssp245,85
37.394,-88.75,2054,ssp245,71
37.394,-83.75,2054,ssp245,73
37.394,-78.75,2054,ssp245,79
37.394,-73.75,2054,ssp245,18
37.394,-68.75,2054,ssp245,0
39.93,-123.75,2054,ssp245,38
39.93,-118.75,2054,ssp245,121
39.93,-113.75,2054,ssp245,98
39.93,-108.75,2054,ssp245,73
39.93,-103.75,2054,ssp245,83
39.93,-98.75,2054,ssp245,91
39.93,-93.75,2054,ssp245,81
39.93,-88.75,2054,ssp245,77
39.93,-83.75,2054,ssp245,77
39.93,-78.75,2054,ssp245,79
39.93,-73.75,2054,ssp245,72
39.93,-68.75,2054,ssp245,33
42.465,-123.75,2054,ssp245,124
42.465,-118.75,2054,ssp245,108
42.465,-113.75,2054,ssp245,89
42.465,-108.75,2054,ssp245,68
42.465,-103.75,2054,ssp245,84
42.465,-98.75,2054,ssp245,83
42.465,-93.75,2054,ssp245,75
42.465,-88.75,2054,ssp245,94
42.465,-83.75,2054,ssp245,89
42.465,-78.75,2054,ssp245,88
42.465,-73.75,2054,ssp245,58
42.465,-68.75,2054,ssp245,96
45.0,-123.75,2054,ssp245,87
45.0,-118.75,2054,ssp245,138
45.0,-113.75,2054,ssp245,70
45.0,-108.75,2054,ssp245,63
45.0,-103.75,2054,ssp245,83
45.0,-98.75,2054,ssp245,75
45.0,-93.75,2054,ssp245,71
45.0,-88.75,2054,ssp245,103
45.0,-83.75,2054,ssp245,113
45.0,-78.75,2054,ssp245,73
45.0,-73.75,2054,ssp245,61
45.0,-68.75,2054,ssp245,61
47.535,-123.75,2054,ssp245,104
47.535,-118.75,2054,ssp245,129
47.535,-113.75,2054,ssp245,75
47.535,-108.75,2054,ssp245,74
47.535,-103.75,2054,ssp245,69
47.535,-98.75,2054,ssp245,55
47.535,-93.75,2054,ssp245,68
47.535,-88.75,2054,ssp245,121
47.535,-83.75,2054,ssp245,83
47.535,-78.75,2054,ssp245,69
47.535,-73.75,2054,ssp245,56
47.535,-68.75,2054,ssp245,53
24.718,-123.75,2055,ssp245,0
24.718,-118.75,2055,ssp245,0
24.718,-113.75,2055,ssp245,0
24.718,-108.75,2055,ssp245,0
24.718,-103.75,2055,ssp245,47
24.718,-98.75,2055,ssp245,1
24.718,-93.75,2055,ssp245,0
24.718,-88.75,2055,ssp245,0
24.718,-83.75,2055,ssp245,0
24.718,-78.75,2055,ssp245,0
24.718,-73.75,2055,ssp245,0
24.718,-68.75,2055,ssp245,0
27.254,-123.75,2055,ssp245,0
27.254,-118.75,2055,ssp245,0
27.254,-113.75,2055,ssp245,0
27.254,-108.75,2055,ssp245,22
27.254,-103.75,2055,ssp245,44
27.254,-98.75,2055,ssp245,11
27.254,-93.75,2055,ssp245,0
27.254,-88.75,2055,ssp245,0
27.254,-83.75,2055,ssp245,0
27.254,-78.75,2055,ssp245,0
27.254,-73.75,2055,ssp245,0
27.254,-68.75,2055,ssp245,0
29.789,-123.75,2055,ssp245,0
29.789,-118.75,2055,ssp245,0
29.789,-113.75,2055,ssp245,3
29.789,-108.75,2055,ssp245,98
29.789,-103.75,2055,ssp245,67
29.789,-98.75,2055,ssp245,32
29.789,-93.75,2055,ssp245,15
29.789,-88.75,2055,ssp245,10
29.789,-83.75,2055,ssp245,13
29.789,-78.75,2055,ssp245,1
29.789,-73.75,2055,ssp245,0
29.789,-68.75,2055,ssp245,0
32.324,-123.75,2055,ssp245,0
32.324,-118.75,2055,ssp245,0
32.324,-113.75,2055,ssp245,52
32.324,-108.75,2055,ssp245,127
32.324,-103.75,2055,ssp245,105
32.324,-98.75,2055,ssp245,64
32.324,-93.75,2055,ssp245,43
32.324,-88.75,2055,ssp245,36
32.324,-83.75,2055,ssp245,37
32.324,-78.75,2055,ssp245,10
32.324,-73.75,2055,ssp245,0
32.324,-68.75,2055,ssp245,0
34.859,-123.75,2055,ssp245,0
34.859,-118.75,2055,ssp245,67
34.859,-113.75,2055,ssp245,130
34.859,-108.75,2055,ssp245,65
34.859,-103.75,2055,ssp245,83
34.859,-98.75,2055,ssp245,98
34.859,-93.75,2055,ssp245,73
34.859,-88.75,2055,ssp245,63
34.859,-83.75,2055,ssp245,61
34.859,-78.75,2055,ssp245,36
34.859,-73.75,2055,ssp245,5
34.859,-68.75,2055,ssp245,0
37.394,-123.75,2055,ssp245,0
37.394,-118.75,2055,ssp245,102
37.394,-113.75,2055,ssp245,81
37.394,-108.75,2055,ssp245,56
37.394,-103.75,2055,ssp245,65
37.394,-98.75,2055,ssp245,85
37.394,-93.75,2055,ssp245,84
37.394,-88.75,2055,ssp245,75
37.394,-83.75,2055,ssp245,73
37.394,-78.75,2055,ssp245,74
37.394,-73.75,2055,ssp245,20
37.394,-68.75,2055,ssp245,2
39.93,-123.75,2055,ssp245,52
39.93,-118.75,2055,ssp245,90
39.93,-113.75,2055,ssp245,78
39.93,-108.75,2055,ssp245,72
39.93,-103.75,2055,ssp245,72
39.93,-98.75,2055,ssp245,83
39.93,-93.75,2055,ssp245,74
39.93,-88.75,2055,ssp245,86
39.93,-83.75,2055,ssp245,81
39.93,-78.75,2055,ssp245,83
39.93,-73.75,2055,ssp245,86
39.93,-68.75,2055,ssp245,34
42.465,-123.75,2055,ssp245,122
42.465,-118.75,2055,ssp245,100
42.465,-113.75,2055,ssp245,93
42.465,-108.75,2055,ssp245,78
42.465,-103.75,2055,ssp245,73
42.465,-98.75,2055,ssp245,69
42.465,-93.75,2055,ssp245,64
42.465,-88.75,2055,ssp245,86
42.465,-83.75,2055,ssp245,93
42.465,-78.75,2055,ssp245,98
42.465,-73.75,2055,ssp245,64
42.465,-68.75,2055,ssp245,113
45.0,-123.75,2055,ssp245,100
45.0,-118.75,2055,ssp245,105
45.0,-113.75,2055,ssp245,87
45.0,-108.75,2055,ssp245,75
45.0,-103.75,2055,ssp245,72
45.0,-98.75,2055,ssp245,48
45.0,-93.75,2055,ssp245,58
45.0,-88.75,2055,ssp245,70
45.0,-83.75,2055,ssp245,100
45.0,-78.75,2055,ssp245,91
45.0,-73.75,2055,ssp245,65
45.0,-68.75,2055,ssp245,81
47.535,-123.75,2055,ssp245,118
47.535,-118.75,2055,ssp245,99
47.535,-113.75,2055,ssp245,86
47.535,-108.75,2055,ssp245,82
47.535,-103.75,2055,ssp245,61
47.535,-98.75,2055,ssp245,51
47.535,-93.75,2055,ssp245,46
47.535,-88.75,2055,ssp245,75
47.535,-83.75,2055,ssp245,61
47.535,-78.75,2055,ssp245,69
47.535,-73.75,2055,ssp245,66
47.535,-68.75,2055,ssp245,68
24.718,-123.75,2056,ssp245,0
24.718,-118.75,2056,ssp245,0
24.718,-113.75,2056,ssp245,0
24.718,-108.75,2056,ssp245,0
24.718,-103.75,2056,ssp245,43
24.718,-98.75,2056,ssp245,5
24.718,-93.75,2056,ssp245,0
24.718,-88.75,2056,ssp245,0
24.718,-83.75,2056,ssp245,0
24.718,-78.75,2056,ssp245,0
24.718,-73.75,2056,ssp245,0
24.718,-68.75,2056,ssp245,0
27.254,-123.75,2056,ssp245,0
27.254,-118.75,2056,ssp245,0
27.254,-113.75,2056,ssp245,0
27.254,-108.75,2056,ssp245,24
27.254,-103.75,2056,ssp245,50
27.254,-98.75,2056,ssp245,15
27.254,-93.75,2056,ssp245,0
27.254,-88.75,2056,ssp245,0
27.254,-83.75,2056,ssp245,0
27.254,-78.75,2056,ssp245,0
27.254,-73.75,2056,ssp245,0
27.254,-68.75,2056,ssp245,0
29.789,-123.75,2056,ssp245,0
29.789,-118.75,2056,ssp245,0
29.789,-113.75,2056,ssp245,2
29.789,-108.75,2056,ssp245,99
29.789,-103.75,2056,ssp245,80
29.789,-98.75,2056,ssp245,49
29.789,-93.75,2056,ssp245,17
29.789,-88.75,2056,ssp245,7
29.789,-83.75,2056,ssp245,18
29.789,-78.75,2056,ssp245,0
29.789,-73.75,2056,ssp245,0
29.789,-68.75,2056,ssp245,0
32.324,-123.75,2056,ssp245,0
32.324,-118.75,2056,ssp245,0
32.324,-113.75,2056,ssp245,47
32.324,-108.75,2056,ssp245,114
32.324,-103.75,2056,ssp245,85
32.324,-98.75,2056,ssp245,68
32.324,-93.75,2056,ssp245,65
32.324,-88.75,2056,ssp245,54
32.324,-83.75,2056,ssp245,46
32.324,-78.75,2056,ssp245,7
32.324,-73.75,2056,ssp245,0
32.324,-68.75,2056,ssp245,0
34.859,-123.75,2056,ssp245,0
34.859,-118.75,2056,ssp245,48
34.859,-113.75,2056,ssp245,129
34.859,-108.75,2056,ssp245,90
34.859,-103.75,2056,ssp245,102
34.859,-98.75,2056,ssp245,69
34.859,-93.75,2056,ssp245,71
34.859,-88.75,2056,ssp245,73
34.859,-83.75,2056,ssp245,64
34.859,-78.75,2056,ssp245,51
34.859,-73.75,2056,ssp245,2
34.859,-68.75,2056,ssp245,0
37.394,-123.75,2056,ssp245,2
37.394,-118.75,2056,ssp245,137
37.394,-113.75,2056,ssp245,91
37.394,-108.75,2056,ssp245,70
37.394,-103.75,2056,ssp245,81
37.394,-98.75,2056,ssp245,94
37.394,-93.75,2056,ssp245,68
37.394,-88.75,2056,ssp245,68
37.394,-83.75,2056,ssp245,68
37.394,-78.75,2056,ssp245,75
37.394,-73.75,2056,ssp245,28
37.394,-68.75,2056,ssp245,2
39.93,-123.75,2056,ssp245,59
39.93,-118.75,2056,ssp245,111
39.93,-113.75,2056,ssp245,67
39.93,-108.75,2056,ssp245,63
39.93,-103.75,2056,ssp245,71
39.93,-98.75,2056,ssp245,86
39.93,-93.75,2056,ssp245,70
39.93,-88.75,2056,ssp245,75
39.93,-83.75,2056,ssp245,67
39.93,-78.75,2056,ssp245,68
39.93,-73.75,2056,ssp245,90
39.93,-68.75,2056,ssp245,56
42.465,-123.75,2056,ssp245,145
42.465,-118.75,2056,ssp245,96
42.465,-113.75,2056,ssp245,77
42.465,-108.75,2056,ssp245,58
42.465,-103.75,2056,ssp245,73
42.465,-98.75,2056,ssp245,59
42.465,-93.75,2056,ssp245,53
42.465,-88.75,2056,ssp245,79
42.465,-83.75,2056,ssp245,74
42.465,-78.75,2056,ssp245,73
42.465,-73.75,2056,ssp245,58
42.465,-68.75,2056,ssp245,120
45.0,-123.75,2056,ssp245,127
45.0,-118.75,2056,ssp245,119
45.0,-113.75,2056,ssp245,71
45.0,-108.75,2056,ssp245,64
45.0,-103.75,2056,ssp245,72
45.0,-98.75,2056,ssp245,58
45.0,-93.75,2056,ssp245,55
45.0,-88.75,2056,ssp245,60
45.0,-83.75,2056,ssp245,82
45.0,-78.75,2056,ssp245,82
45.0,-73.75,2056,ssp245,57
45.0,-68.75,2056,ssp245,71
47.535,-123.75,2056,ssp245,133
47.535,-118.75,2056,ssp245,105
47.535,-113.75,2056,ssp245,73
47.535,-108.75,2056,ssp245,78
47.535,-103.75,2056,ssp245,56
47.535,-98.75,2056,ssp245,53
47.535,-93.75,2056,ssp245,46
47.535,-88.75,2056,ssp245,64
47.535,-83.75,2056,ssp245,48
47.535,-78.75,2056,ssp245,50
47.535,-73.75,2056,ssp245,46
47.535,-68.75,2056,ssp245,41
24.718,-123.75,2057,ssp245,0
24.718,-118.75,2057,ssp245,0
24.718,-113.75,2057,ssp245,0
24.718,-108.75,2057,ssp245,0
24.718,-103.75,2057,ssp245,90
24.718,-98.75,2057,ssp245,7
24.718,-93.75,2057,ssp245,0
24.718,-88.75,2057,ssp245,0
24.718,-83.75,2057,ssp245,0
24.718,-78.75,2057,ssp245,0
24.718,-73.75,2057,ssp245,0
24.718,-68.75,2057,ssp245,0
27.254,-123.75,2057,ssp245,0
27.254,-118.75,2057,ssp245,0
27.254,-113.75,2057,ssp245,0
27.254,-108.75,2057,ssp245,31
27.254,-103.75,2057,ssp245,56
27.254,-98.75,2057,ssp245,9
27.254,-93.75,2057,ssp245,0
27.254,-88.75,2057,ssp245,0
27.254,-83.75,2057,ssp245,0
27.254,-78.75,2057,ssp245,0
27.254,-73.75,2057,ssp245,0
27.254,-68.75,2057,ssp245,0
29.789,-123.75,2057,ssp245,0
29.789,-118.75,2057,ssp245,0
29.789,-113.75,2057,ssp245,3
29.789,-108.75,2057,ssp245,97
29.789,-103.75,2057,ssp245,66
29.789,-98.75,2057,ssp245,38
29.789,-93.75,2057,ssp245,13
29.789,-88.75,2057,ssp245,10
29.789,-83.75,2057,ssp245,14
29.789,-78.75,2057,ssp245,0
29.789,-73.75,2057,ssp245,0
29.789,-68.75,2057,ssp245,0
32.324,-123.75,2057,ssp245,0
32.324,-118.75,2057,ssp245,0
32.324,-113.75,2057,ssp245,36
32.324,-108.75,2057,ssp245,124
32.324,-103.75,2057,ssp245,95
32.324,-98.75,2057,ssp245,64
32.324,-93.75,2057,ssp245,59
32.324,-88.75,2057,ssp245,57
32.324,-83.75,2057,ssp245,49
32.324,-78.75,2057,ssp245,3
32.324,-73.75,2057,ssp245,0
32.324,-68.75,2057,ssp245,0
34.859,-123.75,2057,ssp245,0
34.859,-118.75,2057,ssp245,48
34.859,-113.75,2057,ssp245,117
34.859,-108.75,2057,ssp245,110
34.859,-103.75,2057,ssp245,106
34.859,-98.75,2057,ssp245,75
34.859,-93.75,2057,ssp245,70
34.859,-88.75,2057,ssp245,68
34.859,-83.75,2057,ssp245,67
34.859,-78.75,2057,ssp245,57
34.859,-73.75,2057,ssp245,1
34.859,-68.75,2057,ssp245,0
37.394,-123.75,2057,ssp245,3
37.394,-118.75,2057,ssp245,144
37.394,-113.75,2057,ssp245,106
37.394,-108.75,2057,ssp245,86
37.394,-103.75,2057,ssp245,99
37.394,-98.75,2057,ssp245,67
37.394,-93.75,2057,ssp245,70
37.394,-88.75,2057,ssp245,79
37.394,-83.75,2057,ssp245,72
37.394,-78.75,2057,ssp245,75
37.394,-73.75,2057,ssp245,21
37.394,-68.75,2057,ssp245,0
39.93,-123.75,2057,ssp245,44
39.93,-118.75,2057,ssp245,132
39.93,-113.75,2057,ssp245,109
39.93,-108.75,2057,ssp245,90
39.93,-103.75,2057,ssp245,101
39.93,-98.75,2057,ssp245,67
39.93,-93.75,2057,ssp245,58
39.93,-88.75,2057,ssp245,57
39.93,-83.75,2057,ssp245,66
39.93,-78.75,2057,ssp245,75
39.93,-73.75,2057,ssp245,98
39.93,-68.75,2057,ssp245,42
42.465,-123.75,2057,ssp245,104
42.465,-118.75,2057,ssp245,127
42.465,-113.75,2057,ssp245,106
42.465,-108.75,2057,ssp245,88
42.465,-103.75,2057,ssp245,90
42.465,-98.75,2057,ssp245,64
42.465,-93.75,2057,ssp245,45
42.465,-88.75,2057,ssp245,56
42.465,-83.75,2057,ssp245,59
42.465,-78.75,2057,ssp245,57
42.465,-73.75,2057,ssp245,60
42.465,-68.75,2057,ssp245,112
45.0,-123.75,2057,ssp245,87
45.0,-118.75,2057,ssp245,118
45.0,-113.75,2057,ssp245,92
45.0,-108.75,2057,ssp245,106
45.0,-103.75,2057,ssp245,83
45.0,-98.75,2057,ssp245,52
45.0,-93.75,2057,ssp245,51
45.0,-88.75,2057,ssp245,48
45.0,-83.75,2057,ssp245,59
45.0,-78.75,2057,ssp245,46
45.0,-73.75,2057,ssp245,40
45.0,-68.75,2057,ssp245,58
47.535,-123.75,2057,ssp245,90
47.535,-118.75,2057,ssp245,90
47.535,-113.75,2057,ssp245,117
47.535,-108.75,2057,ssp245,104
47.535,-103.75,2057,ssp245,73
47.535,-98.75,2057,ssp245,49
47.535,-93.75,2057,ssp245,50
47.535,-88.75,2057,ssp245,42
47.535,-83.75,2057,ssp245,47
47.535,-78.75,2057,ssp245,48
47.535,-73.75,2057,ssp245,48
47.535,-68.75,2057,ssp245,56
24.718,-123.75,2058,ssp245,0
24.718,-118.75,2058,ssp245,0
24.718,-113.75,2058,ssp245,0
24.718,-108.75,2058,ssp245,0
24.718,-103.75,2058,ssp245,88
24.718,-98.75,2058,ssp245,16
24.718,-93.75,2058,ssp245,0
24.718,-88.75,2058,ssp245,0
24.718,-83.75,2058,ssp245,0
24.718,-78.75,2058,ssp245,0
24.718,-73.75,2058,ssp245,0
24.718,-68.75,2058,ssp245,0
27.254,-123.75,2058,ssp245,0
27.254,-118.75,2058,ssp245,0
27.254,-113.75,2058,ssp245,0
27.254,-108.75,2058,ssp245,27
27.254,-103.75,2058,ssp245,70
27.254,-98.75,2058,ssp245,26
27.254,-93.75,2058,ssp245,0
27.254,-88.75,2058,ssp245,0
27.254,-83.75,2058,ssp245,2
27.254,-78.75,2058,ssp245,0
27.254,-73.75,2058,ssp245,0
27.254,-68.75,2058,ssp245,0
29.789,-123.75,2058,ssp245,0
29.789,-118.75,2058,ssp245,0
29.789,-113.75,2058,ssp245,4
29.789,-108.75,2058,ssp245,96
29.789,-103.75,2058,ssp245,75
29.789,-98.75,2058,ssp245,51
29.789,-93.75,2058,ssp245,33
29.789,-88.75,2058,ssp245,19
29.789,-83.75,2058,ssp245,22
29.789,-78.75,2058,ssp245,0
29.789,-73.75,2058,ssp245,0
29.789,-68.75,2058,ssp245,0
32.324,-123.75,2058,ssp245,0
32.324,-118.75,2058,ssp245,0
32.324,-113.75,2058,ssp245,52
32.324,-108.75,2058,ssp245,113
32.324,-103.75,2058,ssp245,88
32.324,-98.75,2058,ssp245,58
32.324,-93.75,2058,ssp245,52
32.324,-88.75,2058,ssp245,54
32.324,-83.75,2058,ssp245,51
32.324,-78.75,2058,ssp245,9
32.324,-73.75,2058,ssp245,1
32.324,-68.75,2058,ssp245,0
34.859,-123.75,2058,ssp245,0
34.859,-118.75,2058,ssp245,39
34.859,-113.75,2058,ssp245,122
34.859,-108.75,2058,ssp245,92
34.859,-103.75,2058,ssp245,106
34.859,-98.75,2058,ssp245,74
34.859,-93.75,2058,ssp245,61
34.859,-88.75,2058,ssp245,64
34.859,-83.75,2058,ssp245,67
34.859,-78.75,2058,ssp245,57
34.859,-73.75,2058,ssp245,7
34.859,-68.75,2058,ssp245,0
37.394,-123.75,2058,ssp245,0
37.394,-118.75,2058,ssp245,149
37.394,-113.75,2058,ssp245,85
37.394,-108.75,2058,ssp245,87
37.394,-103.75,2058,ssp245,81
37.394,-98.75,2058,ssp245,75
37.394,-93.75,2058,ssp245,72
37.394,-88.75,2058,ssp245,66
37.394,-83.75,2058,ssp245,63
37.394,-78.75,2058,ssp245,63
37.394,-73.75,2058,ssp245,38
37.394,-68.75,2058,ssp245,6
39.93,-123.75,2058,ssp245,24
39.93,-118.75,2058,ssp245,123
39.93,-113.75,2058,ssp245,91
39.93,-108.75,2058,ssp245,71
39.93,-103.75,2058,ssp245,70
39.93,-98.75,2058,ssp245,79
39.93,-93.75,2058,ssp245,66
39.93,-88.75,2058,ssp245,61
39.93,-83.75,2058,ssp245,61
39.93,-78.75,2058,ssp245,55
39.93,-73.75,2058,ssp245,88
39.93,-68.75,2058,ssp245,63
42.465,-123.75,2058,ssp245,111
42.465,-118.75,2058,ssp245,111
42.465,-113.75,2058,ssp245,90
42.465,-108.75,2058,ssp245,75
42.465,-103.75,2058,ssp245,66
42.465,-98.75,2058,ssp245,67
42.465,-93.75,2058,ssp245,56
42.465,-88.75,2058,ssp245,61
42.465,-83.75,2058,ssp245,57
42.465,-78.75,2058,ssp245,60
42.465,-73.75,2058,ssp245,51
42.465,-68.75,2058,ssp245,97
45.0,-123.75,2058,ssp245,68
45.0,-118.75,2058,ssp245,139
45.0,-113.75,2058,ssp245,87
45.0,-108.75,2058,ssp245,75
45.0,-103.75,2058,ssp245,66
45.0,-98.75,2058,ssp245,59
45.0,-93.75,2058,ssp245,50
45.0,-88.75,2058,ssp245,67
45.0,-83.75,2058,ssp245,74
45.0,-78.75,2058,ssp245,65
45.0,-73.75,2058,ssp245,48
45.0,-68.75,2058,ssp245,59
47.535,-123.75,2058,ssp245,99
47.535,-118.75,2058,ssp245,107
47.535,-113.75,2058,ssp245,81
47.535,-108.75,2058,ssp245,66
47.535,-103.75,2058,ssp245,55
47.535,-98.75,2058,ssp245,47
47.535,-93.75,2058,ssp245,48
47.535,-88.75,2058,ssp245,59
47.535,-83.75,2058,ssp245,55
47.535,-78.75,2058,ssp245,46
47.535,-73.75,2058,ssp245,47
47.535,-68.75,2058,ssp245,51
24.718,-123.75,2059,ssp245,0
24.718,-118.75,2059,ssp245,0
24.718,-113.75,2059,ssp245,0
24.718,-108.75,2059,ssp245,0
24.718,-103.75,2059,ssp245,47
24.718,-98.75,2059,ssp245,4
24.718,-93.75,2059,ssp245,0
24.718,-88.75,2059,ssp245,0
24.718,-83.75,2059,ssp245,0
24.718,-78.75,2059,ssp245,0
24.718,-73.75,2059,ssp245,0
24.718,-68.75,2059,ssp245,0
27.254,-123.75,2059,ssp245,0
27.254,-118.75,2059,ssp245,0
27.254,-113.75,2059,ssp245,2
27.254,-108.75,2059,ssp245,39
27.254,-103.75,2059,ssp245,47
27.254,-98.75,2059,ssp245,18
27.254,-93.75,2059,ssp245,2
27.254,-88.75,2059,ssp245,0
27.254,-83.75,2059,ssp245,0
27.254,-78.75,2059,ssp245,0
27.254,-73.75,2059,ssp245,0
27.254,-68.75,2059,ssp245,0
29.789,-123.75,2059,ssp245,0
29.789,-118.75,2059,ssp245,1
29.789,-113.75,2059,ssp245,12
29.789,-108.75,2059,ssp245,90
29.789,-103.75,2059,ssp245,57
29.789,-98.75,2059,ssp245,32
29.789,-93.75,2059,ssp245,19
29.789,-88.75,2059,ssp245,9
29.789,-83.75,2059,ssp245,10
29.789,-78.75,2059,ssp245,0
29.789,-73.75,2059,ssp245,0
29.789,-68.75,2059,ssp245,0
32.324,-123.75,2059,ssp245,0
32.324,-118.75,2059,ssp245,5
32.324,-113.75,2059,ssp245,55
32.324,-108.75,2059,ssp245,99
32.324,-103.75,2059,ssp245,74
32.324,-98.75,2059,ssp245,45
32.324,-93.75,2059,ssp245,40
32.324,-88.75,2059,ssp245,31
32.324,-83.75,2059,ssp245,21
32.324,-78.75,2059,ssp245,6
32.324,-73.75,2059,ssp245,0
32.324,-68.75,2059,ssp245,0
34.859,-123.75,2059,ssp245,3
34.859,-118.75,2059,ssp245,76
34.859,-113.75,2059,ssp245,93
34.859,-108.75,2059,ssp245,96
34.859,-103.75,2059,ssp245,96
34.859,-98.75,2059,ssp245,70
34.859,-93.75,2059,ssp245,49
34.859,-88.75,2059,ssp245,49
34.859,-83.75,2059,ssp245,43
34.859,-78.75,2059,ssp245,29
34.859,-73.75,2059,ssp245,3
34.859,-68.75,2059,ssp245,0
37.394,-123.75,2059,ssp245,14
37.394,-118.75,2059,ssp245,106
37.394,-113.75,2059,ssp245,101
37.394,-108.75,2059,ssp245,95
37.394,-103.75,2059,ssp245,105
37.394,-98.75,2059,ssp245,62
37.394,-93.75,2059,ssp245,57
37.394,-88.75,2059,ssp245,54
37.394,-83.75,2059,ssp245,55
37.394,-78.75,2059,ssp245,54
37.394,-73.75,2059,ssp245,20
37.394,-68.75,2059,ssp245,5
39.93,-123.75,2059,ssp245,87
39.93,-118.75,2059,ssp245,93
39.93,-113.75,2059,ssp245,86
39.93,-108.75,2059,ssp245,68
39.93,-103.75,2059,ssp245,91
39.93,-98.75,2059,ssp245,66
39.93,-93.75,2059,ssp245,58
39.93,-88.75,2059,ssp245,55
39.93,-83.75,2059,ssp245,66
39.93,-78.75,2059,ssp245,70
39.93,-73.75,2059,ssp245,68
39.93,-68.75,2059,ssp245,45
42.465,-123.75,2059,ssp245,141
42.465,-118.75,2059,ssp245,85
42.465,-113.75,2059,ssp245,85
42.465,-108.75,2059,ssp245,63
42.465,-103.75,2059,ssp245,87
42.465,-98.75,2059,ssp245,73
42.465,-93.75,2059,ssp245,65
42.465,-88.75,2059,ssp245,62
42.465,-83.75,2059,ssp245,63
42.465,-78.75,2059,ssp245,75
42.465,-73.75,2059,ssp245,62
42.465,-68.75,2059,ssp245,81
45.0,-123.75,2059,ssp245,122
45.0,-118.75,2059,ssp245,99
45.0,-113.75,2059,ssp245,69
45.0,-108.75,2059,ssp245,71
45.0,-103.75,2059,ssp245,75
45.0,-98.75,2059,ssp245,70
45.0,-93.75,2059,ssp245,72
45.0,-88.75,2059,ssp245,64
45.0,-83.75,2059,ssp245,57
45.0,-78.75,2059,ssp245,49
45.0,-73.75,2059,ssp245,46
45.0,-68.75,2059,ssp245,54
47.535,-123.75,2059,ssp245,119
47.535,-118.75,2059,ssp245,94
47.535,-113.75,2059,ssp245,80
47.535,-108.75,2059,ssp245,77
47.535,-103.75,2059,ssp245,71
47.535,-98.75,2059,ssp245,67
47.535,-93.75,2059,ssp245,61
47.535,-88.75,2059,ssp245,52
47.535,-83.75,2059,ssp245,50
47.535,-78.75,2059,ssp245,49
47.535,-73.75,2059,ssp245,48
47.535,-68.75,2059,ssp245,46
24.718,-123.75,2060,ssp245,0
24.718,-118.75,2060,ssp245,0
24.718,-113.75,2060,ssp245,0
24.718,-108.75,2060,ssp245,0
24.718,-103.75,2060,ssp245,36
24.718,-98.75,2060,ssp245,7
24.718,-93.75,2060,ssp245,0
24.718,-88.75,2060,ssp245,0
24.718,-83.75,2060,ssp245,0
24.718,-78.75,2060,ssp245,0
24.718,-73.75,2060,ssp245,0
24.718,-68.75,2060,ssp245,0
27.254,-123.75,2060,ssp245,0
27.254,-118.75,2060,ssp245,0
27.254,-113.75,2060,ssp245,0
27.254,-108.75,2060,ssp245,24
27.254,-103.75,2060,ssp245,49
27.254,-98.75,2060,ssp245,25
27.254,-93.75,2060,ssp245,0
27.254,-88.75,2060,ssp245,0
27.254,-83.75,2060,ssp245,0
27.254,-78.75,2060,ssp245,0
27.254,-73.75,2060,ssp245,0
27.254,-68.75,2060,ssp245,0
29.789,-123.75,2060,ssp245,0
29.789,-118.75,2060,ssp245,0
29.789,-113.75,2060,ssp245,10
29.789,-108.75,2060,ssp245,95
29.789,-103.75,2060,ssp245,73
29.789,-98.75,2060,ssp245,54
29.789,-93.75,2060,ssp245,36
29.789,-88.75,2060,ssp245,10
29.789,-83.75,2060,ssp245,16
29.789,-78.75,2060,ssp245,0
29.789,-73.75,2060,ssp245,0
29.789,-68.75,2060,ssp245,0
32.324,-123.75,2060,ssp245,0
32.324,-118.75,2060,ssp245,0
32.324,-113.75,2060,ssp245,54
32.324,-108.75,2060,ssp245,94
32.324,-103.75,2060,ssp245,83
32.324,-98.75,2060,ssp245,60
32.324,-93.75,2060,ssp245,58
32.324,-88.75,2060,ssp245,47
32.324,-83.75,2060,ssp245,56
32.324,-78.75,2060,ssp245,6
32.324,-73.75,2060,ssp245,0
32.324,-68.75,2060,ssp245,0
34.859,-123.75,2060,ssp245,0
34.859,-118.75,2060,ssp245,69
34.859,-113.75,2060,ssp245,106
34.859,-108.75,2060,ssp245,83
34.859,-103.75,2060,ssp245,82
34.859,-98.75,2060,ssp245,70
34.859,-93.75,2060,ssp245,61
34.859,-88.75,2060,ssp245,62
34.859,-83.75,2060,ssp245,58
34.859,-78.75,2060,ssp245,55
34.859,-73.75,2060,ssp245,1
34.859,-68.75,2060,ssp245,0
37.394,-123.75,2060,ssp245,3
37.394,-118.75,2060,ssp245,105
37.394,-113.75,2060,ssp245,96
37.394,-108.75,2060,ssp245,91
37.394,-103.75,2060,ssp245,69
37.394,-98.75,2060,ssp245,57
37.394,-93.75,2060,ssp245,59
37.394,-88.75,2060,ssp245,59
37.394,-83.75,2060,ssp245,57
37.394,-78.75,2060,ssp245,65
37.394,-73.75,2060,ssp245,38
37.394,-68.75,2060,ssp245,4
39.93,-123.75,2060,ssp245,72
39.93,-118.75,2060,ssp245,92
39.93,-113.75,2060,ssp245,90
39.93,-108.75,2060,ssp245,80
39.93,-103.75,2060,ssp245,77
39.93,-98.75,2060,ssp245,57
39.93,-93.75,2060,ssp245,55
39.93,-88.75,2060,ssp245,57
39.93,-83.75,2060,ssp245,48
39.93,-78.75,2060,ssp245,42
39.93,-73.75,2060,ssp245,88
39.93,-68.75,2060,ssp245,71
42.465,-123.75,2060,ssp245,120
42.465,-118.75,2060,ssp245,93
42.465,-113.75,2060,ssp245,85
42.465,-108.75,2060,ssp245,69
42.465,-103.75,2060,ssp245,66
42.465,-98.75,2060,ssp245,56
42.465,-93.75,2060,ssp245,46
42.465,-88.75,2060,ssp245,57
42.465,-83.75,2060,ssp245,55
42.465,-78.75,2060,ssp245,50
42.465,-73.75,2060,ssp245,45
42.465,-68.75,2060,ssp245,106
45.0,-123.75,2060,ssp245,101
45.0,-118.75,2060,ssp245,95
45.0,-113.75,2060,ssp245,80
45.0,-108.75,2060,ssp245,71
45.0,-103.75,2060,ssp245,68
45.0,-98.75,2060,ssp245,48
45.0,-93.75,2060,ssp245,50
45.0,-88.75,2060,ssp245,52
45.0,-83.75,2060,ssp245,52
45.0,-78.75,2060,ssp245,47
45.0,-73.75,2060,ssp245,44
45.0,-68.75,2060,ssp245,46
47.535,-123.75,2060,ssp245,91
47.535,-118.75,2060,ssp245,79
47.535,-113.75,2060,ssp245,68
47.535,-108.75,2060,ssp245,57
47.535,-103.75,2060,ssp245,57
47.535,-98.75,2060,ssp245,48
47.535,-93.75,2060,ssp245,54
47.535,-88.75,2060,ssp245,50
47.535,-83.75,2060,ssp245,54
47.535,-78.75,2060,ssp245,53
47.535,-73.75,2060,ssp245,55
47.535,-68.75,2060,ssp245,53
24.718,-123.75,2061,ssp245,0
24.718,-118.75,2061,ssp245,0
24.718,-113.75,2061,ssp245,0
24.718,-108.75,2061,ssp245,0
24.718,-103.75,2061,ssp245,62
24.718,-98.75,2061,ssp245,10
24.718,-93.75,2061,ssp245,0
24.718,-88.75,2061,ssp245,0
24.718,-83.75,2061,ssp245,0
24.718,-78.75,2061,ssp245,0
24.718,-73.75,2061,ssp245,0
24.718,-68.75,2061,ssp245,0
27.254,-123.75,2061,ssp245,0
27.254,-118.75,2061,ssp245,0
27.254,-113.75,2061,ssp245,0
27.254,-108.75,2061,ssp245,29
27.254,-103.75,2061,ssp245,69
27.254,-98.75,2061,ssp245,35
27.254,-93.75,2061,ssp245,1
27.254,-88.75,2061,ssp245,0
27.254,-83.75,2061,ssp245,5
27.254,-78.75,2061,ssp245,0
27.254,-73.75,2061,ssp245,0
27.254,-68.75,2061,ssp245,0
29.789,-123.75,2061,ssp245,0
29.789,-118.75,2061,ssp245,0
29.789,-113.75,2061,ssp245,11
29.789,-108.75,2061,ssp245,86
29.789,-103.75,2061,ssp245,63
29.789,-98.75,2061,ssp245,52
29.789,-93.75,2061,ssp245,37
29.789,-88.75,2061,ssp245,21
29.789,-83.75,2061,ssp245,26
29.789,-78.75,2061,ssp245,3
29.789,-73.75,2061,ssp245,0
29.789,-68.75,2061,ssp245,0
32.324,-123.75,2061,ssp245,0
32.324,-118.75,2061,ssp245,0
32.324,-113.75,2061,ssp245,54
32.324,-108.75,2061,ssp245,103
32.324,-103.75,2061,ssp245,71
32.324,-98.75,2061,ssp245,58
32.324,-93.75,2061,ssp245,55
32.324,-88.75,2061,ssp245,51
32.324,-83.75,2061,ssp245,58
32.324,-78.75,2061,ssp245,18
32.324,-73.75,2061,ssp245,1
32.324,-68.75,2061,ssp245,0
34.859,-123.75,2061,ssp245,0
34.859,-118.75,2061,ssp245,55
34.859,-113.75,2061,ssp245,113
34.859,-108.75,2061,ssp245,93
34.859,-103.75,2061,ssp245,81
34.859,-98.75,2061,ssp245,63
34.859,-93.75,2061,ssp245,57
34.859,-88.75,2061,ssp245,58
34.859,-83.75,2061,ssp245,53
34.859,-78.75,2061,ssp245,61
34.859,-73.75,2061,ssp245,17
34.859,-68.75,2061,ssp245,0
37.394,-123.75,2061,ssp245,1
37.394,-118.75,2061,ssp245,119
37.394,-113.75,2061,ssp245,88
37.394,-108.75,2061,ssp245,74
37.394,-103.75,2061,ssp245,69
37.394,-98.75,2061,ssp245,61
37.394,-93.75,2061,ssp245,61
37.394,-88.75,2061,ssp245,59
37.394,-83.75,2061,ssp245,48
37.394,-78.75,2061,ssp245,43
37.394,-73.75,2061,ssp245,63
37.394,-68.75,2061,ssp245,10
39.93,-123.75,2061,ssp245,30
39.93,-118.75,2061,ssp245,92
39.93,-113.75,2061,ssp245,85
39.93,-108.75,2061,ssp245,60
39.93,-103.75,2061,ssp245,66
39.93,-98.75,2061,ssp245,53
39.93,-93.75,2061,ssp245,59
39.93,-88.75,2061,ssp245,48
39.93,-83.75,2061,ssp245,44
39.93,-78.75,2061,ssp245,42
39.93,-73.75,2061,ssp245,58
39.93,-68.75,2061,ssp245,81
42.465,-123.75,2061,ssp245,122
42.465,-118.75,2061,ssp245,87
42.465,-113.75,2061,ssp245,65
42.465,-108.75,2061,ssp245,63
42.465,-103.75,2061,ssp245,61
42.465,-98.75,2061,ssp245,52
42.465,-93.75,2061,ssp245,48
42.465,-88.75,2061,ssp245,61
42.465,-83.75,2061,ssp245,51
42.465,-78.75,2061,ssp245,50
42.465,-73.75,2061,ssp245,38
42.465,-68.75,2061,ssp245,104
45.0,-123.75,2061,ssp245,70
45.0,-118.75,2061,ssp245,115
45.0,-113.75,2061,ssp245,61
45.0,-108.75,2061,ssp245,69
45.0,-103.75,2061,ssp245,54
45.0,-98.75,2061,ssp245,42
45.0,-93.75,2061,ssp245,50
45.0,-88.75,2061,ssp245,65
45.0,-83.75,2061,ssp245,64
45.0,-78.75,2061,ssp245,47
45.0,-73.75,2061,ssp245,44
45.0,-68.75,2061,ssp245,47
47.535,-123.75,2061,ssp245,81
47.535,-118.75,2061,ssp245,96
47.535,-113.75,2061,ssp245,72
47.535,-108.75,2061,ssp245,61
47.535,-103.75,2061,ssp245,51
47.535,-98.75,2061,ssp245,45
47.535,-93.75,2061,ssp245,47
47.535,-88.75,2061,ssp245,58
47.535,-83.75,2061,ssp245,46
47.535,-78.75,2061,ssp245,46
47.535,-73.75,2061,ssp245,49
47.535,-68.75,2061,ssp245,47
24.718,-123.75,2062,ssp245,0
24.718,-118.75,2062,ssp245,0
24.718,-113.75,2062,ssp245,0
24.718,-108.75,2062,ssp245,0
24.718,-103.75,2062,ssp245,56
24.718,-98.75,2062,ssp245,8
24.718,-93.75,2062,ssp245,0
24.718,-88.75,2062,ssp245,0
24.718,-83.75,2062,ssp245,0
24.718,-78.75,2062,ssp245,0
24.718,-73.75,2062,ssp245,0
24.718,-68.75,2062,ssp245,0
27.254,-123.75,2062,ssp245,0
27.254,-118.75,2062,ssp245,0
27.254,-113.75,2062,ssp245,0
27.254,-108.75,2062,ssp245,26
27.254,-103.75,2062,ssp245,66
27.254,-98.75,2062,ssp245,22
27.254,-93.75,2062,ssp245,0
27.254,-88.75,2062,ssp245,0
27.254,-83.75,2062,ssp245,2
27.254,-78.75,2062,ssp245,0
27.254,-73.75,2062,ssp245,0
27.254,-68.75,2062,ssp245,0
29.789,-123.75,2062,ssp245,0
29.789,-118.75,2062,ssp245,0
29.789,-113.75,2062,ssp245,5
29.789,-108.75,2062,ssp245,77
29.789,-103.75,2062,ssp245,83
29.789,-98.75,2062,ssp245,59
29.789,-93.75,2062,ssp245,26
29.789,-88.75,2062,ssp245,12
29.789,-83.75,2062,ssp245,20
29.789,-78.75,2062,ssp245,1
29.789,-73.75,2062,ssp245,0
29.789,-68.75,2062,ssp245,0
32.324,-123.75,2062,ssp245,0
32.324,-118.75,2062,ssp245,0
32.324,-113.75,2062,ssp245,50
32.324,-108.75,2062,ssp245,106
32.324,-103.75,2062,ssp245,90
32.324,-98.75,2062,ssp245,86
32.324,-93.75,2062,ssp245,72
32.324,-88.75,2062,ssp245,70
32.324,-83.75,2062,ssp245,60
32.324,-78.75,2062,ssp245,8
32.324,-73.75,2062,ssp245,0
32.324,-68.75,2062,ssp245,0
34.859,-123.75,2062,ssp245,0
34.859,-118.75,2062,ssp245,54
34.859,-113.75,2062,ssp245,97
34.859,-108.75,2062,ssp245,78
34.859,-103.75,2062,ssp245,73
34.859,-98.75,2062,ssp245,68
34.859,-93.75,2062,ssp245,77
34.859,-88.75,2062,ssp245,78
34.859,-83.75,2062,ssp245,74
34.859,-78.75,2062,ssp245,69
34.859,-73.75,2062,ssp245,3
34.859,-68.75,2062,ssp245,0
37.394,-123.75,2062,ssp245,6
37.394,-118.75,2062,ssp245,117
37.394,-113.75,2062,ssp245,85
37.394,-108.75,2062,ssp245,78
37.394,-103.75,2062,ssp245,69
37.394,-98.75,2062,ssp245,53
37.394,-93.75,2062,ssp245,60
37.394,-88.75,2062,ssp245,69
37.394,-83.75,2062,ssp245,63
37.394,-78.75,2062,ssp245,70
37.394,-73.75,2062,ssp245,42
37.394,-68.75,2062,ssp245,3
39.93,-123.75,2062,ssp245,25
39.93,-118.75,2062,ssp245,110
39.93,-113.75,2062,ssp245,88
39.93,-108.75,2062,ssp245,77
39.93,-103.75,2062,ssp245,67
39.93,-98.75,2062,ssp245,57
39.93,-93.75,2062,ssp245,52
39.93,-88.75,2062,ssp245,52
39.93,-83.75,2062,ssp245,48
39.93,-78.75,2062,ssp245,58
39.93,-73.75,2062,ssp245,99
39.93,-68.75,2062,ssp245,67
42.465,-123.75,2062,ssp245,75
42.465,-118.75,2062,ssp245,100
42.465,-113.75,2062,ssp245,89
42.465,-108.75,2062,ssp245,79
42.465,-103.75,2062,ssp245,66
42.465,-98.75,2062,ssp245,56
42.465,-93.75,2062,ssp245,47
42.465,-88.75,2062,ssp245,50
42.465,-83.75,2062,ssp245,56
42.465,-78.75,2062,ssp245,66
42.465,-73.75,2062,ssp245,53
42.465,-68.75,2062,ssp245,121
45.0,-123.75,2062,ssp245,52
45.0,-118.75,2062,ssp245,108
45.0,-113.75,2062,ssp245,85
45.0,-108.75,2062,ssp245,65
45.0,-103.75,2062,ssp245,58
45.0,-98.75,2062,ssp245,45
45.0,-93.75,2062,ssp245,45
45.0,-88.75,2062,ssp245,55
45.0,-83.75,2062,ssp245,64
45.0,-78.75,2062,ssp245,61
45.0,-73.75,2062,ssp245,46
45.0,-68.75,2062,ssp245,57
47.535,-123.75,2062,ssp245,84
47.535,-118.75,2062,ssp245,109
47.535,-113.75,2062,ssp245,72
47.535,-108.75,2062,ssp245,60
47.535,-103.75,2062,ssp245,53
47.535,-98.75,2062,ssp245,49
47.535,-93.75,2062,ssp245,43
47.535,-88.75,2062,ssp245,56
47.535,-83.75,2062,ssp245,45
47.535,-78.75,2062,ssp245,44
47.535,-73.75,2062,ssp245,55
47.535,-68.75,2062,ssp245,44
24.718,-123.75,2063,ssp245,0
24.718,-118.75,2063,ssp245,0
24.718,-113.75,2063,ssp245,0
24.718,-108.75,2063,ssp245,0
24.718,-103.75,2063,ssp245,81
24.718,-98.75,2063,ssp245,7
24.718,-93.75,2063,ssp245,0
24.718,-88.75,2063,ssp245,0
24.718,-83.75,2063,ssp245,0
24.718,-78.75,2063,ssp245,0
24.718,-73.75,2063,ssp245,0
24.718,-68.75,2063,ssp245,0
27.254,-123.75,2063,ssp245,0
27.254,-118.75,2063,ssp245,0
27.254,-113.75,2063,ssp245,0
27.254,-108.75,2063,ssp245,32
27.254,-103.75,2063,ssp245,68
27.254,-98.75,2063,ssp245,21
27.254,-93.75,2063,ssp245,0
27.254,-88.75,2063,ssp245,0
27.254,-83.75,2063,ssp245,0
27.254,-78.75,2063,ssp245,0
27.254,-73.75,2063,ssp245,0
27.254,-68.75,2063,ssp245,0
29.789,-123.75,2063,ssp245,0
29.789,-118.75,2063,ssp245,0
29.789,-113.75,2063,ssp245,5
29.789,-108.75,2063,ssp245,90
29.789,-103.75,2063,ssp245,77
29.789,-98.75,2063,ssp245,55
29.789,-93.75,2063,ssp245,25
29.789,-88.75,2063,ssp245,9
29.789,-83.75,2063,ssp245,17
29.789,-78.75,2063,ssp245,0
29.789,-73.75,2063,ssp245,0
29.789,-68.75,2063,ssp245,0
32.324,-123.75,2063,ssp245,0
32.324,-118.75,2063,ssp245,0
32.324,-113.75,2063,ssp245,39
32.324,-108.75,2063,ssp245,108
32.324,-103.75,2063,ssp245,97
32.324,-98.75,2063,ssp245,78
32.324,-93.75,2063,ssp245,58
32.324,-88.75,2063,ssp245,59
32.324,-83.75,2063,ssp245,51
32.324,-78.75,2063,ssp245,6
32.324,-73.75,2063,ssp245,0
32.324,-68.75,2063,ssp245,0
34.859,-123.75,2063,ssp245,0
34.859,-118.75,2063,ssp245,44
34.859,-113.75,2063,ssp245,115
34.859,-108.75,2063,ssp245,108
34.859,-103.75,2063,ssp245,90
34.859,-98.75,2063,ssp245,94
34.859,-93.75,2063,ssp245,85
34.859,-88.75,2063,ssp245,65
34.859,-83.75,2063,ssp245,67
34.859,-78.75,2063,ssp245,61
34.859,-73.75,2063,ssp245,4
34.859,-68.75,2063,ssp245,0
37.394,-123.75,2063,ssp245,2
37.394,-118.75,2063,ssp245,147
37.394,-113.75,2063,ssp245,102
37.394,-108.75,2063,ssp245,93
37.394,-103.75,2063,ssp245,91
37.394,-98.75,2063,ssp245,87
37.394,-93.75,2063,ssp245,92
37.394,-88.75,2063,ssp245,83
37.394,-83.75,2063,ssp245,79
37.394,-78.75,2063,ssp245,65
37.394,-73.75,2063,ssp245,28
37.394,-68.75,2063,ssp245,3
39.93,-123.75,2063,ssp245,31
39.93,-118.75,2063,ssp245,128
39.93,-113.75,2063,ssp245,100
39.93,-108.75,2063,ssp245,86
39.93,-103.75,2063,ssp245,79
39.93,-98.75,2063,ssp245,77
39.93,-93.75,2063,ssp245,71
39.93,-88.75,2063,ssp245,79
39.93,-83.75,2063,ssp245,78
39.93,-78.75,2063,ssp245,73
39.93,-73.75,2063,ssp245,67
39.93,-68.75,2063,ssp245,53
42.465,-123.75,2063,ssp245,106
42.465,-118.75,2063,ssp245,126
42.465,-113.75,2063,ssp245,96
42.465,-108.75,2063,ssp245,67
42.465,-103.75,2063,ssp245,75
42.465,-98.75,2063,ssp245,71
42.465,-93.75,2063,ssp245,61
42.465,-88.75,2063,ssp245,79
42.465,-83.75,2063,ssp245,72
42.465,-78.75,2063,ssp245,69
42.465,-73.75,2063,ssp245,67
42.465,-68.75,2063,ssp245,83
45.0,-123.75,2063,ssp245,66
45.0,-118.75,2063,ssp245,148
45.0,-113.75,2063,ssp245,84
45.0,-108.75,2063,ssp245,86
45.0,-103.75,2063,ssp245,79
45.0,-98.75,2063,ssp245,66
45.0,-93.75,2063,ssp245,55
45.0,-88.75,2063,ssp245,55
45.0,-83.75,2063,ssp245,62
45.0,-78.75,2063,ssp245,68
45.0,-73.75,2063,ssp245,60
45.0,-68.75,2063,ssp245,69
47.535,-123.75,2063,ssp245,86
47.535,-118.75,2063,ssp245,126
47.535,-113.75,2063,ssp245,87
47.535,-108.75,2063,ssp245,72
47.535,-103.75,2063,ssp245,74
47.535,-98.75,2063,ssp245,59
47.535,-93.75,2063,ssp245,46
47.535,-88.75,2063,ssp245,59
47.535,-83.75,2063,ssp245,49
47.535,-78.75,2063,ssp245,46
47.535,-73.75,2063,ssp245,63
47.535,-68.75,2063,ssp245,70
24.718,-123.75,2064,ssp245,0
24.718,-118.75,2064,ssp245,0
24.718,-113.75,2064,ssp245,0
24.718,-108.75,2064,ssp245,0
24.718,-103.75,2064,ssp245,64
24.718,-98.75,2064,ssp245,9
24.718,-93.75,2064,ssp245,0
24.718,-88.75,2064,ssp245,0
24.718,-83.75,2064,ssp245,0
24.718,-78.75,2064,ssp245,0
24.718,-73.75,2064,ssp245,0
24.718,-68.75,2064,ssp245,0
27.254,-123.75,2064,ssp245,0
27.254,-118.75,2064,ssp245,0
27.254,-113.75,2064,ssp245,0
27.254,-108.75,2064,ssp245,28
27.254,-103.75,2064,ssp245,58
27.254,-98.75,2064,ssp245,18
27.254,-93.75,2064,ssp245,0
27.254,-88.75,2064,ssp245,0
27.254,-83.75,2064,ssp245,0
27.254,-78.75,2064,ssp245,0
27.254,-73.75,2064,ssp245,0
27.254,-68.75,2064,ssp245,0
29.789,-123.75,2064,ssp245,0
29.789,-118.75,2064,ssp245,0
29.789,-113.75,2064,ssp245,6
29.789,-108.75,2064,ssp245,94
29.789,-103.75,2064,ssp245,73
29.789,-98.75,2064,ssp245,38
29.789,-93.75,2064,ssp245,16
29.789,-88.75,2064,ssp245,10
29.789,-83.75,2064,ssp245,16
29.789,-78.75,2064,ssp245,0
29.789,-73.75,2064,ssp245,0
29.789,-68.75,2064,ssp245,0
32.324,-123.75,2064,ssp245,0
32.324,-118.75,2064,ssp245,0
32.324,-113.75,2064,ssp245,44
32.324,-108.75,2064,ssp245,112
32.324,-103.75,2064,ssp245,102
32.324,-98.75,2064,ssp245,63
32.324,-93.75,2064,ssp245,65
32.324,-88.75,2064,ssp245,60
32.324,-83.75,2064,ssp245,57
32.324,-78.75,2064,ssp245,5
32.324,-73.75,2064,ssp245,0
32.324,-68.75,2064,ssp245,0
34.859,-123.75,2064,ssp245,0
34.859,-118.75,2064,ssp245,48
34.859,-113.75,2064,ssp245,115
34.859,-108.75,2064,ssp245,105
34.859,-103.75,2064,ssp245,102
34.859,-98.75,2064,ssp245,76
34.859,-93.75,2064,ssp245,71
34.859,-88.75,2064,ssp245,70
34.859,-83.75,2064,ssp245,75
34.859,-78.75,2064,ssp245,56
34.859,-73.75,2064,ssp245,5
34.859,-68.75,2064,ssp245,0
37.394,-123.75,2064,ssp245,1
37.394,-118.75,2064,ssp245,129
37.394,-113.75,2064,ssp245,101
37.394,-108.75,2064,ssp245,85
37.394,-103.75,2064,ssp245,103
37.394,-98.75,2064,ssp245,77
37.394,-93.75,2064,ssp245,68
37.394,-88.75,2064,ssp245,71
37.394,-83.75,2064,ssp245,72
37.394,-78.75,2064,ssp245,68
37.394,-73.75,2064,ssp245,28
37.394,-68.75,2064,ssp245,2
39.93,-123.75,2064,ssp245,54
39.93,-118.75,2064,ssp245,123
39.93,-113.75,2064,ssp245,104
39.93,-108.75,2064,ssp245,69
39.93,-103.75,2064,ssp245,85
39.93,-98.75,2064,ssp245,73
39.93,-93.75,2064,ssp245,62
39.93,-88.75,2064,ssp245,85
39.93,-83.75,2064,ssp245,78
39.93,-78.75,2064,ssp245,79
39.93,-73.75,2064,ssp245,84
39.93,-68.75,2064,ssp245,44
42.465,-123.75,2064,ssp245,112
42.465,-118.75,2064,ssp245,120
42.465,-113.75,2064,ssp245,94
42.465,-108.75,2064,ssp245,77
42.465,-103.75,2064,ssp245,84
42.465,-98.75,2064,ssp245,62
42.465,-93.75,2064,ssp245,57
42.465,-88.75,2064,ssp245,78
42.465,-83.75,2064,ssp245,90
42.465,-78.75,2064,ssp245,94
42.465,-73.75,2064,ssp245,83
42.465,-68.75,2064,ssp245,101
45.0,-123.75,2064,ssp245,85
45.0,-118.75,2064,ssp245,130
45.0,-113.75,2064,ssp245,96
45.0,-108.75,2064,ssp245,86
45.0,-103.75,2064,ssp245,70
45.0,-98.75,2064,ssp245,57
45.0,-93.75,2064,ssp245,51
45.0,-88.75,2064,ssp245,68
45.0,-83.75,2064,ssp245,81
45.0,-78.75,2064,ssp245,86
45.0,-73.75,2064,ssp245,74
45.0,-68.75,2064,ssp245,92
47.535,-123.75,2064,ssp245,88
47.535,-118.75,2064,ssp245,107
47.535,-113.75,2064,ssp245,92
47.535,-108.75,2064,ssp245,91
47.535,-103.75,2064,ssp245,71
47.535,-98.75,2064,ssp245,55
47.535,-93.75,2064,ssp245,51
47.535,-88.75,2064,ssp245,74
47.535,-83.75,2064,ssp245,70
47.535,-78.75,2064,ssp245,64
47.535,-73.75,2064,ssp245,54
47.535,-68.75,2064,ssp245,66
24.718,-123.75,2065,ssp245,0
24.718,-118.75,2065,ssp245,0
24.718,-113.75,2065,ssp245,0
24.718,-108.75,2065,ssp245,0
24.718,-103.75,2065,ssp245,63
24.718,-98.75,2065,ssp245,11
24.718,-93.75,2065,ssp245,0
24.718,-88.75,2065,ssp245,0
24.718,-83.75,2065,ssp245,0
24.718,-78.75,2065,ssp245,0
24.718,-73.75,2065,ssp245,0
24.718,-68.75,2065,ssp245,0
27.254,-123.75,2065,ssp245,0
27.254,-118.75,2065,ssp245,0
27.254,-113.75,2065,ssp245,0
27.254,-108.75,2065,ssp245,33
27.254,-103.75,2065,ssp245,48
27.254,-98.75,2065,ssp245,16
27.254,-93.75,2065,ssp245,0
27.254,-88.75,2065,ssp245,0
27.254,-83.75,2065,ssp245,0
27.254,-78.75,2065,ssp245,0
27.254,-73.75,2065,ssp245,0
27.254,-68.75,2065,ssp245,0
29.789,-123.75,2065,ssp245,0
29.789,-118.75,2065,ssp245,0
29.789,-113.75,2065,ssp245,13
29.789,-108.75,2065,ssp245,91
29.789,-103.75,2065,ssp245,65
29.789,-98.75,2065,ssp245,43
29.789,-93.75,2065,ssp245,20
29.789,-88.75,2065,ssp245,10
29.789,-83.75,2065,ssp245,12
29.789,-78.75,2065,ssp245,0
29.789,-73.75,2065,ssp245,0
29.789,-68.75,2065,ssp245,0
32.324,-123.75,2065,ssp245,0
32.324,-118.75,2065,ssp245,0
32.324,-113.75,2065,ssp245,49
32.324,-108.75,2065,ssp245,101
32.324,-103.75,2065,ssp245,87
32.324,-98.75,2065,ssp245,61
32.324,-93.75,2065,ssp245,40
32.324,-88.75,2065,ssp245,31
32.324,-83.75,2065,ssp245,31
32.324,-78.75,2065,ssp245,7
32.324,-73.75,2065,ssp245,0
32.324,-68.75,2065,ssp245,0
34.859,-123.75,2065,ssp245,0
34.859,-118.75,2065,ssp245,67
34.859,-113.75,2065,ssp245,103
34.859,-108.75,2065,ssp245,88
34.859,-103.75,2065,ssp245,89
34.859,-98.75,2065,ssp245,64
34.859,-93.75,2065,ssp245,63
34.859,-88.75,2065,ssp245,56
34.859,-83.75,2065,ssp245,59
34.859,-78.75,2065,ssp245,43
34.859,-73.75,2065,ssp245,4
34.859,-68.75,2065,ssp245,0
37.394,-123.75,2065,ssp245,10
37.394,-118.75,2065,ssp245,109
37.394,-113.75,2065,ssp245,75
37.394,-108.75,2065,ssp245,74
37.394,-103.75,2065,ssp245,77
37.394,-98.75,2065,ssp245,65
37.394,-93.75,2065,ssp245,65
37.394,-88.75,2065,ssp245,69
37.394,-83.75,2065,ssp245,71
37.394,-78.75,2065,ssp245,72
37.394,-73.75,2065,ssp245,18
37.394,-68.75,2065,ssp245,1
39.93,-123.75,2065,ssp245,61
39.93,-118.75,2065,ssp245,83
39.93,-113.75,2065,ssp245,76
39.93,-108.75,2065,ssp245,74
39.93,-103.75,2065,ssp245,54
39.93,-98.75,2065,ssp245,60
39.93,-93.75,2065,ssp245,57
39.93,-88.75,2065,ssp245,67
39.93,-83.75,2065,ssp245,81
39.93,-78.75,2065,ssp245,71
39.93,-73.75,2065,ssp245,79
39.93,-68.75,2065,ssp245,39
42.465,-123.75,2065,ssp245,101
42.465,-118.75,2065,ssp245,88
42.465,-113.75,2065,ssp245,69
42.465,-108.75,2065,ssp245,72
42.465,-103.75,2065,ssp245,52
42.465,-98.75,2065,ssp245,51
42.465,-93.75,2065,ssp245,47
42.465,-88.75,2065,ssp245,63
42.465,-83.75,2065,ssp245,62
42.465,-78.75,2065,ssp245,79
42.465,-73.75,2065,ssp245,69
42.465,-68.75,2065,ssp245,90
45.0,-123.75,2065,ssp245,86
45.0,-118.75,2065,ssp245,91
45.0,-113.75,2065,ssp245,90
45.0,-108.75,2065,ssp245,61
45.0,-103.75,2065,ssp245,48
45.0,-98.75,2065,ssp245,47
45.0,-93.75,2065,ssp245,43
45.0,-88.75,2065,ssp245,54
45.0,-83.75,2065,ssp245,69
45.0,-78.75,2065,ssp245,71
45.0,-73.75,2065,ssp245,62
45.0,-68.75,2065,ssp245,68
47.535,-123.75,2065,ssp245,90
47.535,-118.75,2065,ssp245,94
47.535,-113.75,2065,ssp245,65
47.535,-108.75,2065,ssp245,58
47.535,-103.75,2065,ssp245,52
47.535,-98.75,2065,ssp245,48
47.535,-93.75,2065,ssp245,48
47.535,-88.75,2065,ssp245,65
47.535,-83.75,2065,ssp245,58
47.535,-78.75,2065,ssp245,54
47.535,-73.75,2065,ssp245,56
47.535,-68.75,2065,ssp245,63
24.718,-123.75,2066,ssp245,0
24.718,-118.75,2066,ssp245,0
24.718,-113.75,2066,ssp245,0
24.718,-108.75,2066,ssp245,0
24.718,-103.75,2066,ssp245,34
24.718,-98.75,2066,ssp245,11
24.718,-93.75,2066,ssp245,0
24.718,-88.75,2066,ssp245,0
24.718,-83.75,2066,ssp245,0
24.718,-78.75,2066,ssp245,0
24.718,-73.75,2066,ssp245,0
24.718,-68.75,2066,ssp245,0
27.254,-123.75,2066,ssp245,0
27.254,-118.75,2066,ssp245,0
27.254,-113.75,2066,ssp245,0
27.254,-108.75,2066,ssp245,17
27.254,-103.75,2066,ssp245,34
27.254,-98.75,2066,ssp245,18
27.254,-93.75,2066,ssp245,0
27.254,-88.75,2066,ssp245,0
27.254,-83.75,2066,ssp245,1
27.254,-78.75,2066,ssp245,0
27.254,-73.75,2066,ssp245,0
27.254,-68.75,2066,ssp245,0
29.789,-123.75,2066,ssp245,0
29.789,-118.75,2066,ssp245,0
29.789,-113.75,2066,ssp245,6
29.789,-108.75,2066,ssp245,64
29.789,-103.75,2066,ssp245,50
29.789,-98.75,2066,ssp245,38
29.789,-93.75,2066,ssp245,22
29.789,-88.75,2066,ssp245,9
29.789,-83.75,2066,ssp245,15
29.789,-78.75,2066,ssp245,0
29.789,-73.75,2066,ssp245,0
29.789,-68.75,2066,ssp245,0
32.324,-123.75,2066,ssp245,0
32.324,-118.75,2066,ssp245,0
32.324,-113.75,2066,ssp245,33
32.324,-108.75,2066,ssp245,104
32.324,-103.75,2066,ssp245,93
32.324,-98.75,2066,ssp245,60
32.324,-93.75,2066,ssp245,55
32.324,-88.75,2066,ssp245,63
32.324,-83.75,2066,ssp245,57
32.324,-78.75,2066,ssp245,6
32.324,-73.75,2066,ssp245,0
32.324,-68.75,2066,ssp245,0
34.859,-123.75,2066,ssp245,0
34.859,-118.75,2066,ssp245,38
34.859,-113.75,2066,ssp245,100
34.859,-108.75,2066,ssp245,111
34.859,-103.75,2066,ssp245,96
34.859,-98.75,2066,ssp245,76
34.859,-93.75,2066,ssp245,77
34.859,-88.75,2066,ssp245,73
34.859,-83.75,2066,ssp245,65
34.859,-78.75,2066,ssp245,61
34.859,-73.75,2066,ssp245,2
34.859,-68.75,2066,ssp245,0
37.394,-123.75,2066,ssp245,0
37.394,-118.75,2066,ssp245,141
37.394,-113.75,2066,ssp245,110
37.394,-108.75,2066,ssp245,87
37.394,-103.75,2066,ssp245,82
37.394,-98.75,2066,ssp245,92
37.394,-93.75,2066,ssp245,63
37.394,-88.75,2066,ssp245,69
37.394,-83.75,2066,ssp245,70
37.394,-78.75,2066,ssp245,65
37.394,-73.75,2066,ssp245,36
37.394,-68.75,2066,ssp245,1
39.93,-123.75,2066,ssp245,38
39.93,-118.75,2066,ssp245,105
39.93,-113.75,2066,ssp245,86
39.93,-108.75,2066,ssp245,82
39.93,-103.75,2066,ssp245,84
39.93,-98.75,2066,ssp245,75
39.93,-93.75,2066,ssp245,68
39.93,-88.75,2066,ssp245,81
39.93,-83.75,2066,ssp245,80
39.93,-78.75,2066,ssp245,69
39.93,-73.75,2066,ssp245,82
39.93,-68.75,2066,ssp245,47
42.465,-123.75,2066,ssp245,96
42.465,-118.75,2066,ssp245,101
42.465,-113.75,2066,ssp245,89
42.465,-108.75,2066,ssp245,64
42.465,-103.75,2066,ssp245,75
42.465,-98.75,2066,ssp245,72
42.465,-93.75,2066,ssp245,76
42.465,-88.75,2066,ssp245,86
42.465,-83.75,2066,ssp245,88
42.465,-78.75,2066,ssp245,75
42.465,-73.75,2066,ssp245,58
42.465,-68.75,2066,ssp245,107
45.0,-123.75,2066,ssp245,79
45.0,-118.75,2066,ssp245,108
45.0,-113.75,2066,ssp245,71
45.0,-108.75,2066,ssp245,57
45.0,-103.75,2066,ssp245,75
45.0,-98.75,2066,ssp245,62
45.0,-93.75,2066,ssp245,69
45.0,-88.75,2066,ssp245,77
45.0,-83.75,2066,ssp245,94
45.0,-78.75,2066,ssp245,72
45.0,-73.75,2066,ssp245,60
45.0,-68.75,2066,ssp245,79
47.535,-123.75,2066,ssp245,85
47.535,-118.75,2066,ssp245,95
47.535,-113.75,2066,ssp245,83
47.535,-108.75,2066,ssp245,82
47.535,-103.75,2066,ssp245,68
47.535,-98.75,2066,ssp245,65
47.535,-93.75,2066,ssp245,60
47.535,-88.75,2066,ssp245,81
47.535,-83.75,2066,ssp245,62
47.535,-78.75,2066,ssp245,49
47.535,-73.75,2066,ssp245,60
47.535,-68.75,2066,ssp245,63
24.718,-123.75,2067,ssp245,0
24.718,-118.75,2067,ssp245,0
24.718,-113.75,2067,ssp245,0
24.718,-108.75,2067,ssp245,0
24.718,-103.75,2067,ssp245,55
24.718,-98.75,2067,ssp245,5
24.718,-93.75,2067,ssp245,0
24.718,-88.75,2067,ssp245,0
24.718,-83.75,2067,ssp245,0
24.718,-78.75,2067,ssp245,0
24.718,-73.75,2067,ssp245,0
24.718,-68.75,2067,ssp245,0
27.254,-123.75,2067,ssp245,0
27.254,-118.75,2067,ssp245,0
27.254,-113.75,2067,ssp245,0
27.254,-108.75,2067,ssp245,15
27.254,-103.75,2067,ssp245,51
27.254,-98.75,2067,ssp245,13
27.254,-93.75,2067,ssp245,0
27.254,-88.75,2067,ssp245,0
27.254,-83.75,2067,ssp245,2
27.254,-78.75,2067,ssp245,1
27.254,-73.75,2067,ssp245,0
27.254,-68.75,2067,ssp245,0
29.789,-123.75,2067,ssp245,0
29.789,-118.75,2067,ssp245,0
29.789,-113.75,2067,ssp245,6
29.789,-108.75,2067,ssp245,80
29.789,-103.75,2067,ssp245,63
29.789,-98.75,2067,ssp245,41
29.789,-93.75,2067,ssp245,22
29.789,-88.75,2067,ssp245,11
29.789,-83.75,2067,ssp245,22
29.789,-78.75,2067,ssp245,1
29.789,-73.75,2067,ssp245,0
29.789,-68.75,2067,ssp245,0
32.324,-123.75,2067,ssp245,0
32.324,-118.75,2067,ssp245,0
32.324,-113.75,2067,ssp245,32
32.324,-108.75,2067,ssp245,121
32.324,-103.75,2067,ssp245,92
32.324,-98.75,2067,ssp245,60
32.324,-93.75,2067,ssp245,49
32.324,-88.75,2067,ssp245,51
32.324,-83.75,2067,ssp245,49
32.324,-78.75,2067,ssp245,10
32.324,-73.75,2067,ssp245,0
32.324,-68.75,2067,ssp245,0
34.859,-123.75,2067,ssp245,0
34.859,-118.75,2067,ssp245,40
34.859,-113.75,2067,ssp245,107
34.859,-108.75,2067,ssp245,117
34.859,-103.75,2067,ssp245,112
34.859,-98.75,2067,ssp245,76
34.859,-93.75,2067,ssp245,52
34.859,-88.75,2067,ssp245,63
34.859,-83.75,2067,ssp245,62
34.859,-78.75,2067,ssp245,61
34.859,-73.75,2067,ssp245,5
34.859,-68.75,2067,ssp245,0
37.394,-123.75,2067,ssp245,7
37.394,-118.75,2067,ssp245,154
37.394,-113.75,2067,ssp245,124
37.394,-108.75,2067,ssp245,83
37.394,-103.75,2067,ssp245,91
37.394,-98.75,2067,ssp245,77
37.394,-93.75,2067,ssp245,74
37.394,-88.75,2067,ssp245,61
37.394,-83.75,2067,ssp245,64
37.394,-78.75,2067,ssp245,63
37.394,-73.75,2067,ssp245,28
37.394,-68.75,2067,ssp245,1
39.93,-123.75,2067,ssp245,24
39.93,-118.75,2067,ssp245,116
39.93,-113.75,2067,ssp245,88
39.93,-108.75,2067,ssp245,61
39.93,-103.75,2067,ssp245,76
39.93,-98.75,2067,ssp245,82
39.93,-93.75,2067,ssp245,75
39.93,-88.75,2067,ssp245,68
39.93,-83.75,2067,ssp245,65
39.93,-78.75,2067,ssp245,72
39.93,-73.75,2067,ssp245,82
39.93,-68.75,2067,ssp245,40
42.465,-123.75,2067,ssp245,100
42.465,-118.75,2067,ssp245,112
42.465,-113.75,2067,ssp245,94
42.465,-108.75,2067,ssp245,64
42.465,-103.75,2067,ssp245,80
42.465,-98.75,2067,ssp245,79
42.465,-93.75,2067,ssp245,66
42.465,-88.75,2067,ssp245,80
42.465,-83.75,2067,ssp245,84
42.465,-78.75,2067,ssp245,75
42.465,-73.75,2067,ssp245,73
42.465,-68.75,2067,ssp245,89
45.0,-123.75,2067,ssp245,65
45.0,-118.75,2067,ssp245,113
45.0,-113.75,2067,ssp245,86
45.0,-108.75,2067,ssp245,74
45.0,-103.75,2067,ssp245,83
45.0,-98.75,2067,ssp245,74
45.0,-93.75,2067,ssp245,65
45.0,-88.75,2067,ssp245,90
45.0,-83.75,2067,ssp245,95
45.0,-78.75,2067,ssp245,81
45.0,-73.75,2067,ssp245,70
45.0,-68.75,2067,ssp245,81
47.535,-123.75,2067,ssp245,82
47.535,-118.75,2067,ssp245,114
47.535,-113.75,2067,ssp245,88
47.535,-108.75,2067,ssp245,83
47.535,-103.75,2067,ssp245,60
47.535,-98.75,2067,ssp245,60
47.535,-93.75,2067,ssp245,70
47.535,-88.75,2067,ssp245,88
47.535,-83.75,2067,ssp245,85
47.535,-78.75,2067,ssp245,79
47.535,-73.75,2067,ssp245,77
47.535,-68.75,2067,ssp245,76
24.718,-123.75,2068,ssp245,0
24.718,-118.75,2068,ssp245,0
24.718,-113.75,2068,ssp245,0
24.718,-108.75,2068,ssp245,0
24.718,-103.75,2068,ssp245,57
24.718,-98.75,2068,ssp245,5
24.718,-93.75,2068,ssp245,0
24.718,-88.75,2068,ssp245,0
24.718,-83.75,2068,ssp245,0
24.718,-78.75,2068,ssp245,0
24.718,-73.75,2068,ssp245,0
24.718,-68.75,2068,ssp245,0
27.254,-123.75,2068,ssp245,0
27.254,-118.75,2068,ssp245,0
27.254,-113.75,2068,ssp245,0
27.254,-108.75,2068,ssp245,18
27.254,-103.75,2068,ssp245,56
27.254,-98.75,2068,ssp245,13
27.254,-93.75,2068,ssp245,0
27.254,-88.75,2068,ssp245,0
27.254,-83.75,2068,ssp245,0
27.254,-78.75,2068,ssp245,0
27.254,-73.75,2068,ssp245,0
27.254,-68.75,2068,ssp245,0
29.789,-123.75,2068,ssp245,0
29.789,-118.75,2068,ssp245,0
29.789,-113.75,2068,ssp245,1
29.789,-108.75,2068,ssp245,95
29.789,-103.75,2068,ssp245,82
29.789,-98.75,2068,ssp245,30
29.789,-93.75,2068,ssp245,14
29.789,-88.75,2068,ssp245,8
29.789,-83.75,2068,ssp245,13
29.789,-78.75,2068,ssp245,0
29.789,-73.75,2068,ssp245,0
29.789,-68.75,2068,ssp245,0
32.324,-123.75,2068,ssp245,0
32.324,-118.75,2068,ssp245,0
32.324,-113.75,2068,ssp245,29
32.324,-108.75,2068,ssp245,116
32.324,-103.75,2068,ssp245,100
32.324,-98.75,2068,ssp245,67
32.324,-93.75,2068,ssp245,36
32.324,-88.75,2068,ssp245,42
32.324,-83.75,2068,ssp245,37
32.324,-78.75,2068,ssp245,4
32.324,-73.75,2068,ssp245,0
32.324,-68.75,2068,ssp245,0
34.859,-123.75,2068,ssp245,0
34.859,-118.75,2068,ssp245,24
34.859,-113.75,2068,ssp245,119
34.859,-108.75,2068,ssp245,108
34.859,-103.75,2068,ssp245,102
34.859,-98.75,2068,ssp245,94
34.859,-93.75,2068,ssp245,62
34.859,-88.75,2068,ssp245,61
34.859,-83.75,2068,ssp245,71
34.859,-78.75,2068,ssp245,43
34.859,-73.75,2068,ssp245,2
34.859,-68.75,2068,ssp245,0
37.394,-123.75,2068,ssp245,0
37.394,-118.75,2068,ssp245,165
37.394,-113.75,2068,ssp245,120
37.394,-108.75,2068,ssp245,98
37.394,-103.75,2068,ssp245,87
37.394,-98.75,2068,ssp245,116
37.394,-93.75,2068,ssp245,90
37.394,-88.75,2068,ssp245,90
37.394,-83.75,2068,ssp245,88
37.394,-78.75,2068,ssp245,86
37.394,-73.75,2068,ssp245,16
37.394,-68.75,2068,ssp245,1
39.93,-123.75,2068,ssp245,14
39.93,-118.75,2068,ssp245,135
39.93,-113.75,2068,ssp245,108
39.93,-108.75,2068,ssp245,80
39.93,-103.75,2068,ssp245,74
39.93,-98.75,2068,ssp245,110
39.93,-93.75,2068,ssp245,107
39.93,-88.75,2068,ssp245,111
39.93,-83.75,2068,ssp245,109
39.93,-78.75,2068,ssp245,96
39.93,-73.75,2068,ssp245,84
39.93,-68.75,2068,ssp245,40
42.465,-123.75,2068,ssp245,90
42.465,-118.75,2068,ssp245,129
42.465,-113.75,2068,ssp245,94
42.465,-108.75,2068,ssp245,67
42.465,-103.75,2068,ssp245,75
42.465,-98.75,2068,ssp245,104
42.465,-93.75,2068,ssp245,107
42.465,-88.75,2068,ssp245,119
42.465,-83.75,2068,ssp245,109
42.465,-78.75,2068,ssp245,112
42.465,-73.75,2068,ssp245,88
42.465,-68.75,2068,ssp245,120
45.0,-123.75,2068,ssp245,47
45.0,-118.75,2068,ssp245,150
45.0,-113.75,2068,ssp245,73
45.0,-108.75,2068,ssp245,76
45.0,-103.75,2068,ssp245,91
45.0,-98.75,2068,ssp245,78
45.0,-93.75,2068,ssp245,68
45.0,-88.75,2068,ssp245,91
45.0,-83.75,2068,ssp245,108
45.0,-78.75,2068,ssp245,82
45.0,-73.75,2068,ssp245,48
45.0,-68.75,2068,ssp245,78
47.535,-123.75,2068,ssp245,65
47.535,-118.75,2068,ssp245,138
47.535,-113.75,2068,ssp245,97
47.535,-108.75,2068,ssp245,87
47.535,-103.75,2068,ssp245,83
47.535,-98.75,2068,ssp245,59
47.535,-93.75,2068,ssp245,51
47.535,-88.75,2068,ssp245,74
47.535,-83.75,2068,ssp245,54
47.535,-78.75,2068,ssp245,46
47.535,-73.75,2068,ssp245,33
47.535,-68.75,2068,ssp245,36
24.718,-123.75,2069,ssp245,0
24.718,-118.75,2069,ssp245,0
24.718,-113.75,2069,ssp245,0
24.718,-108.75,2069,ssp245,0
24.718,-103.75,2069,ssp245,41
24.718,-98.75,2069,ssp245,4
24.718,-93.75,2069,ssp245,0
24.718,-88.75,2069,ssp245,0
24.718,-83.75,2069,ssp245,0
24.718,-78.75,2069,ssp245,0
24.718,-73.75,2069,ssp245,0
24.718,-68.75,2069,ssp245,0
27.254,-123.75,2069,ssp245,0
27.254,-118.75,2069,ssp245,0
27.254,-113.75,2069,ssp245,0
27.254,-108.75,2069,ssp245,27
27.254,-103.75,2069,ssp245,49
27.254,-98.75,2069,ssp245,16
27.254,-93.75,2069,ssp245,0
27.254,-88.75,2069,ssp245,0
27.254,-83.75,2069,ssp245,0
27.254,-78.75,2069,ssp245,0
27.254,-73.75,2069,ssp245,0
27.254,-68.75,2069,ssp245,0
29.789,-123.75,2069,ssp245,0
29.789,-118.75,2069,ssp245,0
29.789,-113.75,2069,ssp245,4
29.789,-108.75,2069,ssp245,77
29.789,-103.75,2069,ssp245,67
29.789,-98.75,2069,ssp245,40
29.789,-93.75,2069,ssp245,21
29.789,-88.75,2069,ssp245,14
29.789,-83.75,2069,ssp245,18
29.789,-78.75,2069,ssp245,1
29.789,-73.75,2069,ssp245,0
29.789,-68.75,2069,ssp245,0
32.324,-123.75,2069,ssp245,0
32.324,-118.75,2069,ssp245,0
32.324,-113.75,2069,ssp245,47
32.324,-108.75,2069,ssp245,100
32.324,-103.75,2069,ssp245,81
32.324,-98.75,2069,ssp245,64
32.324,-93.75,2069,ssp245,50
32.324,-88.75,2069,ssp245,44
32.324,-83.75,2069,ssp245,48
32.324,-78.75,2069,ssp245,6
32.324,-73.75,2069,ssp245,1
32.324,-68.75,2069,ssp245,0
34.859,-123.75,2069,ssp245,0
34.859,-118.75,2069,ssp245,46
34.859,-113.75,2069,ssp245,102
34.859,-108.75,2069,ssp245,110
34.859,-103.75,2069,ssp245,103
34.859,-98.75,2069,ssp245,79
34.859,-93.75,2069,ssp245,68
34.859,-88.75,2069,ssp245,61
34.859,-83.75,2069,ssp245,75
34.859,-78.75,2069,ssp245,52
34.859,-73.75,2069,ssp245,4
34.859,-68.75,2069,ssp245,0
37.394,-123.75,2069,ssp245,0
37.394,-118.75,2069,ssp245,146
37.394,-113.75,2069,ssp245,109
37.394,-108.75,2069,ssp245,81
37.394,-103.75,2069,ssp245,95
37.394,-98.75,2069,ssp245,76
37.394,-93.75,2069,ssp245,69
37.394,-88.75,2069,ssp245,70
37.394,-83.75,2069,ssp245,84
37.394,-78.75,2069,ssp245,71
37.394,-73.75,2069,ssp245,32
37.394,-68.75,2069,ssp245,3
39.93,-123.75,2069,ssp245,36
39.93,-118.75,2069,ssp245,127
39.93,-113.75,2069,ssp245,92
39.93,-108.75,2069,ssp245,73
39.93,-103.75,2069,ssp245,90
39.93,-98.75,2069,ssp245,77
39.93,-93.75,2069,ssp245,66
39.93,-88.75,2069,ssp245,71
39.93,-83.75,2069,ssp245,74
39.93,-78.75,2069,ssp245,63
39.93,-73.75,2069,ssp245,91
39.93,-68.75,2069,ssp245,48
42.465,-123.75,2069,ssp245,102
42.465,-118.75,2069,ssp245,122
42.465,-113.75,2069,ssp245,96
42.465,-108.75,2069,ssp245,72
42.465,-103.75,2069,ssp245,85
42.465,-98.75,2069,ssp245,70
42.465,-93.75,2069,ssp245,59
42.465,-88.75,2069,ssp245,85
42.465,-83.75,2069,ssp245,70
42.465,-78.75,2069,ssp245,76
42.465,-73.75,2069,ssp245,70
42.465,-68.75,2069,ssp245,110
45.0,-123.75,2069,ssp245,79
45.0,-118.75,2069,ssp245,137
45.0,-113.75,2069,ssp245,79
45.0,-108.75,2069,ssp245,88
45.0,-103.75,2069,ssp245,89
45.0,-98.75,2069,ssp245,71
45.0,-93.75,2069,ssp245,61
45.0,-88.75,2069,ssp245,60
45.0,-83.75,2069,ssp245,80
45.0,-78.75,2069,ssp245,65
45.0,-73.75,2069,ssp245,58
45.0,-68.75,2069,ssp245,82
47.535,-123.75,2069,ssp245,89
47.535,-118.75,2069,ssp245,120
47.535,-113.75,2069,ssp245,101
47.535,-108.75,2069,ssp245,88
47.535,-103.75,2069,ssp245,82
47.535,-98.75,2069,ssp245,68
47.535,-93.75,2069,ssp245,61
47.535,-88.75,2069,ssp245,68
47.535,-83.75,2069,ssp245,46
47.535,-78.75,2069,ssp245,48
47.535,-73.75,2069,ssp245,47
47.535,-68.75,2069,ssp245,43
24.718,-123.75,2070,ssp245,0
24.718,-118.75,2070,ssp245,0
24.718,-113.75,2070,ssp245,0
24.718,-108.75,2070,ssp245,0
24.718,-103.75,2070,ssp245,39
24.718,-98.75,2070,ssp245,9
24.718,-93.75,2070,ssp245,0
24.718,-88.75,2070,ssp245,0
24.718,-83.75,2070,ssp245,0
24.718,-78.75,2070,ssp245,0
24.718,-73.75,2070,ssp245,0
24.718,-68.75,2070,ssp245,0
27.254,-123.75,2070,ssp245,0
27.254,-118.75,2070,ssp245,0
27.254,-113.75,2070,ssp245,0
27.254,-108.75,2070,ssp245,20
27.254,-103.75,2070,ssp245,42
27.254,-98.75,2070,ssp245,18
27.254,-93.75,2070,ssp245,0
27.254,-88.75,2070,ssp245,0
27.254,-83.75,2070,ssp245,0
27.254,-78.75,2070,ssp245,0
27.254,-73.75,2070,ssp245,0
27.254,-68.75,2070,ssp245,0
29.789,-123.75,2070,ssp245,0
29.789,-118.75,2070,ssp245,0
29.789,-113.75,2070,ssp245,2
29.789,-108.75,2070,ssp245,82
29.789,-103.75,2070,ssp245,61
29.789,-98.75,2070,ssp245,50
29.789,-93.75,2070,ssp245,14
29.789,-88.75,2070,ssp245,9
29.789,-83.75,2070,ssp245,15
29.789,-78.75,2070,ssp245,0
29.789,-73.75,2070,ssp245,0
29.789,-68.75,2070,ssp245,0
32.324,-123.75,2070,ssp245,0
32.324,-118.75,2070,ssp245,0
32.324,-113.75,2070,ssp245,40
32.324,-108.75,2070,ssp245,91
32.324,-103.75,2070,ssp245,68
32.324,-98.75,2070,ssp245,62
32.324,-93.75,2070,ssp245,54
32.324,-88.75,2070,ssp245,63
32.324,-83.75,2070,ssp245,51
32.324,-78.75,2070,ssp245,4
32.324,-73.75,2070,ssp245,0
32.324,-68.75,2070,ssp245,0
34.859,-123.75,2070,ssp245,0
34.859,-118.75,2070,ssp245,49
34.859,-113.75,2070,ssp245,110
34.859,-108.75,2070,ssp245,96
34.859,-103.75,2070,ssp245,81
34.859,-98.75,2070,ssp245,74
34.859,-93.75,2070,ssp245,67
34.859,-88.75,2070,ssp245,71
34.859,-83.75,2070,ssp245,69
34.859,-78.75,2070,ssp245,57
34.859,-73.75,2070,ssp245,3
34.859,-68.75,2070,ssp245,0
37.394,-123.75,2070,ssp245,1
37.394,-118.75,2070,ssp245,148
37.394,-113.75,2070,ssp245,103
37.394,-108.75,2070,ssp245,77
37.394,-103.75,2070,ssp245,72
37.394,-98.75,2070,ssp245,71
37.394,-93.75,2070,ssp245,71
37.394,-88.75,2070,ssp245,71
37.394,-83.75,2070,ssp245,67
37.394,-78.75,2070,ssp245,63
37.394,-73.75,2070,ssp245,27
37.394,-68.75,2070,ssp245,5
39.93,-123.75,2070,ssp245,30
39.93,-118.75,2070,ssp245,110
39.93,-113.75,2070,ssp245,86
39.93,-108.75,2070,ssp245,67
39.93,-103.75,2070,ssp245,69
39.93,-98.75,2070,ssp245,61
39.93,-93.75,2070,ssp245,54
39.93,-88.75,2070,ssp245,51
39.93,-83.75,2070,ssp245,68
39.93,-78.75,2070,ssp245,71
39.93,-73.75,2070,ssp245,87
39.93,-68.75,2070,ssp245,45
42.465,-123.75,2070,ssp245,141
42.465,-118.75,2070,ssp245,103
42.465,-113.75,2070,ssp245,85
42.465,-108.75,2070,ssp245,66
42.465,-103.75,2070,ssp245,77
42.465,-98.75,2070,ssp245,66
42.465,-93.75,2070,ssp245,53
42.465,-88.75,2070,ssp245,68
42.465,-83.75,2070,ssp245,66
42.465,-78.75,2070,ssp245,68
42.465,-73.75,2070,ssp245,58
42.465,-68.75,2070,ssp245,105
45.0,-123.75,2070,ssp245,96
45.0,-118.75,2070,ssp245,137
45.0,-113.75,2070,ssp245,64
45.0,-108.75,2070,ssp245,71
45.0,-103.75,2070,ssp245,90
45.0,-98.75,2070,ssp245,68
45.0,-93.75,2070,ssp245,59
45.0,-88.75,2070,ssp245,59
45.0,-83.75,2070,ssp245,69
45.0,-78.75,2070,ssp245,65
45.0,-73.75,2070,ssp245,46
45.0,-68.75,2070,ssp245,63
47.535,-123.75,2070,ssp245,125
47.535,-118.75,2070,ssp245,135
47.535,-113.75,2070,ssp245,80
47.535,-108.75,2070,ssp245,86
47.535,-103.75,2070,ssp245,73
47.535,-98.75,2070,ssp245,57
47.535,-93.75,2070,ssp245,54
47.535,-88.75,2070,ssp245,63
47.535,-83.75,2070,ssp245,44
47.535,-78.75,2070,ssp245,37
47.535,-73.75,2070,ssp245,38
47.535,-68.75,2070,ssp245,47
24.718,-123.75,2071,ssp245,0
24.718,-118.75,2071,ssp245,0
24.718,-113.75,2071,ssp245,0
24.718,-108.75,2071,ssp245,0
24.718,-103.75,2071,ssp245,43
24.718,-98.75,2071,ssp245,4
24.718,-93.75,2071,ssp245,0
24.718,-88.75,2071,ssp245,0
24.718,-83.75,2071,ssp245,0
24.718,-78.75,2071,ssp245,0
24.718,-73.75,2071,ssp245,0
24.718,-68.75,2071,ssp245,0
27.254,-123.75,2071,ssp245,0
27.254,-118.75,2071,ssp245,0
27.254,-113.75,2071,ssp245,0
27.254,-108.75,2071,ssp245,13
27.254,-103.75,2071,ssp245,34
27.254,-98.75,2071,ssp245,8
27.254,-93.75,2071,ssp245,0
27.254,-88.75,2071,ssp245,0
27.254,-83.75,2071,ssp245,0
27.254,-78.75,2071,ssp245,0
27.254,-73.75,2071,ssp245,0
27.254,-68.75,2071,ssp245,0
29.789,-123.75,2071,ssp245,0
29.789,-118.75,2071,ssp245,0
29.789,-113.75,2071,ssp245,4
29.789,-108.75,2071,ssp245,92
29.789,-103.75,2071,ssp245,69
29.789,-98.75,2071,ssp245,36
29.789,-93.75,2071,ssp245,13
29.789,-88.75,2071,ssp245,6
29.789,-83.75,2071,ssp245,10
29.789,-78.75,2071,ssp245,0
29.789,-73.75,2071,ssp245,0
29.789,-68.75,2071,ssp245,0
32.324,-123.75,2071,ssp245,0
32.324,-118.75,2071,ssp245,0
32.324,-113.75,2071,ssp245,34
32.324,-108.75,2071,ssp245,108
32.324,-103.75,2071,ssp245,98
32.324,-98.75,2071,ssp245,72
32.324,-93.75,2071,ssp245,54
32.324,-88.75,2071,ssp245,54
32.324,-83.75,2071,ssp245,48
32.324,-78.75,2071,ssp245,6
32.324,-73.75,2071,ssp245,0
32.324,-68.75,2071,ssp245,0
34.859,-123.75,2071,ssp245,0
34.859,-118.75,2071,ssp245,46
34.859,-113.75,2071,ssp245,115
34.859,-108.75,2071,ssp245,89
34.859,-103.75,2071,ssp245,104
34.859,-98.75,2071,ssp245,90
34.859,-93.75,2071,ssp245,72
34.859,-88.75,2071,ssp245,64
34.859,-83.75,2071,ssp245,70
34.859,-78.75,2071,ssp245,53
34.859,-73.75,2071,ssp245,3
34.859,-68.75,2071,ssp245,0
37.394,-123.75,2071,ssp245,1
37.394,-118.75,2071,ssp245,117
37.394,-113.75,2071,ssp245,93
37.394,-108.75,2071,ssp245,74
37.394,-103.75,2071,ssp245,74
37.394,-98.75,2071,ssp245,79
37.394,-93.75,2071,ssp245,69
37.394,-88.75,2071,ssp245,81
37.394,-83.75,2071,ssp245,85
37.394,-78.75,2071,ssp245,82
37.394,-73.75,2071,ssp245,19
37.394,-68.75,2071,ssp245,0
39.93,-123.75,2071,ssp245,30
39.93,-118.75,2071,ssp245,100
39.93,-113.75,2071,ssp245,82
39.93,-108.75,2071,ssp245,86
39.93,-103.75,2071,ssp245,66
39.93,-98.75,2071,ssp245,77
39.93,-93.75,2071,ssp245,72
39.93,-88.75,2071,ssp245,83
39.93,-83.75,2071,ssp245,76
39.93,-78.75,2071,ssp245,73
39.93,-73.75,2071,ssp245,94
39.93,-68.75,2071,ssp245,37
42.465,-123.75,2071,ssp245,116
42.465,-118.75,2071,ssp245,100
42.465,-113.75,2071,ssp245,82
42.465,-108.75,2071,ssp245,84
42.465,-103.75,2071,ssp245,66
42.465,-98.75,2071,ssp245,61
42.465,-93.75,2071,ssp245,67
42.465,-88.75,2071,ssp245,83
42.465,-83.75,2071,ssp245,83
42.465,-78.75,2071,ssp245,86
42.465,-73.75,2071,ssp245,66
42.465,-68.75,2071,ssp245,113
45.0,-123.75,2071,ssp245,85
45.0,-118.75,2071,ssp245,101
45.0,-113.75,2071,ssp245,85
45.0,-108.75,2071,ssp245,69
45.0,-103.75,2071,ssp245,61
45.0,-98.75,2071,ssp245,58
45.0,-93.75,2071,ssp245,55
45.0,-88.75,2071,ssp245,66
45.0,-83.75,2071,ssp245,84
45.0,-78.75,2071,ssp245,74
45.0,-73.75,2071,ssp245,60
45.0,-68.75,2071,ssp245,66
47.535,-123.75,2071,ssp245,91
47.535,-118.75,2071,ssp245,92
47.535,-113.75,2071,ssp245,75
47.535,-108.75,2071,ssp245,68
47.535,-103.75,2071,ssp245,57
47.535,-98.75,2071,ssp245,52
47.535,-93.75,2071,ssp245,45
47.535,-88.75,2071,ssp245,72
47.535,-83.75,2071,ssp245,63
47.535,-78.75,2071,ssp245,57
47.535,-73.75,2071,ssp245,62
47.535,-68.75,2071,ssp245,56
24.718,-123.75,2072,ssp245,0
24.718,-118.75,2072,ssp245,0
24.718,-113.75,2072,ssp245,0
24.718,-108.75,2072,ssp245,0
24.718,-103.75,2072,ssp245,34
24.718,-98.75,2072,ssp245,1
24.718,-93.75,2072,ssp245,0
24.718,-88.75,2072,ssp245,0
24.718,-83.75,2072,ssp245,0
24.718,-78.75,2072,ssp245,0
24.718,-73.75,2072,ssp245,0
24.718,-68.75,2072,ssp245,0
27.254,-123.75,2072,ssp245,0
27.254,-118.75,2072,ssp245,0
27.254,-113.75,2072,ssp245,0
27.254,-108.75,2072,ssp245,13
27.254,-103.75,2072,ssp245,36
27.254,-98.75,2072,ssp245,14
27.254,-93.75,2072,ssp245,0
27.254,-88.75,2072,ssp245,0
27.254,-83.75,2072,ssp245,0
27.254,-78.75,2072,ssp245,0
27.254,-73.75,2072,ssp245,0
27.254,-68.75,2072,ssp245,0
29.789,-123.75,2072,ssp245,0
29.789,-118.75,2072,ssp245,0
29.789,-113.75,2072,ssp245,2
29.789,-108.75,2072,ssp245,67
29.789,-103.75,2072,ssp245,49
29.789,-98.75,2072,ssp245,43
29.789,-93.75,2072,ssp245,17
29.789,-88.75,2072,ssp245,4
29.789,-83.75,2072,ssp245,7
29.789,-78.75,2072,ssp245,0
29.789,-73.75,2072,ssp245,0
29.789,-68.75,2072,ssp245,0
32.324,-123.75,2072,ssp245,0
32.324,-118.75,2072,ssp245,0
32.324,-113.75,2072,ssp245,41
32.324,-108.75,2072,ssp245,91
32.324,-103.75,2072,ssp245,82
32.324,-98.75,2072,ssp245,69
32.324,-93.75,2072,ssp245,55
32.324,-88.75,2072,ssp245,53
32.324,-83.75,2072,ssp245,46
32.324,-78.75,2072,ssp245,1
32.324,-73.75,2072,ssp245,0
32.324,-68.75,2072,ssp245,0
34.859,-123.75,2072,ssp245,0
34.859,-118.75,2072,ssp245,45
34.859,-113.75,2072,ssp245,104
34.859,-108.75,2072,ssp245,96
34.859,-103.75,2072,ssp245,94
34.859,-98.75,2072,ssp245,88
34.859,-93.75,2072,ssp245,72
34.859,-88.75,2072,ssp245,70
34.859,-83.75,2072,ssp245,83
34.859,-78.75,2072,ssp245,61
34.859,-73.75,2072,ssp245,1
34.859,-68.75,2072,ssp245,0
37.394,-123.75,2072,ssp245,1
37.394,-118.75,2072,ssp245,146
37.394,-113.75,2072,ssp245,100
37.394,-108.75,2072,ssp245,86
37.394,-103.75,2072,ssp245,74
37.394,-98.75,2072,ssp245,87
37.394,-93.75,2072,ssp245,75
37.394,-88.75,2072,ssp245,74
37.394,-83.75,2072,ssp245,70
37.394,-78.75,2072,ssp245,77
37.394,-73.75,2072,ssp245,22
37.394,-68.75,2072,ssp245,0
39.93,-123.75,2072,ssp245,25
39.93,-118.75,2072,ssp245,120
39.93,-113.75,2072,ssp245,87
39.93,-108.75,2072,ssp245,96
39.93,-103.75,2072,ssp245,78
39.93,-98.75,2072,ssp245,72
39.93,-93.75,2072,ssp245,75
39.93,-88.75,2072,ssp245,63
39.93,-83.75,2072,ssp245,62
39.93,-78.75,2072,ssp245,67
39.93,-73.75,2072,ssp245,93
39.93,-68.75,2072,ssp245,56
42.465,-123.75,2072,ssp245,104
42.465,-118.75,2072,ssp245,116
42.465,-113.75,2072,ssp245,88
42.465,-108.75,2072,ssp245,83
42.465,-103.75,2072,ssp245,77
42.465,-98.75,2072,ssp245,57
42.465,-93.75,2072,ssp245,55
42.465,-88.75,2072,ssp245,63
42.465,-83.75,2072,ssp245,68
42.465,-78.75,2072,ssp245,69
42.465,-73.75,2072,ssp245,64
42.465,-68.75,2072,ssp245,113
45.0,-123.75,2072,ssp245,66
45.0,-118.75,2072,ssp245,125
45.0,-113.75,2072,ssp245,86
45.0,-108.75,2072,ssp245,81
45.0,-103.75,2072,ssp245,65
45.0,-98.75,2072,ssp245,62
45.0,-93.75,2072,ssp245,56
45.0,-88.75,2072,ssp245,64
45.0,-83.75,2072,ssp245,73
45.0,-78.75,2072,ssp245,76
45.0,-73.75,2072,ssp245,59
45.0,-68.75,2072,ssp245,72
47.535,-123.75,2072,ssp245,86
47.535,-118.75,2072,ssp245,110
47.535,-113.75,2072,ssp245,81
47.535,-108.75,2072,ssp245,81
47.535,-103.75,2072,ssp245,64
47.535,-98.75,2072,ssp245,65
47.535,-93.75,2072,ssp245,69
47.535,-88.75,2072,ssp245,67
47.535,-83.75,2072,ssp245,70
47.535,-78.75,2072,ssp245,65
47.535,-73.75,2072,ssp245,63
47.535,-68.75,2072,ssp245,65
24.718,-123.75,2073,ssp245,0
24.718,-118.75,2073,ssp245,0
24.718,-113.75,2073,ssp245,0
24.718,-108.75,2073,ssp245,0
24.718,-103.75,2073,ssp245,43
24.718,-98.75,2073,ssp245,4
24.718,-93.75,2073,ssp245,0
24.718,-88.75,2073,ssp245,0
24.718,-83.75,2073,ssp245,0
24.718,-78.75,2073,ssp245,0
24.718,-73.75,2073,ssp245,0
24.718,-68.75,2073,ssp245,0
27.254,-123.75,2073,ssp245,0
27.254,-118.75,2073,ssp245,0
27.254,-113.75,2073,ssp245,0
27.254,-108.75,2073,ssp245,23
27.254,-103.75,2073,ssp245,39
27.254,-98.75,2073,ssp245,3
27.254,-93.75,2073,ssp245,0
27.254,-88.75,2073,ssp245,0
27.254,-83.75,2073,ssp245,0
27.254,-78.75,2073,ssp245,0
27.254,-73.75,2073,ssp245,0
27.254,-68.75,2073,ssp245,0
29.789,-123.75,2073,ssp245,0
29.789,-118.75,2073,ssp245,0
29.789,-113.75,2073,ssp245,1
29.789,-108.75,2073,ssp245,80
29.789,-103.75,2073,ssp245,65
29.789,-98.75,2073,ssp245,33
29.789,-93.75,2073,ssp245,11
29.789,-88.75,2073,ssp245,3
29.789,-83.75,2073,ssp245,3
29.789,-78.75,2073,ssp245,0
29.789,-73.75,2073,ssp245,0
29.789,-68.75,2073,ssp245,0
32.324,-123.75,2073,ssp245,0
32.324,-118.75,2073,ssp245,0
32.324,-113.75,2073,ssp245,36
32.324,-108.75,2073,ssp245,109
32.324,-103.75,2073,ssp245,98
32.324,-98.75,2073,ssp245,60
32.324,-93.75,2073,ssp245,43
32.324,-88.75,2073,ssp245,36
32.324,-83.75,2073,ssp245,36
32.324,-78.75,2073,ssp245,0
32.324,-73.75,2073,ssp245,0
32.324,-68.75,2073,ssp245,0
34.859,-123.75,2073,ssp245,0
34.859,-118.75,2073,ssp245,40
34.859,-113.75,2073,ssp245,106
34.859,-108.75,2073,ssp245,99
34.859,-103.75,2073,ssp245,105
34.859,-98.75,2073,ssp245,86
34.859,-93.75,2073,ssp245,82
34.859,-88.75,2073,ssp245,70
34.859,-83.75,2073,ssp245,75
34.859,-78.75,2073,ssp245,45
34.859,-73.75,2073,ssp245,0
34.859,-68.75,2073,ssp245,0
37.394,-123.75,2073,ssp245,1
37.394,-118.75,2073,ssp245,119
37.394,-113.75,2073,ssp245,114
37.394,-108.75,2073,ssp245,89
37.394,-103.75,2073,ssp245,87
37.394,-98.75,2073,ssp245,79
37.394,-93.75,2073,ssp245,84
37.394,-88.75,2073,ssp245,81
37.394,-83.75,2073,ssp245,81
37.394,-78.75,2073,ssp245,82
37.394,-73.75,2073,ssp245,9
37.394,-68.75,2073,ssp245,0
39.93,-123.75,2073,ssp245,43
39.93,-118.75,2073,ssp245,124
39.93,-113.75,2073,ssp245,108
39.93,-108.75,2073,ssp245,88
39.93,-103.75,2073,ssp245,74
39.93,-98.75,2073,ssp245,79
39.93,-93.75,2073,ssp245,76
39.93,-88.75,2073,ssp245,81
39.93,-83.75,2073,ssp245,93
39.93,-78.75,2073,ssp245,92
39.93,-73.75,2073,ssp245,92
39.93,-68.75,2073,ssp245,28
42.465,-123.75,2073,ssp245,109
42.465,-118.75,2073,ssp245,109
42.465,-113.75,2073,ssp245,91
42.465,-108.75,2073,ssp245,73
42.465,-103.75,2073,ssp245,70
42.465,-98.75,2073,ssp245,65
42.465,-93.75,2073,ssp245,65
42.465,-88.75,2073,ssp245,78
42.465,-83.75,2073,ssp245,83
42.465,-78.75,2073,ssp245,95
42.465,-73.75,2073,ssp245,77
42.465,-68.75,2073,ssp245,105
45.0,-123.75,2073,ssp245,83
45.0,-118.75,2073,ssp245,98
45.0,-113.75,2073,ssp245,82
45.0,-108.75,2073,ssp245,72
45.0,-103.75,2073,ssp245,65
45.0,-98.75,2073,ssp245,59
45.0,-93.75,2073,ssp245,54
45.0,-88.75,2073,ssp245,80
45.0,-83.75,2073,ssp245,87
45.0,-78.75,2073,ssp245,89
45.0,-73.75,2073,ssp245,60
45.0,-68.75,2073,ssp245,79
47.535,-123.75,2073,ssp245,84
47.535,-118.75,2073,ssp245,92
47.535,-113.75,2073,ssp245,74
47.535,-108.75,2073,ssp245,55
47.535,-103.75,2073,ssp245,56
47.535,-98.75,2073,ssp245,51
47.535,-93.75,2073,ssp245,53
47.535,-88.75,2073,ssp245,74
47.535,-83.75,2073,ssp245,74
47.535,-78.75,2073,ssp245,69
47.535,-73.75,2073,ssp245,46
47.535,-68.75,2073,ssp245,52
24.718,-123.75,2074,ssp245,0
24.718,-118.75,2074,ssp245,0
24.718,-113.75,2074,ssp245,0
24.718,-108.75,2074,ssp245,0
24.718,-103.75,2074,ssp245,53
24.718,-98.75,2074,ssp245,6
24.718,-93.75,2074,ssp245,0
24.718,-88.75,2074,ssp245,0
24.718,-83.75,2074,ssp245,0
24.718,-78.75,2074,ssp245,0
24.718,-73.75,2074,ssp245,0
24.718,-68.75,2074,ssp245,0
27.254,-123.75,2074,ssp245,0
27.254,-118.75,2074,ssp245,0
27.254,-113.75,2074,ssp245,0
27.254,-108.75,2074,ssp245,34
27.254,-103.75,2074,ssp245,53
27.254,-98.75,2074,ssp245,13
27.254,-93.75,2074,ssp245,0
27.254,-88.75,2074,ssp245,0
27.254,-83.75,2074,ssp245,0
27.254,-78.75,2074,ssp245,0
27.254,-73.75,2074,ssp245,0
27.254,-68.75,2074,ssp245,0
29.789,-123.75,2074,ssp245,0
29.789,-118.75,2074,ssp245,0
29.789,-113.75,2074,ssp245,7
29.789,-108.75,2074,ssp245,73
29.789,-103.75,2074,ssp245,64
29.789,-98.75,2074,ssp245,39
29.789,-93.75,2074,ssp245,13
29.789,-88.75,2074,ssp245,3
29.789,-83.75,2074,ssp245,6
29.789,-78.75,2074,ssp245,0
29.789,-73.75,2074,ssp245,0
29.789,-68.75,2074,ssp245,0
32.324,-123.75,2074,ssp245,0
32.324,-118.75,2074,ssp245,0
32.324,-113.75,2074,ssp245,36
32.324,-108.75,2074,ssp245,107
32.324,-103.75,2074,ssp245,85
32.324,-98.75,2074,ssp245,55
32.324,-93.75,2074,ssp245,47
32.324,-88.75,2074,ssp245,41
32.324,-83.75,2074,ssp245,32
32.324,-78.75,2074,ssp245,1
32.324,-73.75,2074,ssp245,0
32.324,-68.75,2074,ssp245,0
34.859,-123.75,2074,ssp245,0
34.859,-118.75,2074,ssp245,30
34.859,-113.75,2074,ssp245,106
34.859,-108.75,2074,ssp245,90
34.859,-103.75,2074,ssp245,86
34.859,-98.75,2074,ssp245,70
34.859,-93.75,2074,ssp245,63
34.859,-88.75,2074,ssp245,64
34.859,-83.75,2074,ssp245,58
34.859,-78.75,2074,ssp245,43
34.859,-73.75,2074,ssp245,0
34.859,-68.75,2074,ssp245,0
37.394,-123.75,2074,ssp245,0
37.394,-118.75,2074,ssp245,143
37.394,-113.75,2074,ssp245,97
37.394,-108.75,2074,ssp245,89
37.394,-103.75,2074,ssp245,82
37.394,-98.75,2074,ssp245,64
37.394,-93.75,2074,ssp245,65
37.394,-88.75,2074,ssp245,66
37.394,-83.75,2074,ssp245,71
37.394,-78.75,2074,ssp245,69
37.394,-73.75,2074,ssp245,19
37.394,-68.75,2074,ssp245,1
39.93,-123.75,2074,ssp245,40
39.93,-118.75,2074,ssp245,115
39.93,-113.75,2074,ssp245,95
39.93,-108.75,2074,ssp245,93
39.93,-103.75,2074,ssp245,87
39.93,-98.75,2074,ssp245,61
39.93,-93.75,2074,ssp245,65
39.93,-88.75,2074,ssp245,68
39.93,-83.75,2074,ssp245,71
39.93,-78.75,2074,ssp245,69
39.93,-73.75,2074,ssp245,74
39.93,-68.75,2074,ssp245,42
42.465,-123.75,2074,ssp245,108
42.465,-118.75,2074,ssp245,107
42.465,-113.75,2074,ssp245,92
42.465,-108.75,2074,ssp245,92
42.465,-103.75,2074,ssp245,75
42.465,-98.75,2074,ssp245,58
42.465,-93.75,2074,ssp245,59
42.465,-88.75,2074,ssp245,77
42.465,-83.75,2074,ssp245,77
42.465,-78.75,2074,ssp245,75
42.465,-73.75,2074,ssp245,75
42.465,-68.75,2074,ssp245,99
45.0,-123.75,2074,ssp245,91
45.0,-118.75,2074,ssp245,117
45.0,-113.75,2074,ssp245,79
45.0,-108.75,2074,ssp245,73
45.0,-103.75,2074,ssp245,69
45.0,-98.75,2074,ssp245,56
45.0,-93.75,2074,ssp245,44
45.0,-88.75,2074,ssp245,58
45.0,-83.75,2074,ssp245,77
45.0,-78.75,2074,ssp245,64
45.0,-73.75,2074,ssp245,50
45.0,-68.75,2074,ssp245,69
47.535,-123.75,2074,ssp245,94
47.535,-118.75,2074,ssp245,109
47.535,-113.75,2074,ssp245,79
47.535,-108.75,2074,ssp245,77
47.535,-103.75,2074,ssp245,60
47.535,-98.75,2074,ssp245,53
47.535,-93.75,2074,ssp245,45
47.535,-88.75,2074,ssp245,57
47.535,-83.75,2074,ssp245,44
47.535,-78.75,2074,ssp245,40
47.535,-73.75,2074,ssp245,38
47.535,-68.75,2074,ssp245,43
24.718,-123.75,2075,ssp245,0
24.718,-118.75,2075,ssp245,0
24.718,-113.75,2075,ssp245,0
24.718,-108.75,2075,ssp245,0
24.718,-103.75,2075,ssp245,21
24.718,-98.75,2075,ssp245,1
24.718,-93.75,2075,ssp245,0
24.718,-88.75,2075,ssp245,0
24.718,-83.75,2075,ssp245,0
24.718,-78.75,2075,ssp245,0
24.718,-73.75,2075,ssp245,0
24.718,-68.75,2075,ssp245,0
27.254,-123.75,2075,ssp245,0
27.254,-118.75,2075,ssp245,0
27.254,-113.75,2075,ssp245,0
27.254,-108.75,2075,ssp245,10
27.254,-103.75,2075,ssp245,30
27.254,-98.75,2075,ssp245,12
27.254,-93.75,2075,ssp245,0
27.254,-88.75,2075,ssp245,0
27.254,-83.75,2075,ssp245,0
27.254,-78.75,2075,ssp245,0
27.254,-73.75,2075,ssp245,0
27.254,-68.75,2075,ssp245,0
29.789,-123.75,2075,ssp245,0
29.789,-118.75,2075,ssp245,0
29.789,-113.75,2075,ssp245,0
29.789,-108.75,2075,ssp245,68
29.789,-103.75,2075,ssp245,62
29.789,-98.75,2075,ssp245,29
29.789,-93.75,2075,ssp245,12
29.789,-88.75,2075,ssp245,4
29.789,-83.75,2075,ssp245,6
29.789,-78.75,2075,ssp245,0
29.789,-73.75,2075,ssp245,0
29.789,-68.75,2075,ssp245,0
32.324,-123.75,2075,ssp245,0
32.324,-118.75,2075,ssp245,0
32.324,-113.75,2075,ssp245,36
32.324,-108.75,2075,ssp245,119
32.324,-103.75,2075,ssp245,76
32.324,-98.75,2075,ssp245,49
32.324,-93.75,2075,ssp245,42
32.324,-88.75,2075,ssp245,37
32.324,-83.75,2075,ssp245,33
32.324,-78.75,2075,ssp245,4
32.324,-73.75,2075,ssp245,0
32.324,-68.75,2075,ssp245,0
34.859,-123.75,2075,ssp245,0
34.859,-118.75,2075,ssp245,50
34.859,-113.75,2075,ssp245,117
34.859,-108.75,2075,ssp245,119
34.859,-103.75,2075,ssp245,108
34.859,-98.75,2075,ssp245,73
34.859,-93.75,2075,ssp245,53
34.859,-88.75,2075,ssp245,60
34.859,-83.75,2075,ssp245,61
34.859,-78.75,2075,ssp245,50
34.859,-73.75,2075,ssp245,0
34.859,-68.75,2075,ssp245,0
37.394,-123.75,2075,ssp245,2
37.394,-118.75,2075,ssp245,144
37.394,-113.75,2075,ssp245,95
37.394,-108.75,2075,ssp245,100
37.394,-103.75,2075,ssp245,104
37.394,-98.75,2075,ssp245,92
37.394,-93.75,2075,ssp245,67
37.394,-88.75,2075,ssp245,61
37.394,-83.75,2075,ssp245,55
37.394,-78.75,2075,ssp245,52
37.394,-73.75,2075,ssp245,25
37.394,-68.75,2075,ssp245,0
39.93,-123.75,2075,ssp245,59
39.93,-118.75,2075,ssp245,96
39.93,-113.75,2075,ssp245,91
39.93,-108.75,2075,ssp245,73
39.93,-103.75,2075,ssp245,87
39.93,-98.75,2075,ssp245,83
39.93,-93.75,2075,ssp245,74
39.93,-88.75,2075,ssp245,71
39.93,-83.75,2075,ssp245,66
39.93,-78.75,2075,ssp245,65
39.93,-73.75,2075,ssp245,75
39.93,-68.75,2075,ssp245,42
42.465,-123.75,2075,ssp245,135
42.465,-118.75,2075,ssp245,89
42.465,-113.75,2075,ssp245,70
42.465,-108.75,2075,ssp245,52
42.465,-103.75,2075,ssp245,74
42.465,-98.75,2075,ssp245,70
42.465,-93.75,2075,ssp245,66
42.465,-88.75,2075,ssp245,72
42.465,-83.75,2075,ssp245,80
42.465,-78.75,2075,ssp245,88
42.465,-73.75,2075,ssp245,60
42.465,-68.75,2075,ssp245,105
45.0,-123.75,2075,ssp245,115
45.0,-118.75,2075,ssp245,102
45.0,-113.75,2075,ssp245,53
45.0,-108.75,2075,ssp245,50
45.0,-103.75,2075,ssp245,66
45.0,-98.75,2075,ssp245,54
45.0,-93.75,2075,ssp245,53
45.0,-88.75,2075,ssp245,71
45.0,-83.75,2075,ssp245,79
45.0,-78.75,2075,ssp245,66
45.0,-73.75,2075,ssp245,57
45.0,-68.75,2075,ssp245,59
47.535,-123.75,2075,ssp245,114
47.535,-118.75,2075,ssp245,94
47.535,-113.75,2075,ssp245,64
47.535,-108.75,2075,ssp245,60
47.535,-103.75,2075,ssp245,57
47.535,-98.75,2075,ssp245,54
47.535,-93.75,2075,ssp245,54
47.535,-88.75,2075,ssp245,66
47.535,-83.75,2075,ssp245,66
47.535,-78.75,2075,ssp245,57
47.535,-73.75,2075,ssp245,51
47.535,-68.75,2075,ssp245,52
24.718,-123.75,2076,ssp245,0
24.718,-118.75,2076,ssp245,0
24.718,-113.75,2076,ssp245,0
24.718,-108.75,2076,ssp245,0
24.718,-103.75,2076,ssp245,43
24.718,-98.75,2076,ssp245,2
24.718,-93.75,2076,ssp245,0
24.718,-88.75,2076,ssp245,0
24.718,-83.75,2076,ssp245,0
24.718,-78.75,2076,ssp245,0
24.718,-73.75,2076,ssp245,0
24.718,-68.75,2076,ssp245,0
27.254,-123.75,2076,ssp245,0
27.254,-118.75,2076,ssp245,0
27.254,-113.75,2076,ssp245,0
27.254,-108.75,2076,ssp245,16
27.254,-103.75,2076,ssp245,39
27.254,-98.75,2076,ssp245,8
27.254,-93.75,2076,ssp245,0
27.254,-88.75,2076,ssp245,0
27.254,-83.75,2076,ssp245,0
27.254,-78.75,2076,ssp245,0
27.254,-73.75,2076,ssp245,0
27.254,-68.75,2076,ssp245,0
29.789,-123.75,2076,ssp245,0
29.789,-118.75,2076,ssp245,0
29.789,-113.75,2076,ssp245,5
29.789,-108.75,2076,ssp245,63
29.789,-103.75,2076,ssp245,58
29.789,-98.75,2076,ssp245,30
29.789,-93.75,2076,ssp245,6
29.789,-88.75,2076,ssp245,2
29.789,-83.75,2076,ssp245,4
29.789,-78.75,2076,ssp245,0
29.789,-73.75,2076,ssp245,0
29.789,-68.75,2076,ssp245,0
32.324,-123.75,2076,ssp245,0
32.324,-118.75,2076,ssp245,0
32.324,-113.75,2076,ssp245,42
32.324,-108.75,2076,ssp245,99
32.324,-103.75,2076,ssp245,68
32.324,-98.75,2076,ssp245,53
32.324,-93.75,2076,ssp245,37
32.324,-88.75,2076,ssp245,36
32.324,-83.75,2076,ssp245,26
32.324,-78.75,2076,ssp245,2
32.324,-73.75,2076,ssp245,0
32.324,-68.75,2076,ssp245,0
34.859,-123.75,2076,ssp245,0
34.859,-118.75,2076,ssp245,38
34.859,-113.75,2076,ssp245,92
34.859,-108.75,2076,ssp245,111
34.859,-103.75,2076,ssp245,87
34.859,-98.75,2076,ssp245,81
34.859,-93.75,2076,ssp245,65
34.859,-88.75,2076,ssp245,54
34.859,-83.75,2076,ssp245,59
34.859,-78.75,2076,ssp245,35
34.859,-73.75,2076,ssp245,0
34.859,-68.75,2076,ssp245,0
37.394,-123.75,2076,ssp245,0
37.394,-118.75,2076,ssp245,144
37.394,-113.75,2076,ssp245,107
37.394,-108.75,2076,ssp245,99
37.394,-103.75,2076,ssp245,95
37.394,-98.75,2076,ssp245,82
37.394,-93.75,2076,ssp245,74
37.394,-88.75,2076,ssp245,61
37.394,-83.75,2076,ssp245,64
37.394,-78.75,2076,ssp245,63
37.394,-73.75,2076,ssp245,16
37.394,-68.75,2076,ssp245,0
39.93,-123.75,2076,ssp245,31
39.93,-118.75,2076,ssp245,119
39.93,-113.75,2076,ssp245,110
39.93,-108.75,2076,ssp245,89
39.93,-103.75,2076,ssp245,93
39.93,-98.75,2076,ssp245,61
39.93,-93.75,2076,ssp245,64
39.93,-88.75,2076,ssp245,67
39.93,-83.75,2076,ssp245,71
39.93,-78.75,2076,ssp245,73
39.93,-73.75,2076,ssp245,69
39.93,-68.75,2076,ssp245,20
42.465,-123.75,2076,ssp245,96
42.465,-118.75,2076,ssp245,122
42.465,-113.75,2076,ssp245,108
42.465,-108.75,2076,ssp245,89
42.465,-103.75,2076,ssp245,89
42.465,-98.75,2076,ssp245,68
42.465,-93.75,2076,ssp245,60
42.465,-88.75,2076,ssp245,79
42.465,-83.75,2076,ssp245,76
42.465,-78.75,2076,ssp245,72
42.465,-73.75,2076,ssp245,70
42.465,-68.75,2076,ssp245,91
45.0,-123.75,2076,ssp245,86
45.0,-118.75,2076,ssp245,122
45.0,-113.75,2076,ssp245,96
45.0,-108.75,2076,ssp245,90
45.0,-103.75,2076,ssp245,80
45.0,-98.75,2076,ssp245,59
45.0,-93.75,2076,ssp245,45
45.0,-88.75,2076,ssp245,72
45.0,-83.75,2076,ssp245,82
45.0,-78.75,2076,ssp245,78
45.0,-73.75,2076,ssp245,60
45.0,-68.75,2076,ssp245,68
47.535,-123.75,2076,ssp245,84
47.535,-118.75,2076,ssp245,108
47.535,-113.75,2076,ssp245,89
47.535,-108.75,2076,ssp245,79
47.535,-103.75,2076,ssp245,67
47.535,-98.75,2076,ssp245,58
47.535,-93.75,2076,ssp245,53
47.535,-88.75,2076,ssp245,70
47.535,-83.75,2076,ssp245,67
47.535,-78.75,2076,ssp245,55
47.535,-73.75,2076,ssp245,60
47.535,-68.75,2076,ssp245,57
24.718,-123.75,2077,ssp245,0
24.718,-118.75,2077,ssp245,0
24.718,-113.75,2077,ssp245,0
24.718,-108.75,2077,ssp245,0
24.718,-103.75,2077,ssp245,51
24.718,-98.75,2077,ssp245,5
24.718,-93.75,2077,ssp245,0
24.718,-88.75,2077,ssp245,0
24.718,-83.75,2077,ssp245,0
24.718,-78.75,2077,ssp245,0
24.718,-73.75,2077,ssp245,0
24.718,-68.75,2077,ssp245,0
27.254,-123.75,2077,ssp245,0
27.254,-118.75,2077,ssp245,0
27.254,-113.75,2077,ssp245,0
27.254,-108.75,2077,ssp245,21
27.254,-103.75,2077,ssp245,53
27.254,-98.75,2077,ssp245,16
27.254,-93.75,2077,ssp245,0
27.254,-88.75,2077,ssp245,0
27.254,-83.75,2077,ssp245,0
27.254,-78.75,2077,ssp245,0
27.254,-73.75,2077,ssp245,0
27.254,-68.75,2077,ssp245,0
29.789,-123.75,2077,ssp245,0
29.789,-118.75,2077,ssp245,0
29.789,-113.75,2077,ssp245,3
29.789,-108.75,2077,ssp245,102
29.789,-103.75,2077,ssp245,65
29.789,-98.75,2077,ssp245,43
29.789,-93.75,2077,ssp245,19
29.789,-88.75,2077,ssp245,8
29.789,-83.75,2077,ssp245,15
29.789,-78.75,2077,ssp245,0
29.789,-73.75,2077,ssp245,0
29.789,-68.75,2077,ssp245,0
32.324,-123.75,2077,ssp245,0
32.324,-118.75,2077,ssp245,0
32.324,-113.75,2077,ssp245,45
32.324,-108.75,2077,ssp245,105
32.324,-103.75,2077,ssp245,93
32.324,-98.75,2077,ssp245,71
32.324,-93.75,2077,ssp245,62
32.324,-88.75,2077,ssp245,54
32.324,-83.75,2077,ssp245,58
32.324,-78.75,2077,ssp245,6
32.324,-73.75,2077,ssp245,0
32.324,-68.75,2077,ssp245,0
34.859,-123.75,2077,ssp245,0
34.859,-118.75,2077,ssp245,46
34.859,-113.75,2077,ssp245,109
34.859,-108.75,2077,ssp245,75
34.859,-103.75,2077,ssp245,85
34.859,-98.75,2077,ssp245,77
34.859,-93.75,2077,ssp245,71
34.859,-88.75,2077,ssp245,72
34.859,-83.75,2077,ssp245,72
34.859,-78.75,2077,ssp245,59
34.859,-73.75,2077,ssp245,4
34.859,-68.75,2077,ssp245,0
37.394,-123.75,2077,ssp245,0
37.394,-118.75,2077,ssp245,138
37.394,-113.75,2077,ssp245,81
37.394,-108.75,2077,ssp245,70
37.394,-103.75,2077,ssp245,71
37.394,-98.75,2077,ssp245,76
37.394,-93.75,2077,ssp245,63
37.394,-88.75,2077,ssp245,71
37.394,-83.75,2077,ssp245,70
37.394,-78.75,2077,ssp245,71
37.394,-73.75,2077,ssp245,26
37.394,-68.75,2077,ssp245,4
39.93,-123.75,2077,ssp245,24
39.93,-118.75,2077,ssp245,111
39.93,-113.75,2077,ssp245,81
39.93,-108.75,2077,ssp245,69
39.93,-103.75,2077,ssp245,63
39.93,-98.75,2077,ssp245,73
39.93,-93.75,2077,ssp245,60
39.93,-88.75,2077,ssp245,78
39.93,-83.75,2077,ssp245,66
39.93,-78.75,2077,ssp245,62
39.93,-73.75,2077,ssp245,92
39.93,-68.75,2077,ssp245,51
42.465,-123.75,2077,ssp245,94
42.465,-118.75,2077,ssp245,111
42.465,-113.75,2077,ssp245,88
42.465,-108.75,2077,ssp245,55
42.465,-103.75,2077,ssp245,68
42.465,-98.75,2077,ssp245,60
42.465,-93.75,2077,ssp245,54
42.465,-88.75,2077,ssp245,70
42.465,-83.75,2077,ssp245,72
42.465,-78.75,2077,ssp245,66
42.465,-73.75,2077,ssp245,56
42.465,-68.75,2077,ssp245,110
45.0,-123.75,2077,ssp245,66
45.0,-118.75,2077,ssp245,131
45.0,-113.75,2077,ssp245,61
45.0,-108.75,2077,ssp245,56
45.0,-103.75,2077,ssp245,70
45.0,-98.75,2077,ssp245,62
45.0,-93.75,2077,ssp245,52
45.0,-88.75,2077,ssp245,55
45.0,-83.75,2077,ssp245,66
45.0,-78.75,2077,ssp245,57
45.0,-73.75,2077,ssp245,64
45.0,-68.75,2077,ssp245,64
47.535,-123.75,2077,ssp245,88
47.535,-118.75,2077,ssp245,112
47.535,-113.75,2077,ssp245,82
47.535,-108.75,2077,ssp245,73
47.535,-103.75,2077,ssp245,65
47.535,-98.75,2077,ssp245,63
47.535,-93.75,2077,ssp245,55
47.535,-88.75,2077,ssp245,58
47.535,-83.75,2077,ssp245,55
47.535,-78.75,2077,ssp245,56
47.535,-73.75,2077,ssp245,51
47.535,-68.75,2077,ssp245,62
24.718,-123.75,2078,ssp245,0
24.718,-118.75,2078,ssp245,0
24.718,-113.75,2078,ssp245,0
24.718,-108.75,2078,ssp245,0
24.718,-103.75,2078,ssp245,65
24.718,-98.75,2078,ssp245,0
24.718,-93.75,2078,ssp245,0
24.718,-88.75,2078,ssp245,0
24.718,-83.75,2078,ssp245,0
24.718,-78.75,2078,ssp245,0
24.718,-73.75,2078,ssp245,0
24.718,-68.75,2078,ssp245,0
27.254,-123.75,2078,ssp245,0
27.254,-118.75,2078,ssp245,0
27.254,-113.75,2078,ssp245,0
27.254,-108.75,2078,ssp245,32
27.254,-103.75,2078,ssp245,54
27.254,-98.75,2078,ssp245,11
27.254,-93.75,2078,ssp245,0
27.254,-88.75,2078,ssp245,0
27.254,-83.75,2078,ssp245,0
27.254,-78.75,2078,ssp245,0
27.254,-73.75,2078,ssp245,0
27.254,-68.75,2078,ssp245,0
29.789,-123.75,2078,ssp245,0
29.789,-118.75,2078,ssp245,0
29.789,-113.75,2078,ssp245,10
29.789,-108.75,2078,ssp245,84
29.789,-103.75,2078,ssp245,65
29.789,-98.75,2078,ssp245,36
29.789,-93.75,2078,ssp245,15
29.789,-88.75,2078,ssp245,7
29.789,-83.75,2078,ssp245,6
29.789,-78.75,2078,ssp245,0
29.789,-73.75,2078,ssp245,0
29.789,-68.75,2078,ssp245,0
32.324,-123.75,2078,ssp245,0
32.324,-118.75,2078,ssp245,0
32.324,-113.75,2078,ssp245,43
32.324,-108.75,2078,ssp245,93
32.324,-103.75,2078,ssp245,86
32.324,-98.75,2078,ssp245,63
32.324,-93.75,2078,ssp245,52
32.324,-88.75,2078,ssp245,49
32.324,-83.75,2078,ssp245,43
32.324,-78.75,2078,ssp245,2
32.324,-73.75,2078,ssp245,0
32.324,-68.75,2078,ssp245,0
34.859,-123.75,2078,ssp245,0
34.859,-118.75,2078,ssp245,51
34.859,-113.75,2078,ssp245,86
34.859,-108.75,2078,ssp245,98
34.859,-103.75,2078,ssp245,85
34.859,-98.75,2078,ssp245,67
34.859,-93.75,2078,ssp245,69
34.859,-88.75,2078,ssp245,71
34.859,-83.75,2078,ssp245,73
34.859,-78.75,2078,ssp245,56
34.859,-73.75,2078,ssp245,2
34.859,-68.75,2078,ssp245,0
37.394,-123.75,2078,ssp245,3
37.394,-118.75,2078,ssp245,117
37.394,-113.75,2078,ssp245,97
37.394,-108.75,2078,ssp245,98
37.394,-103.75,2078,ssp245,82
37.394,-98.75,2078,ssp245,64
37.394,-93.75,2078,ssp245,70
37.394,-88.75,2078,ssp245,74
37.394,-83.75,2078,ssp245,85
37.394,-78.75,2078,ssp245,88
37.394,-73.75,2078,ssp245,23
37.394,-68.75,2078,ssp245,2
39.93,-123.75,2078,ssp245,36
39.93,-118.75,2078,ssp245,113
39.93,-113.75,2078,ssp245,86
39.93,-108.75,2078,ssp245,75
39.93,-103.75,2078,ssp245,74
39.93,-98.75,2078,ssp245,68
39.93,-93.75,2078,ssp245,67
39.93,-88.75,2078,ssp245,77
39.93,-83.75,2078,ssp245,79
39.93,-78.75,2078,ssp245,81
39.93,-73.75,2078,ssp245,88
39.93,-68.75,2078,ssp245,43
42.465,-123.75,2078,ssp245,97
42.465,-118.75,2078,ssp245,115
42.465,-113.75,2078,ssp245,91
42.465,-108.75,2078,ssp245,77
42.465,-103.75,2078,ssp245,68
42.465,-98.75,2078,ssp245,71
42.465,-93.75,2078,ssp245,57
42.465,-88.75,2078,ssp245,72
42.465,-83.75,2078,ssp245,74
42.465,-78.75,2078,ssp245,72
42.465,-73.75,2078,ssp245,55
42.465,-68.75,2078,ssp245,94
45.0,-123.75,2078,ssp245,67
45.0,-118.75,2078,ssp245,112
45.0,-113.75,2078,ssp245,92
45.0,-108.75,2078,ssp245,78
45.0,-103.75,2078,ssp245,66
45.0,-98.75,2078,ssp245,65
45.0,-93.75,2078,ssp245,51
45.0,-88.75,2078,ssp245,63
45.0,-83.75,2078,ssp245,67
45.0,-78.75,2078,ssp245,58
45.0,-73.75,2078,ssp245,56
45.0,-68.75,2078,ssp245,66
47.535,-123.75,2078,ssp245,72
47.535,-118.75,2078,ssp245,93
47.535,-113.75,2078,ssp245,76
47.535,-108.75,2078,ssp245,79
47.535,-103.75,2078,ssp245,62
47.535,-98.75,2078,ssp245,51
47.535,-93.75,2078,ssp245,50
47.535,-88.75,2078,ssp245,67
47.535,-83.75,2078,ssp245,55
47.535,-78.75,2078,ssp245,52
47.535,-73.75,2078,ssp245,51
47.535,-68.75,2078,ssp245,54
24.718,-123.75,2079,ssp245,0
24.718,-118.75,2079,ssp245,0
24.718,-113.75,2079,ssp245,0
24.718,-108.75,2079,ssp245,0
24.718,-103.75,2079,ssp245,37
24.718,-98.75,2079,ssp245,5
24.718,-93.75,2079,ssp245,0
24.718,-88.75,2079,ssp245,0
24.718,-83.75,2079,ssp245,0
24.718,-78.75,2079,ssp245,0
24.718,-73.75,2079,ssp245,0
24.718,-68.75,2079,ssp245,0
27.254,-123.75,2079,ssp245,0
27.254,-118.75,2079,ssp245,0
27.254,-113.75,2079,ssp245,0
27.254,-108.75,2079,ssp245,24
27.254,-103.75,2079,ssp245,38
27.254,-98.75,2079,ssp245,16
27.254,-93.75,2079,ssp245,0
27.254,-88.75,2079,ssp245,0
27.254,-83.75,2079,ssp245,0
27.254,-78.75,2079,ssp245,0
27.254,-73.75,2079,ssp245,0
27.254,-68.75,2079,ssp245,0
29.789,-123.75,2079,ssp245,0
29.789,-118.75,2079,ssp245,0
29.789,-113.75,2079,ssp245,7
29.789,-108.75,2079,ssp245,79
29.789,-103.75,2079,ssp245,48
29.789,-98.75,2079,ssp245,30
29.789,-93.75,2079,ssp245,11
29.789,-88.75,2079,ssp245,3
29.789,-83.75,2079,ssp245,4
29.789,-78.75,2079,ssp245,0
29.789,-73.75,2079,ssp245,0
29.789,-68.75,2079,ssp245,0
32.324,-123.75,2079,ssp245,0
32.324,-118.75,2079,ssp245,0
32.324,-113.75,2079,ssp245,46
32.324,-108.75,2079,ssp245,98
32.324,-103.75,2079,ssp245,74
32.324,-98.75,2079,ssp245,51
32.324,-93.75,2079,ssp245,41
32.324,-88.75,2079,ssp245,44
32.324,-83.75,2079,ssp245,34
32.324,-78.75,2079,ssp245,1
32.324,-73.75,2079,ssp245,0
32.324,-68.75,2079,ssp245,0
34.859,-123.75,2079,ssp245,0
34.859,-118.75,2079,ssp245,49
34.859,-113.75,2079,ssp245,101
34.859,-108.75,2079,ssp245,90
34.859,-103.75,2079,ssp245,104
34.859,-98.75,2079,ssp245,67
34.859,-93.75,2079,ssp245,69
34.859,-88.75,2079,ssp245,67
34.859,-83.75,2079,ssp245,65
34.859,-78.75,2079,ssp245,46
34.859,-73.75,2079,ssp245,0
34.859,-68.75,2079,ssp245,0
37.394,-123.75,2079,ssp245,0
37.394,-118.75,2079,ssp245,117
37.394,-113.75,2079,ssp245,96
37.394,-108.75,2079,ssp245,79
37.394,-103.75,2079,ssp245,87
37.394,-98.75,2079,ssp245,74
37.394,-93.75,2079,ssp245,78
37.394,-88.75,2079,ssp245,74
37.394,-83.75,2079,ssp245,65
37.394,-78.75,2079,ssp245,78
37.394,-73.75,2079,ssp245,11
37.394,-68.75,2079,ssp245,1
39.93,-123.75,2079,ssp245,35
39.93,-118.75,2079,ssp245,97
39.93,-113.75,2079,ssp245,85
39.93,-108.75,2079,ssp245,75
39.93,-103.75,2079,ssp245,86
39.93,-98.75,2079,ssp245,76
39.93,-93.75,2079,ssp245,77
39.93,-88.75,2079,ssp245,98
39.93,-83.75,2079,ssp245,93
39.93,-78.75,2079,ssp245,77
39.93,-73.75,2079,ssp245,81
39.93,-68.75,2079,ssp245,24
42.465,-123.75,2079,ssp245,118
42.465,-118.75,2079,ssp245,110
42.465,-113.75,2079,ssp245,92
42.465,-108.75,2079,ssp245,78
42.465,-103.75,2079,ssp245,81
42.465,-98.75,2079,ssp245,62
42.465,-93.75,2079,ssp245,64
42.465,-88.75,2079,ssp245,93
42.465,-83.75,2079,ssp245,97
42.465,-78.75,2079,ssp245,87
42.465,-73.75,2079,ssp245,67
42.465,-68.75,2079,ssp245,101
45.0,-123.75,2079,ssp245,90
45.0,-118.75,2079,ssp245,121
45.0,-113.75,2079,ssp245,76
45.0,-108.75,2079,ssp245,71
45.0,-103.75,2079,ssp245,70
45.0,-98.75,2079,ssp245,55
45.0,-93.75,2079,ssp245,55
45.0,-88.75,2079,ssp245,80
45.0,-83.75,2079,ssp245,107
45.0,-78.75,2079,ssp245,76
45.0,-73.75,2079,ssp245,54
45.0,-68.75,2079,ssp245,57
47.535,-123.75,2079,ssp245,101
47.535,-118.75,2079,ssp245,98
47.535,-113.75,2079,ssp245,78
47.535,-108.75,2079,ssp245,73
47.535,-103.75,2079,ssp245,53
47.535,-98.75,2079,ssp245,51
47.535,-93.75,2079,ssp245,51
47.535,-88.75,2079,ssp245,87
47.535,-83.75,2079,ssp245,67
47.535,-78.75,2079,ssp245,45
47.535,-73.75,2079,ssp245,39
47.535,-68.75,2079,ssp245,39
24.718,-123.75,2080,ssp245,0
24.718,-118.75,2080,ssp245,0
24.718,-113.75,2080,ssp245,0
24.718,-108.75,2080,ssp245,0
24.718,-103.75,2080,ssp245,50
24.718,-98.75,2080,ssp245,7
24.718,-93.75,2080,ssp245,0
24.718,-88.75,2080,ssp245,0
24.718,-83.75,2080,ssp245,0
24.718,-78.75,2080,ssp245,0
24.718,-73.75,2080,ssp245,0
24.718,-68.75,2080,ssp245,0
27.254,-123.75,2080,ssp245,0
27.254,-118.75,2080,ssp245,0
27.254,-113.75,2080,ssp245,0
27.254,-108.75,2080,ssp245,22
27.254,-103.75,2080,ssp245,49
27.254,-98.75,2080,ssp245,11
27.254,-93.75,2080,ssp245,0
27.254,-88.75,2080,ssp245,0
27.254,-83.75,2080,ssp245,0
27.254,-78.75,2080,ssp245,0
27.254,-73.75,2080,ssp245,0
27.254,-68.75,2080,ssp245,0
29.789,-123.75,2080,ssp245,0
29.789,-118.75,2080,ssp245,0
29.789,-113.75,2080,ssp245,9
29.789,-108.75,2080,ssp245,75
29.789,-103.75,2080,ssp245,60
29.789,-98.75,2080,ssp245,34
29.789,-93.75,2080,ssp245,17
29.789,-88.75,2080,ssp245,8
29.789,-83.75,2080,ssp245,17
29.789,-78.75,2080,ssp245,0
29.789,-73.75,2080,ssp245,0
29.789,-68.75,2080,ssp245,0
32.324,-123.75,2080,ssp245,0
32.324,-118.75,2080,ssp245,0
32.324,-113.75,2080,ssp245,50
32.324,-108.75,2080,ssp245,99
32.324,-103.75,2080,ssp245,82
32.324,-98.75,2080,ssp245,67
32.324,-93.75,2080,ssp245,45
32.324,-88.75,2080,ssp245,47
32.324,-83.75,2080,ssp245,39
32.324,-78.75,2080,ssp245,4
32.324,-73.75,2080,ssp245,0
32.324,-68.75,2080,ssp245,0
34.859,-123.75,2080,ssp245,0
34.859,-118.75,2080,ssp245,51
34.859,-113.75,2080,ssp245,89
34.859,-108.75,2080,ssp245,85
34.859,-103.75,2080,ssp245,94
34.859,-98.75,2080,ssp245,75
34.859,-93.75,2080,ssp245,70
34.859,-88.75,2080,ssp245,72
34.859,-83.75,2080,ssp245,78
34.859,-78.75,2080,ssp245,44
34.859,-73.75,2080,ssp245,3
34.859,-68.75,2080,ssp245,0
37.394,-123.75,2080,ssp245,14
37.394,-118.75,2080,ssp245,110
37.394,-113.75,2080,ssp245,89
37.394,-108.75,2080,ssp245,81
37.394,-103.75,2080,ssp245,92
37.394,-98.75,2080,ssp245,82
37.394,-93.75,2080,ssp245,78
37.394,-88.75,2080,ssp245,72
37.394,-83.75,2080,ssp245,80
37.394,-78.75,2080,ssp245,79
37.394,-73.75,2080,ssp245,23
37.394,-68.75,2080,ssp245,1
39.93,-123.75,2080,ssp245,68
39.93,-118.75,2080,ssp245,92
39.93,-113.75,2080,ssp245,77
39.93,-108.75,2080,ssp245,61
39.93,-103.75,2080,ssp245,93
39.93,-98.75,2080,ssp245,77
39.93,-93.75,2080,ssp245,61
39.93,-88.75,2080,ssp245,54
39.93,-83.75,2080,ssp245,72
39.93,-78.75,2080,ssp245,70
39.93,-73.75,2080,ssp245,79
39.93,-68.75,2080,ssp245,50
42.465,-123.75,2080,ssp245,101
42.465,-118.75,2080,ssp245,87
42.465,-113.75,2080,ssp245,75
42.465,-108.75,2080,ssp245,57
42.465,-103.75,2080,ssp245,79
42.465,-98.75,2080,ssp245,68
42.465,-93.75,2080,ssp245,55
42.465,-88.75,2080,ssp245,63
42.465,-83.75,2080,ssp245,60
42.465,-78.75,2080,ssp245,66
42.465,-73.75,2080,ssp245,52
42.465,-68.75,2080,ssp245,89
45.0,-123.75,2080,ssp245,101
45.0,-118.75,2080,ssp245,97
45.0,-113.75,2080,ssp245,69
45.0,-108.75,2080,ssp245,73
45.0,-103.75,2080,ssp245,67
45.0,-98.75,2080,ssp245,59
45.0,-93.75,2080,ssp245,58
45.0,-88.75,2080,ssp245,75
45.0,-83.75,2080,ssp245,79
45.0,-78.75,2080,ssp245,64
45.0,-73.75,2080,ssp245,59
45.0,-68.75,2080,ssp245,56
47.535,-123.75,2080,ssp245,104
47.535,-118.75,2080,ssp245,86
47.535,-113.75,2080,ssp245,74
47.535,-108.75,2080,ssp245,76
47.535,-103.75,2080,ssp245,76
47.535,-98.75,2080,ssp245,62
47.535,-93.75,2080,ssp245,63
47.535,-88.75,2080,ssp245,78
47.535,-83.75,2080,ssp245,71
47.535,-78.75,2080,ssp245,74
47.535,-73.75,2080,ssp245,64
47.535,-68.75,2080,ssp245,66
24.718,-123.75,2081,ssp245,0
24.718,-118.75,2081,ssp245,0
24.718,-113.75,2081,ssp245,0
24.718,-108.75,2081,ssp245,0
24.718,-103.75,2081,ssp245,38
24.718,-98.75,2081,ssp245,1
24.718,-93.75,2081,ssp245,0
24.718,-88.75,2081,ssp245,0
24.718,-83.75,2081,ssp245,0
24.718,-78.75,2081,ssp245,0
24.718,-73.75,2081,ssp245,0
24.718,-68.75,2081,ssp245,0
27.254,-123.75,2081,ssp245,0
27.254,-118.75,2081,ssp245,0
27.254,-113.75,2081,ssp245,0
27.254,-108.75,2081,ssp245,28
27.254,-103.75,2081,ssp245,38
27.254,-98.75,2081,ssp245,13
27.254,-93.75,2081,ssp245,0
27.254,-88.75,2081,ssp245,0
27.254,-83.75,2081,ssp245,0
27.254,-78.75,2081,ssp245,0
27.254,-73.75,2081,ssp245,0
27.254,-68.75,2081,ssp245,0
29.789,-123.75,2081,ssp245,0
29.789,-118.75,2081,ssp245,0
29.789,-113.75,2081,ssp245,5
29.789,-108.75,2081,ssp245,68
29.789,-103.75,2081,ssp245,50
29.789,-98.75,2081,ssp245,32
29.789,-93.75,2081,ssp245,14
29.789,-88.75,2081,ssp245,9
29.789,-83.75,2081,ssp245,6
29.789,-78.75,2081,ssp245,0
29.789,-73.75,2081,ssp245,0
29.789,-68.75,2081,ssp245,0
32.324,-123.75,2081,ssp245,0
32.324,-118.75,2081,ssp245,0
32.324,-113.75,2081,ssp245,32
32.324,-108.75,2081,ssp245,106
32.324,-103.75,2081,ssp245,95
32.324,-98.75,2081,ssp245,63
32.324,-93.75,2081,ssp245,48
32.324,-88.75,2081,ssp245,41
32.324,-83.75,2081,ssp245,37
32.324,-78.75,2081,ssp245,2
32.324,-73.75,2081,ssp245,0
32.324,-68.75,2081,ssp245,0
34.859,-123.75,2081,ssp245,0
34.859,-118.75,2081,ssp245,62
34.859,-113.75,2081,ssp245,107
34.859,-108.75,2081,ssp245,102
34.859,-103.75,2081,ssp245,101
34.859,-98.75,2081,ssp245,84
34.859,-93.75,2081,ssp245,85
34.859,-88.75,2081,ssp245,86
34.859,-83.75,2081,ssp245,75
34.859,-78.75,2081,ssp245,52
34.859,-73.75,2081,ssp245,0
34.859,-68.75,2081,ssp245,0
37.394,-123.75,2081,ssp245,6
37.394,-118.75,2081,ssp245,108
37.394,-113.75,2081,ssp245,80
37.394,-108.75,2081,ssp245,72
37.394,-103.75,2081,ssp245,87
37.394,-98.75,2081,ssp245,84
37.394,-93.75,2081,ssp245,74
37.394,-88.75,2081,ssp245,84
37.394,-83.75,2081,ssp245,81
37.394,-78.75,2081,ssp245,79
37.394,-73.75,2081,ssp245,15
37.394,-68.75,2081,ssp245,0
39.93,-123.75,2081,ssp245,71
39.93,-118.75,2081,ssp245,88
39.93,-113.75,2081,ssp245,74
39.93,-108.75,2081,ssp245,59
39.93,-103.75,2081,ssp245,80
39.93,-98.75,2081,ssp245,75
39.93,-93.75,2081,ssp245,72
39.93,-88.75,2081,ssp245,72
39.93,-83.75,2081,ssp245,90
39.93,-78.75,2081,ssp245,84
39.93,-73.75,2081,ssp245,87
39.93,-68.75,2081,ssp245,36
42.465,-123.75,2081,ssp245,116
42.465,-118.75,2081,ssp245,97
42.465,-113.75,2081,ssp245,76
42.465,-108.75,2081,ssp245,63
42.465,-103.75,2081,ssp245,87
42.465,-98.75,2081,ssp245,76
42.465,-93.75,2081,ssp245,65
42.465,-88.75,2081,ssp245,81
42.465,-83.75,2081,ssp245,88
42.465,-78.75,2081,ssp245,90
42.465,-73.75,2081,ssp245,74
42.465,-68.75,2081,ssp245,100
45.0,-123.75,2081,ssp245,103
45.0,-118.75,2081,ssp245,96
45.0,-113.75,2081,ssp245,60
45.0,-108.75,2081,ssp245,63
45.0,-103.75,2081,ssp245,74
45.0,-98.75,2081,ssp245,63
45.0,-93.75,2081,ssp245,52
45.0,-88.75,2081,ssp245,68
45.0,-83.75,2081,ssp245,83
45.0,-78.75,2081,ssp245,68
45.0,-73.75,2081,ssp245,52
45.0,-68.75,2081,ssp245,69
47.535,-123.75,2081,ssp245,90
47.535,-118.75,2081,ssp245,98
47.535,-113.75,2081,ssp245,70
47.535,-108.75,2081,ssp245,66
47.535,-103.75,2081,ssp245,52
47.535,-98.75,2081,ssp245,50
47.535,-93.75,2081,ssp245,51
47.535,-88.75,2081,ssp245,61
47.535,-83.75,2081,ssp245,52
47.535,-78.75,2081,ssp245,49
47.535,-73.75,2081,ssp245,49
47.535,-68.75,2081,ssp245,46
24.718,-123.75,2082,ssp245,0
24.718,-118.75,2082,ssp245,0
24.718,-113.75,2082,ssp245,0
24.718,-108.75,2082,ssp245,0
24.718,-103.75,2082,ssp245,48
24.718,-98.75,2082,ssp245,3
24.718,-93.75,2082,ssp245,0
24.718,-88.75,2082,ssp245,0
24.718,-83.75,2082,ssp245,0
24.718,-78.75,2082,ssp245,0
24.718,-73.75,2082,ssp245,0
24.718,-68.75,2082,ssp245,0
27.254,-123.75,2082,ssp245,0
27.254,-118.75,2082,ssp245,0
27.254,-113.75,2082,ssp245,0
27.254,-108.75,2082,ssp245,24
27.254,-103.75,2082,ssp245,45
27.254,-98.75,2082,ssp245,12
27.254,-93.75,2082,ssp245,0
27.254,-88.75,2082,ssp245,0
27.254,-83.75,2082,ssp245,0
27.254,-78.75,2082,ssp245,0
27.254,-73.75,2082,ssp245,0
27.254,-68.75,2082,ssp245,0
29.789,-123.75,2082,ssp245,0
29.789,-118.75,2082,ssp245,0
29.789,-113.75,2082,ssp245,3
29.789,-108.75,2082,ssp245,77
29.789,-103.75,2082,ssp245,68
29.789,-98.75,2082,ssp245,30
29.789,-93.75,2082,ssp245,15
29.789,-88.75,2082,ssp245,7
29.789,-83.75,2082,ssp245,9
29.789,-78.75,2082,ssp245,0
29.789,-73.75,2082,ssp245,0
29.789,-68.75,2082,ssp245,0
32.324,-123.75,2082,ssp245,0
32.324,-118.75,2082,ssp245,0
32.324,-113.75,2082,ssp245,37
32.324,-108.75,2082,ssp245,106
32.324,-103.75,2082,ssp245,90
32.324,-98.75,2082,ssp245,64
32.324,-93.75,2082,ssp245,46
32.324,-88.75,2082,ssp245,40
32.324,-83.75,2082,ssp245,32
32.324,-78.75,2082,ssp245,3
32.324,-73.75,2082,ssp245,0
32.324,-68.75,2082,ssp245,0
34.859,-123.75,2082,ssp245,0
34.859,-118.75,2082,ssp245,40
34.859,-113.75,2082,ssp245,88
34.859,-108.75,2082,ssp245,104
34.859,-103.75,2082,ssp245,99
34.859,-98.75,2082,ssp245,79
34.859,-93.75,2082,ssp245,69
34.859,-88.75,2082,ssp245,54
34.859,-83.75,2082,ssp245,57
34.859,-78.75,2082,ssp245,46
34.859,-73.75,2082,ssp245,3
34.859,-68.75,2082,ssp245,0
37.394,-123.75,2082,ssp245,0
37.394,-118.75,2082,ssp245,126
37.394,-113.75,2082,ssp245,115
37.394,-108.75,2082,ssp245,82
37.394,-103.75,2082,ssp245,98
37.394,-98.75,2082,ssp245,76
37.394,-93.75,2082,ssp245,70
37.394,-88.75,2082,ssp245,75
37.394,-83.75,2082,ssp245,72
37.394,-78.75,2082,ssp245,72
37.394,-73.75,2082,ssp245,13
37.394,-68.75,2082,ssp245,4
39.93,-123.75,2082,ssp245,29
39.93,-118.75,2082,ssp245,121
39.93,-113.75,2082,ssp245,102
39.93,-108.75,2082,ssp245,73
39.93,-103.75,2082,ssp245,93
39.93,-98.75,2082,ssp245,79
39.93,-93.75,2082,ssp245,80
39.93,-88.75,2082,ssp245,71
39.93,-83.75,2082,ssp245,70
39.93,-78.75,2082,ssp245,68
39.93,-73.75,2082,ssp245,83
39.93,-68.75,2082,ssp245,33
42.465,-123.75,2082,ssp245,115
42.465,-118.75,2082,ssp245,119
42.465,-113.75,2082,ssp245,100
42.465,-108.75,2082,ssp245,79
42.465,-103.75,2082,ssp245,82
42.465,-98.75,2082,ssp245,62
42.465,-93.75,2082,ssp245,70
42.465,-88.75,2082,ssp245,75
42.465,-83.75,2082,ssp245,82
42.465,-78.75,2082,ssp245,90
42.465,-73.75,2082,ssp245,71
42.465,-68.75,2082,ssp245,105
45.0,-123.75,2082,ssp245,77
45.0,-118.75,2082,ssp245,117
45.0,-113.75,2082,ssp245,89
45.0,-108.75,2082,ssp245,85
45.0,-103.75,2082,ssp245,78
45.0,-98.75,2082,ssp245,59
45.0,-93.75,2082,ssp245,69
45.0,-88.75,2082,ssp245,78
45.0,-83.75,2082,ssp245,92
45.0,-78.75,2082,ssp245,84
45.0,-73.75,2082,ssp245,60
45.0,-68.75,2082,ssp245,68
47.535,-123.75,2082,ssp245,86
47.535,-118.75,2082,ssp245,124
47.535,-113.75,2082,ssp245,87
47.535,-108.75,2082,ssp245,66
47.535,-103.75,2082,ssp245,70
47.535,-98.75,2082,ssp245,56
47.535,-93.75,2082,ssp245,65
47.535,-88.75,2082,ssp245,101
47.535,-83.75,2082,ssp245,79
47.535,-78.75,2082,ssp245,64
47.535,-73.75,2082,ssp245,47
47.535,-68.75,2082,ssp245,42
24.718,-123.75,2083,ssp245,0
24.718,-118.75,2083,ssp245,0
24.718,-113.75,2083,ssp245,0
24.718,-108.75,2083,ssp245,0
24.718,-103.75,2083,ssp245,27
24.718,-98.75,2083,ssp245,2
24.718,-93.75,2083,ssp245,0
24.718,-88.75,2083,ssp245,0
24.718,-83.75,2083,ssp245,0
24.718,-78.75,2083,ssp245,0
24.718,-73.75,2083,ssp245,0
24.718,-68.75,2083,ssp245,0
27.254,-123.75,2083,ssp245,0
27.254,-118.75,2083,ssp245,0
27.254,-113.75,2083,ssp245,0
27.254,-108.75,2083,ssp245,15
27.254,-103.75,2083,ssp245,42
27.254,-98.75,2083,ssp245,10
27.254,-93.75,2083,ssp245,0
27.254,-88.75,2083,ssp245,0
27.254,-83.75,2083,ssp245,0
27.254,-78.75,2083,ssp245,0
27.254,-73.75,2083,ssp245,0
27.254,-68.75,2083,ssp245,0
29.789,-123.75,2083,ssp245,0
29.789,-118.75,2083,ssp245,0
29.789,-113.75,2083,ssp245,2
29.789,-108.75,2083,ssp245,48
29.789,-103.75,2083,ssp245,66
29.789,-98.75,2083,ssp245,44
29.789,-93.75,2083,ssp245,7
29.789,-88.75,2083,ssp245,4
29.789,-83.75,2083,ssp245,12
29.789,-78.75,2083,ssp245,0
29.789,-73.75,2083,ssp245,0
29.789,-68.75,2083,ssp245,0
32.324,-123.75,2083,ssp245,0
32.324,-118.75,2083,ssp245,0
32.324,-113.75,2083,ssp245,31
32.324,-108.75,2083,ssp245,112
32.324,-103.75,2083,ssp245,86
32.324,-98.75,2083,ssp245,81
32.324,-93.75,2083,ssp245,51
32.324,-88.75,2083,ssp245,55
32.324,-83.75,2083,ssp245,46
32.324,-78.75,2083,ssp245,2
32.324,-73.75,2083,ssp245,0
32.324,-68.75,2083,ssp245,0
34.859,-123.75,2083,ssp245,0
34.859,-118.75,2083,ssp245,42
34.859,-113.75,2083,ssp245,100
34.859,-108.75,2083,ssp245,98
34.859,-103.75,2083,ssp245,94
34.859,-98.75,2083,ssp245,90
34.859,-93.75,2083,ssp245,85
34.859,-88.75,2083,ssp245,70
34.859,-83.75,2083,ssp245,71
34.859,-78.75,2083,ssp245,59
34.859,-73.75,2083,ssp245,0
34.859,-68.75,2083,ssp245,0
37.394,-123.75,2083,ssp245,4
37.394,-118.75,2083,ssp245,114
37.394,-113.75,2083,ssp245,93
37.394,-108.75,2083,ssp245,80
37.394,-103.75,2083,ssp245,77
37.394,-98.75,2083,ssp245,75
37.394,-93.75,2083,ssp245,82
37.394,-88.75,2083,ssp245,75
37.394,-83.75,2083,ssp245,61
37.394,-78.75,2083,ssp245,66
37.394,-73.75,2083,ssp245,20
37.394,-68.75,2083,ssp245,0
39.93,-123.75,2083,ssp245,49
39.93,-118.75,2083,ssp245,111
39.93,-113.75,2083,ssp245,95
39.93,-108.75,2083,ssp245,75
39.93,-103.75,2083,ssp245,87
39.93,-98.75,2083,ssp245,65
39.93,-93.75,2083,ssp245,76
39.93,-88.75,2083,ssp245,74
39.93,-83.75,2083,ssp245,69
39.93,-78.75,2083,ssp245,69
39.93,-73.75,2083,ssp245,83
39.93,-68.75,2083,ssp245,37
42.465,-123.75,2083,ssp245,110
42.465,-118.75,2083,ssp245,103
42.465,-113.75,2083,ssp245,87
42.465,-108.75,2083,ssp245,68
42.465,-103.75,2083,ssp245,72
42.465,-98.75,2083,ssp245,71
42.465,-93.75,2083,ssp245,58
42.465,-88.75,2083,ssp245,80
42.465,-83.75,2083,ssp245,85
42.465,-78.75,2083,ssp245,78
42.465,-73.75,2083,ssp245,65
42.465,-68.75,2083,ssp245,100
45.0,-123.75,2083,ssp245,85
45.0,-118.75,2083,ssp245,98
45.0,-113.75,2083,ssp245,74
45.0,-108.75,2083,ssp245,64
45.0,-103.75,2083,ssp245,61
45.0,-98.75,2083,ssp245,55
45.0,-93.75,2083,ssp245,58
45.0,-88.75,2083,ssp245,79
45.0,-83.75,2083,ssp245,85
45.0,-78.75,2083,ssp245,79
45.0,-73.75,2083,ssp245,69
45.0,-68.75,2083,ssp245,72
47.535,-123.75,2083,ssp245,111
47.535,-118.75,2083,ssp245,75
47.535,-113.75,2083,ssp245,69
47.535,-108.75,2083,ssp245,56
47.535,-103.75,2083,ssp245,53
47.535,-98.75,2083,ssp245,42
47.535,-93.75,2083,ssp245,54
47.535,-88.75,2083,ssp245,93
47.535,-83.75,2083,ssp245,75
47.535,-78.75,2083,ssp245,68
47.535,-73.75,2083,ssp245,65
47.535,-68.75,2083,ssp245,64
24.718,-123.75,2084,ssp245,0
24.718,-118.75,2084,ssp245,0
24.718,-113.75,2084,ssp245,0
24.718,-108.75,2084,ssp245,0
24.718,-103.75,2084,ssp245,47
24.718,-98.75,2084,ssp245,5
24.718,-93.75,2084,ssp245,0
24.718,-88.75,2084,ssp245,0
24.718,-83.75,2084,ssp245,0
24.718,-78.75,2084,ssp245,0
24.718,-73.75,2084,ssp245,0
24.718,-68.75,2084,ssp245,0
27.254,-123.75,2084,ssp245,0
27.254,-118.75,2084,ssp245,0
27.254,-113.75,2084,ssp245,0
27.254,-108.75,2084,ssp245,32
27.254,-103.75,2084,ssp245,52
27.254,-98.75,2084,ssp245,20
27.254,-93.75,2084,ssp245,0
27.254,-88.75,2084,ssp245,0
27.254,-83.75,2084,ssp245,0
27.254,-78.75,2084,ssp245,0
27.254,-73.75,2084,ssp245,0
27.254,-68.75,2084,ssp245,0
29.789,-123.75,2084,ssp245,0
29.789,-118.75,2084,ssp245,0
29.789,-113.75,2084,ssp245,5
29.789,-108.75,2084,ssp245,79
29.789,-103.75,2084,ssp245,58
29.789,-98.75,2084,ssp245,31
29.789,-93.75,2084,ssp245,16
29.789,-88.75,2084,ssp245,11
29.789,-83.75,2084,ssp245,13
29.789,-78.75,2084,ssp245,0
29.789,-73.75,2084,ssp245,0
29.789,-68.75,2084,ssp245,0
32.324,-123.75,2084,ssp245,0
32.324,-118.75,2084,ssp245,0
32.324,-113.75,2084,ssp245,33
32.324,-108.75,2084,ssp245,105
32.324,-103.75,2084,ssp245,83
32.324,-98.75,2084,ssp245,57
32.324,-93.75,2084,ssp245,53
32.324,-88.75,2084,ssp245,51
32.324,-83.75,2084,ssp245,44
32.324,-78.75,2084,ssp245,5
32.324,-73.75,2084,ssp245,0
32.324,-68.75,2084,ssp245,0
34.859,-123.75,2084,ssp245,0
34.859,-118.75,2084,ssp245,47
34.859,-113.75,2084,ssp245,110
34.859,-108.75,2084,ssp245,93
34.859,-103.75,2084,ssp245,99
34.859,-98.75,2084,ssp245,74
34.859,-93.75,2084,ssp245,58
34.859,-88.75,2084,ssp245,65
34.859,-83.75,2084,ssp245,71
34.859,-78.75,2084,ssp245,55
34.859,-73.75,2084,ssp245,3
34.859,-68.75,2084,ssp245,0
37.394,-123.75,2084,ssp245,0
37.394,-118.75,2084,ssp245,111
37.394,-113.75,2084,ssp245,75
37.394,-108.75,2084,ssp245,79
37.394,-103.75,2084,ssp245,73
37.394,-98.75,2084,ssp245,77
37.394,-93.75,2084,ssp245,70
37.394,-88.75,2084,ssp245,67
37.394,-83.75,2084,ssp245,78
37.394,-78.75,2084,ssp245,76
37.394,-73.75,2084,ssp245,29
37.394,-68.75,2084,ssp245,2
39.93,-123.75,2084,ssp245,30
39.93,-118.75,2084,ssp245,106
39.93,-113.75,2084,ssp245,86
39.93,-108.75,2084,ssp245,79
39.93,-103.75,2084,ssp245,67
39.93,-98.75,2084,ssp245,67
39.93,-93.75,2084,ssp245,69
39.93,-88.75,2084,ssp245,66
39.93,-83.75,2084,ssp245,69
39.93,-78.75,2084,ssp245,69
39.93,-73.75,2084,ssp245,99
39.93,-68.75,2084,ssp245,49
42.465,-123.75,2084,ssp245,99
42.465,-118.75,2084,ssp245,94
42.465,-113.75,2084,ssp245,79
42.465,-108.75,2084,ssp245,68
42.465,-103.75,2084,ssp245,63
42.465,-98.75,2084,ssp245,64
42.465,-93.75,2084,ssp245,53
42.465,-88.75,2084,ssp245,68
42.465,-83.75,2084,ssp245,71
42.465,-78.75,2084,ssp245,86
42.465,-73.75,2084,ssp245,58
42.465,-68.75,2084,ssp245,121
45.0,-123.75,2084,ssp245,74
45.0,-118.75,2084,ssp245,98
45.0,-113.75,2084,ssp245,72
45.0,-108.75,2084,ssp245,68
45.0,-103.75,2084,ssp245,67
45.0,-98.75,2084,ssp245,62
45.0,-93.75,2084,ssp245,59
45.0,-88.75,2084,ssp245,64
45.0,-83.75,2084,ssp245,73
45.0,-78.75,2084,ssp245,68
45.0,-73.75,2084,ssp245,61
45.0,-68.75,2084,ssp245,65
47.535,-123.75,2084,ssp245,84
47.535,-118.75,2084,ssp245,89
47.535,-113.75,2084,ssp245,79
47.535,-108.75,2084,ssp245,66
47.535,-103.75,2084,ssp245,70
47.535,-98.75,2084,ssp245,66
47.535,-93.75,2084,ssp245,65
47.535,-88.75,2084,ssp245,70
47.535,-83.75,2084,ssp245,61
47.535,-78.75,2084,ssp245,55
47.535,-73.75,2084,ssp245,57
47.535,-68.75,2084,ssp245,54
24.718,-123.75,2085,ssp245,0
24.718,-118.75,2085,ssp245,0
24.718,-113.75,2085,ssp245,0
24.718,-108.75,2085,ssp245,0
24.718,-103.75,2085,ssp245,20
24.718,-98.75,2085,ssp245,0
24.718,-93.75,2085,ssp245,0
24.718,-88.75,2085,ssp245,0
24.718,-83.75,2085,ssp245,0
24.718,-78.75,2085,ssp245,0
24.718,-73.75,2085,ssp245,0
24.718,-68.75,2085,ssp245,0
27.254,-123.75,2085,ssp245,0
27.254,-118.75,2085,ssp245,0
27.254,-113.75,2085,ssp245,0
27.254,-108.75,2085,ssp245,14
27.254,-103.75,2085,ssp245,34
27.254,-98.75,2085,ssp245,0
27.254,-93.75,2085,ssp245,0
27.254,-88.75,2085,ssp245,0
27.254,-83.75,2085,ssp245,0
27.254,-78.75,2085,ssp245,0
27.254,-73.75,2085,ssp245,0
27.254,-68.75,2085,ssp245,0
29.789,-123.75,2085,ssp245,0
29.789,-118.75,2085,ssp245,0
29.789,-113.75,2085,ssp245,0
29.789,-108.75,2085,ssp245,72
29.789,-103.75,2085,ssp245,53
29.789,-98.75,2085,ssp245,17
29.789,-93.75,2085,ssp245,2
29.789,-88.75,2085,ssp245,0
29.789,-83.75,2085,ssp245,2
29.789,-78.75,2085,ssp245,0
29.789,-73.75,2085,ssp245,0
29.789,-68.75,2085,ssp245,0
32.324,-123.75,2085,ssp245,0
32.324,-118.75,2085,ssp245,0
32.324,-113.75,2085,ssp245,20
32.324,-108.75,2085,ssp245,101
32.324,-103.75,2085,ssp245,91
32.324,-98.75,2085,ssp245,67
32.324,-93.75,2085,ssp245,40
32.324,-88.75,2085,ssp245,46
32.324,-83.75,2085,ssp245,38
32.324,-78.75,2085,ssp245,1
32.324,-73.75,2085,ssp245,0
32.324,-68.75,2085,ssp245,0
34.859,-123.75,2085,ssp245,0
34.859,-118.75,2085,ssp245,19
34.859,-113.75,2085,ssp245,103
34.859,-108.75,2085,ssp245,102
34.859,-103.75,2085,ssp245,95
34.859,-98.75,2085,ssp245,88
34.859,-93.75,2085,ssp245,79
34.859,-88.75,2085,ssp245,64
34.859,-83.75,2085,ssp245,67
34.859,-78.75,2085,ssp245,58
34.859,-73.75,2085,ssp245,0
34.859,-68.75,2085,ssp245,0
37.394,-123.75,2085,ssp245,0
37.394,-118.75,2085,ssp245,138
37.394,-113.75,2085,ssp245,116
37.394,-108.75,2085,ssp245,99
37.394,-103.75,2085,ssp245,91
37.394,-98.75,2085,ssp245,84
37.394,-93.75,2085,ssp245,97
37.394,-88.75,2085,ssp245,94
37.394,-83.75,2085,ssp245,87
37.394,-78.75,2085,ssp245,82
37.394,-73.75,2085,ssp245,13
37.394,-68.75,2085,ssp245,0
39.93,-123.75,2085,ssp245,14
39.93,-118.75,2085,ssp245,127
39.93,-113.75,2085,ssp245,110
39.93,-108.75,2085,ssp245,97
39.93,-103.75,2085,ssp245,98
39.93,-98.75,2085,ssp245,91
39.93,-93.75,2085,ssp245,98
39.93,-88.75,2085,ssp245,94
39.93,-83.75,2085,ssp245,86
39.93,-78.75,2085,ssp245,84
39.93,-73.75,2085,ssp245,81
39.93,-68.75,2085,ssp245,43
42.465,-123.75,2085,ssp245,92
42.465,-118.75,2085,ssp245,131
42.465,-113.75,2085,ssp245,106
42.465,-108.75,2085,ssp245,91
42.465,-103.75,2085,ssp245,89
42.465,-98.75,2085,ssp245,87
42.465,-93.75,2085,ssp245,82
42.465,-88.75,2085,ssp245,101
42.465,-83.75,2085,ssp245,92
42.465,-78.75,2085,ssp245,92
42.465,-73.75,2085,ssp245,88
42.465,-68.75,2085,ssp245,101
45.0,-123.75,2085,ssp245,51
45.0,-118.75,2085,ssp245,133
45.0,-113.75,2085,ssp245,101
45.0,-108.75,2085,ssp245,93
45.0,-103.75,2085,ssp245,80
45.0,-98.75,2085,ssp245,73
45.0,-93.75,2085,ssp245,70
45.0,-88.75,2085,ssp245,84
45.0,-83.75,2085,ssp245,105
45.0,-78.75,2085,ssp245,95
45.0,-73.75,2085,ssp245,64
45.0,-68.75,2085,ssp245,75
47.535,-123.75,2085,ssp245,80
47.535,-118.75,2085,ssp245,113
47.535,-113.75,2085,ssp245,108
47.535,-108.75,2085,ssp245,92
47.535,-103.75,2085,ssp245,73
47.535,-98.75,2085,ssp245,64
47.535,-93.75,2085,ssp245,65
47.535,-88.75,2085,ssp245,88
47.535,-83.75,2085,ssp245,72
47.535,-78.75,2085,ssp245,55
47.535,-73.75,2085,ssp245,51
47.535,-68.75,2085,ssp245,50
24.718,-123.75,2086,ssp245,0
24.718,-118.75,2086,ssp245,0
24.718,-113.75,2086,ssp245,0
24.718,-108.75,2086,ssp245,0
24.718,-103.75,2086,ssp245,35
24.718,-98.75,2086,ssp245,8
24.718,-93.75,2086,ssp245,0
24.718,-88.75,2086,ssp245,0
24.718,-83.75,2086,ssp245,0
24.718,-78.75,2086,ssp245,0
24.718,-73.75,2086,ssp245,0
24.718,-68.75,2086,ssp245,0
27.254,-123.75,2086,ssp245,0
27.254,-118.75,2086,ssp245,0
27.254,-113.75,2086,ssp245,1
27.254,-108.75,2086,ssp245,23
27.254,-103.75,2086,ssp245,43
27.254,-98.75,2086,ssp245,28
27.254,-93.75,2086,ssp245,0
27.254,-88.75,2086,ssp245,0
27.254,-83.75,2086,ssp245,0
27.254,-78.75,2086,ssp245,0
27.254,-73.75,2086,ssp245,0
27.254,-68.75,2086,ssp245,0
29.789,-123.75,2086,ssp245,0
29.789,-118.75,2086,ssp245,0
29.789,-113.75,2086,ssp245,13
29.789,-108.75,2086,ssp245,71
29.789,-103.75,2086,ssp245,48
29.789,-98.75,2086,ssp245,48
29.789,-93.75,2086,ssp245,17
29.789,-88.75,2086,ssp245,4
29.789,-83.75,2086,ssp245,6
29.789,-78.75,2086,ssp245,0
29.789,-73.75,2086,ssp245,0
29.789,-68.75,2086,ssp245,0
32.324,-123.75,2086,ssp245,0
32.324,-118.75,2086,ssp245,0
32.324,-113.75,2086,ssp245,40
32.324,-108.75,2086,ssp245,85
32.324,-103.75,2086,ssp245,66
32.324,-98.75,2086,ssp245,55
32.324,-93.75,2086,ssp245,54
32.324,-88.75,2086,ssp245,53
32.324,-83.75,2086,ssp245,42
32.324,-78.75,2086,ssp245,1
32.324,-73.75,2086,ssp245,0
32.324,-68.75,2086,ssp245,0
34.859,-123.75,2086,ssp245,0
34.859,-118.75,2086,ssp245,38
34.859,-113.75,2086,ssp245,95
34.859,-108.75,2086,ssp245,89
34.859,-103.75,2086,ssp245,74
34.859,-98.75,2086,ssp245,51
34.859,-93.75,2086,ssp245,61
34.859,-88.75,2086,ssp245,64
34.859,-83.75,2086,ssp245,57
34.859,-78.75,2086,ssp245,45
34.859,-73.75,2086,ssp245,1
34.859,-68.75,2086,ssp245,0
37.394,-123.75,2086,ssp245,2
37.394,-118.75,2086,ssp245,135
37.394,-113.75,2086,ssp245,104
37.394,-108.75,2086,ssp245,71
37.394,-103.75,2086,ssp245,87
37.394,-98.75,2086,ssp245,61
37.394,-93.75,2086,ssp245,62
37.394,-88.75,2086,ssp245,67
37.394,-83.75,2086,ssp245,66
37.394,-78.75,2086,ssp245,78
37.394,-73.75,2086,ssp245,16
37.394,-68.75,2086,ssp245,2
39.93,-123.75,2086,ssp245,33
39.93,-118.75,2086,ssp245,123
39.93,-113.75,2086,ssp245,86
39.93,-108.75,2086,ssp245,66
39.93,-103.75,2086,ssp245,67
39.93,-98.75,2086,ssp245,62
39.93,-93.75,2086,ssp245,57
39.93,-88.75,2086,ssp245,68
39.93,-83.75,2086,ssp245,70
39.93,-78.75,2086,ssp245,69
39.93,-73.75,2086,ssp245,90
39.93,-68.75,2086,ssp245,29
42.465,-123.75,2086,ssp245,101
42.465,-118.75,2086,ssp245,115
42.465,-113.75,2086,ssp245,81
42.465,-108.75,2086,ssp245,62
42.465,-103.75,2086,ssp245,66
42.465,-98.75,2086,ssp245,56
42.465,-93.75,2086,ssp245,57
42.465,-88.75,2086,ssp245,82
42.465,-83.75,2086,ssp245,76
42.465,-78.75,2086,ssp245,77
42.465,-73.75,2086,ssp245,54
42.465,-68.75,2086,ssp245,95
45.0,-123.75,2086,ssp245,76
45.0,-118.75,2086,ssp245,104
45.0,-113.75,2086,ssp245,71
45.0,-108.75,2086,ssp245,64
45.0,-103.75,2086,ssp245,63
45.0,-98.75,2086,ssp245,58
45.0,-93.75,2086,ssp245,47
45.0,-88.75,2086,ssp245,66
45.0,-83.75,2086,ssp245,90
45.0,-78.75,2086,ssp245,72
45.0,-73.75,2086,ssp245,53
45.0,-68.75,2086,ssp245,58
47.535,-123.75,2086,ssp245,74
47.535,-118.75,2086,ssp245,90
47.535,-113.75,2086,ssp245,74
47.535,-108.75,2086,ssp245,75
47.535,-103.75,2086,ssp245,58
47.535,-98.75,2086,ssp245,44
47.535,-93.75,2086,ssp245,50
47.535,-88.75,2086,ssp245,68
47.535,-83.75,2086,ssp245,62
47.535,-78.75,2086,ssp245,54
47.535,-73.75,2086,ssp245,42
47.535,-68.75,2086,ssp245,46
24.718,-123.75,2087,ssp245,0
24.718,-118.75,2087,ssp245,0
24.718,-113.75,2087,ssp245,0
24.718,-108.75,2087,ssp245,0
24.718,-103.75,2087,ssp245,39
24.718,-98.75,2087,ssp245,6
24.718,-93.75,2087,ssp245,0
24.718,-88.75,2087,ssp245,0
24.718,-83.75,2087,ssp245,0
24.718,-78.75,2087,ssp245,0
24.718,-73.75,2087,ssp245,0
24.718,-68.75,2087,ssp245,0
27.254,-123.75,2087,ssp245,0
27.254,-118.75,2087,ssp245,0
27.254,-113.75,2087,ssp245,0
27.254,-108.75,2087,ssp245,14
27.254,-103.75,2087,ssp245,38
27.254,-98.75,2087,ssp245,18
27.254,-93.75,2087,ssp245,0
27.254,-88.75,2087,ssp245,0
27.254,-83.75,2087,ssp245,2
27.254,-78.75,2087,ssp245,0
27.254,-73.75,2087,ssp245,0
27.254,-68.75,2087,ssp245,0
29.789,-123.75,2087,ssp245,0
29.789,-118.75,2087,ssp245,0
29.789,-113.75,2087,ssp245,4
29.789,-108.75,2087,ssp245,75
29.789,-103.75,2087,ssp245,61
29.789,-98.75,2087,ssp245,39
29.789,-93.75,2087,ssp245,22
29.789,-88.75,2087,ssp245,11
29.789,-83.75,2087,ssp245,14
29.789,-78.75,2087,ssp245,1
29.789,-73.75,2087,ssp245,0
29.789,-68.75,2087,ssp245,0
32.324,-123.75,2087,ssp245,0
32.324,-118.75,2087,ssp245,0
32.324,-113.75,2087,ssp245,40
32.324,-108.75,2087,ssp245,88
32.324,-103.75,2087,ssp245,63
32.324,-98.75,2087,ssp245,39
32.324,-93.75,2087,ssp245,42
32.324,-88.75,2087,ssp245,39
32.324,-83.75,2087,ssp245,36
32.324,-78.75,2087,ssp245,10
32.324,-73.75,2087,ssp245,1
32.324,-68.75,2087,ssp245,0
34.859,-123.75,2087,ssp245,0
34.859,-118.75,2087,ssp245,46
34.859,-113.75,2087,ssp245,103
34.859,-108.75,2087,ssp245,94
34.859,-103.75,2087,ssp245,75
34.859,-98.75,2087,ssp245,37
34.859,-93.75,2087,ssp245,42
34.859,-88.75,2087,ssp245,42
34.859,-83.75,2087,ssp245,41
34.859,-78.75,2087,ssp245,38
34.859,-73.75,2087,ssp245,6
34.859,-68.75,2087,ssp245,0
37.394,-123.75,2087,ssp245,1
37.394,-118.75,2087,ssp245,139
37.394,-113.75,2087,ssp245,108
37.394,-108.75,2087,ssp245,80
37.394,-103.75,2087,ssp245,84
37.394,-98.75,2087,ssp245,54
37.394,-93.75,2087,ssp245,40
37.394,-88.75,2087,ssp245,44
37.394,-83.75,2087,ssp245,48
37.394,-78.75,2087,ssp245,61
37.394,-73.75,2087,ssp245,29
37.394,-68.75,2087,ssp245,6
39.93,-123.75,2087,ssp245,46
39.93,-118.75,2087,ssp245,114
39.93,-113.75,2087,ssp245,91
39.93,-108.75,2087,ssp245,76
39.93,-103.75,2087,ssp245,82
39.93,-98.75,2087,ssp245,64
39.93,-93.75,2087,ssp245,49
39.93,-88.75,2087,ssp245,51
39.93,-83.75,2087,ssp245,51
39.93,-78.75,2087,ssp245,61
39.93,-73.75,2087,ssp245,62
39.93,-68.75,2087,ssp245,45
42.465,-123.75,2087,ssp245,123
42.465,-118.75,2087,ssp245,107
42.465,-113.75,2087,ssp245,79
42.465,-108.75,2087,ssp245,70
42.465,-103.75,2087,ssp245,72
42.465,-98.75,2087,ssp245,70
42.465,-93.75,2087,ssp245,64
42.465,-88.75,2087,ssp245,46
42.465,-83.75,2087,ssp245,57
42.465,-78.75,2087,ssp245,57
42.465,-73.75,2087,ssp245,66
42.465,-68.75,2087,ssp245,82
45.0,-123.75,2087,ssp245,107
45.0,-118.75,2087,ssp245,111
45.0,-113.75,2087,ssp245,77
45.0,-108.75,2087,ssp245,76
45.0,-103.75,2087,ssp245,65
45.0,-98.75,2087,ssp245,64
45.0,-93.75,2087,ssp245,56
45.0,-88.75,2087,ssp245,54
45.0,-83.75,2087,ssp245,53
45.0,-78.75,2087,ssp245,61
45.0,-73.75,2087,ssp245,54
45.0,-68.75,2087,ssp245,64
47.535,-123.75,2087,ssp245,104
47.535,-118.75,2087,ssp245,89
47.535,-113.75,2087,ssp245,89
47.535,-108.75,2087,ssp245,71
47.535,-103.75,2087,ssp245,69
47.535,-98.75,2087,ssp245,53
47.535,-93.75,2087,ssp245,59
47.535,-88.75,2087,ssp245,53
47.535,-83.75,2087,ssp245,59
47.535,-78.75,2087,ssp245,56
47.535,-73.75,2087,ssp245,63
47.535,-68.75,2087,ssp245,66
24.718,-123.75,2088,ssp245,0
24.718,-118.75,2088,ssp245,0
24.718,-113.75,2088,ssp245,0
24.718,-108.75,2088,ssp245,0
24.718,-103.75,2088,ssp245,27
24.718,-98.75,2088,ssp245,2
24.718,-93.75,2088,ssp245,0
24.718,-88.75,2088,ssp245,0
24.718,-83.75,2088,ssp245,0
24.718,-78.75,2088,ssp245,0
24.718,-73.75,2088,ssp245,0
24.718,-68.75,2088,ssp245,0
27.254,-123.75,2088,ssp245,0
27.254,-118.75,2088,ssp245,0
27.254,-113.75,2088,ssp245,0
27.254,-108.75,2088,ssp245,20
27.254,-103.75,2088,ssp245,38
27.254,-98.75,2088,ssp245,11
27.254,-93.75,2088,ssp245,0
27.254,-88.75,2088,ssp245,0
27.254,-83.75,2088,ssp245,0
27.254,-78.75,2088,ssp245,0
27.254,-73.75,2088,ssp245,0
27.254,-68.75,2088,ssp245,0
29.789,-123.75,2088,ssp245,0
29.789,-118.75,2088,ssp245,0
29.789,-113.75,2088,ssp245,4
29.789,-108.75,2088,ssp245,73
29.789,-103.75,2088,ssp245,70
29.789,-98.75,2088,ssp245,45
29.789,-93.75,2088,ssp245,13
29.789,-88.75,2088,ssp245,6
29.789,-83.75,2088,ssp245,8
29.789,-78.75,2088,ssp245,0
29.789,-73.75,2088,ssp245,0
29.789,-68.75,2088,ssp245,0
32.324,-123.75,2088,ssp245,0
32.324,-118.75,2088,ssp245,0
32.324,-113.75,2088,ssp245,52
32.324,-108.75,2088,ssp245,100
32.324,-103.75,2088,ssp245,84
32.324,-98.75,2088,ssp245,68
32.324,-93.75,2088,ssp245,50
32.324,-88.75,2088,ssp245,46
32.324,-83.75,2088,ssp245,40
32.324,-78.75,2088,ssp245,2
32.324,-73.75,2088,ssp245,0
32.324,-68.75,2088,ssp245,0
34.859,-123.75,2088,ssp245,0
34.859,-118.75,2088,ssp245,59
34.859,-113.75,2088,ssp245,104
34.859,-108.75,2088,ssp245,79
34.859,-103.75,2088,ssp245,90
34.859,-98.75,2088,ssp245,68
34.859,-93.75,2088,ssp245,76
34.859,-88.75,2088,ssp245,69
34.859,-83.75,2088,ssp245,63
34.859,-78.75,2088,ssp245,48
34.859,-73.75,2088,ssp245,1
34.859,-68.75,2088,ssp245,0
37.394,-123.75,2088,ssp245,4
37.394,-118.75,2088,ssp245,110
37.394,-113.75,2088,ssp245,68
37.394,-108.75,2088,ssp245,60
37.394,-103.75,2088,ssp245,68
37.394,-98.75,2088,ssp245,74
37.394,-93.75,2088,ssp245,66
37.394,-88.75,2088,ssp245,74
37.394,-83.75,2088,ssp245,74
37.394,-78.75,2088,ssp245,67
37.394,-73.75,2088,ssp245,27
37.394,-68.75,2088,ssp245,0
39.93,-123.75,2088,ssp245,64
39.93,-118.75,2088,ssp245,81
39.93,-113.75,2088,ssp245,60
39.93,-108.75,2088,ssp245,49
39.93,-103.75,2088,ssp245,56
39.93,-98.75,2088,ssp245,74
39.93,-93.75,2088,ssp245,53
39.93,-88.75,2088,ssp245,54
39.93,-83.75,2088,ssp245,74
39.93,-78.75,2088,ssp245,64
39.93,-73.75,2088,ssp245,81
39.93,-68.75,2088,ssp245,48
42.465,-123.75,2088,ssp245,114
42.465,-118.75,2088,ssp245,84
42.465,-113.75,2088,ssp245,63
42.465,-108.75,2088,ssp245,53
42.465,-103.75,2088,ssp245,62
42.465,-98.75,2088,ssp245,69
42.465,-93.75,2088,ssp245,50
42.465,-88.75,2088,ssp245,57
42.465,-83.75,2088,ssp245,59
42.465,-78.75,2088,ssp245,78
42.465,-73.75,2088,ssp245,68
42.465,-68.75,2088,ssp245,111
45.0,-123.75,2088,ssp245,89
45.0,-118.75,2088,ssp245,108
45.0,-113.75,2088,ssp245,56
45.0,-108.75,2088,ssp245,56
45.0,-103.75,2088,ssp245,67
45.0,-98.75,2088,ssp245,68
45.0,-93.75,2088,ssp245,55
45.0,-88.75,2088,ssp245,58
45.0,-83.75,2088,ssp245,71
45.0,-78.75,2088,ssp245,71
45.0,-73.75,2088,ssp245,66
45.0,-68.75,2088,ssp245,71
47.535,-123.75,2088,ssp245,95
47.535,-118.75,2088,ssp245,107
47.535,-113.75,2088,ssp245,67
47.535,-108.75,2088,ssp245,77
47.535,-103.75,2088,ssp245,72
47.535,-98.75,2088,ssp245,68
47.535,-93.75,2088,ssp245,56
47.535,-88.75,2088,ssp245,59
47.535,-83.75,2088,ssp245,61
47.535,-78.75,2088,ssp245,60
47.535,-73.75,2088,ssp245,62
47.535,-68.75,2088,ssp245,63
24.718,-123.75,2089,ssp245,0
24.718,-118.75,2089,ssp245,0
24.718,-113.75,2089,ssp245,0
24.718,-108.75,2089,ssp245,0
24.718,-103.75,2089,ssp245,37
24.718,-98.75,2089,ssp245,9
24.718,-93.75,2089,ssp245,0
24.718,-88.75,2089,ssp245,0
24.718,-83.75,2089,ssp245,0
24.718,-78.75,2089,ssp245,0
24.718,-73.75,2089,ssp245,0
24.718,-68.75,2089,ssp245,0
27.254,-123.75,2089,ssp245,0
27.254,-118.75,2089,ssp245,0
27.254,-113.75,2089,ssp245,0
27.254,-108.75,2089,ssp245,14
27.254,-103.75,2089,ssp245,33
27.254,-98.75,2089,ssp245,16
27.254,-93.75,2089,ssp245,0
27.254,-88.75,2089,ssp245,0
27.254,-83.75,2089,ssp245,0
27.254,-78.75,2089,ssp245,0
27.254,-73.75,2089,ssp245,0
27.254,-68.75,2089,ssp245,0
29.789,-123.75,2089,ssp245,0
29.789,-118.75,2089,ssp245,0
29.789,-113.75,2089,ssp245,4
29.789,-108.75,2089,ssp245,63
29.789,-103.75,2089,ssp245,60
29.789,-98.75,2089,ssp245,40
29.789,-93.75,2089,ssp245,15
29.789,-88.75,2089,ssp245,5
29.789,-83.75,2089,ssp245,5
29.789,-78.75,2089,ssp245,0
29.789,-73.75,2089,ssp245,0
29.789,-68.75,2089,ssp245,0
32.324,-123.75,2089,ssp245,0
32.324,-118.75,2089,ssp245,0
32.324,-113.75,2089,ssp245,36
32.324,-108.75,2089,ssp245,90
32.324,-103.75,2089,ssp245,71
32.324,-98.75,2089,ssp245,50
32.324,-93.75,2089,ssp245,50
32.324,-88.75,2089,ssp245,48
32.324,-83.75,2089,ssp245,37
32.324,-78.75,2089,ssp245,0
32.324,-73.75,2089,ssp245,0
32.324,-68.75,2089,ssp245,0
34.859,-123.75,2089,ssp245,0
34.859,-118.75,2089,ssp245,43
34.859,-113.75,2089,ssp245,74
34.859,-108.75,2089,ssp245,104
34.859,-103.75,2089,ssp245,87
34.859,-98.75,2089,ssp245,57
34.859,-93.75,2089,ssp245,59
34.859,-88.75,2089,ssp245,45
34.859,-83.75,2089,ssp245,53
34.859,-78.75,2089,ssp245,47
34.859,-73.75,2089,ssp245,0
34.859,-68.75,2089,ssp245,0
37.394,-123.75,2089,ssp245,6
37.394,-118.75,2089,ssp245,119
37.394,-113.75,2089,ssp245,103
37.394,-108.75,2089,ssp245,97
37.394,-103.75,2089,ssp245,92
37.394,-98.75,2089,ssp245,67
37.394,-93.75,2089,ssp245,61
37.394,-88.75,2089,ssp245,53
37.394,-83.75,2089,ssp245,58
37.394,-78.75,2089,ssp245,65
37.394,-73.75,2089,ssp245,13
37.394,-68.75,2089,ssp245,1
39.93,-123.75,2089,ssp245,34
39.93,-118.75,2089,ssp245,133
39.93,-113.75,2089,ssp245,103
39.93,-108.75,2089,ssp245,90
39.93,-103.75,2089,ssp245,80
39.93,-98.75,2089,ssp245,66
39.93,-93.75,2089,ssp245,61
39.93,-88.75,2089,ssp245,67
39.93,-83.75,2089,ssp245,74
39.93,-78.75,2089,ssp245,72
39.93,-73.75,2089,ssp245,86
39.93,-68.75,2089,ssp245,27
42.465,-123.75,2089,ssp245,97
42.465,-118.75,2089,ssp245,124
42.465,-113.75,2089,ssp245,109
42.465,-108.75,2089,ssp245,92
42.465,-103.75,2089,ssp245,75
42.465,-98.75,2089,ssp245,63
42.465,-93.75,2089,ssp245,63
42.465,-88.75,2089,ssp245,79
42.465,-83.75,2089,ssp245,85
42.465,-78.75,2089,ssp245,84
42.465,-73.75,2089,ssp245,75
42.465,-68.75,2089,ssp245,106
45.0,-123.75,2089,ssp245,86
45.0,-118.75,2089,ssp245,103
45.0,-113.75,2089,ssp245,103
45.0,-108.75,2089,ssp245,95
45.0,-103.75,2089,ssp245,64
45.0,-98.75,2089,ssp245,49
45.0,-93.75,2089,ssp245,58
45.0,-88.75,2089,ssp245,68
45.0,-83.75,2089,ssp245,78
45.0,-78.75,2089,ssp245,72
45.0,-73.75,2089,ssp245,62
45.0,-68.75,2089,ssp245,72
47.535,-123.75,2089,ssp245,104
47.535,-118.75,2089,ssp245,99
47.535,-113.75,2089,ssp245,97
47.535,-108.75,2089,ssp245,69
47.535,-103.75,2089,ssp245,53
47.535,-98.75,2089,ssp245,44
47.535,-93.75,2089,ssp245,50
47.535,-88.75,2089,ssp245,72
47.535,-83.75,2089,ssp245,57
47.535,-78.75,2089,ssp245,57
47.535,-73.75,2089,ssp245,54
47.535,-68.75,2089,ssp245,53
24.718,-123.75,2090,ssp245,0
24.718,-118.75,2090,ssp245,0
24.718,-113.75,2090,ssp245,0
24.718,-108.75,2090,ssp245,0
24.718,-103.75,2090,ssp245,13
24.718,-98.75,2090,ssp245,0
24.718,-93.75,2090,ssp245,0
24.718,-88.75,2090,ssp245,0
24.718,-83.75,2090,ssp245,0
24.718,-78.75,2090,ssp245,0
24.718,-73.75,2090,ssp245,0
24.718,-68.75,2090,ssp245,0
27.254,-123.75,2090,ssp245,0
27.254,-118.75,2090,ssp245,0
27.254,-113.75,2090,ssp245,0
27.254,-108.75,2090,ssp245,11
27.254,-103.75,2090,ssp245,30
27.254,-98.75,2090,ssp245,5
27.254,-93.75,2090,ssp245,0
27.254,-88.75,2090,ssp245,0
27.254,-83.75,2090,ssp245,0
27.254,-78.75,2090,ssp245,0
27.254,-73.75,2090,ssp245,0
27.254,-68.75,2090,ssp245,0
29.789,-123.75,2090,ssp245,0
29.789,-118.75,2090,ssp245,0
29.789,-113.75,2090,ssp245,2
29.789,-108.75,2090,ssp245,62
29.789,-103.75,2090,ssp245,44
29.789,-98.75,2090,ssp245,31
29.789,-93.75,2090,ssp245,9
29.789,-88.75,2090,ssp245,3
29.789,-83.75,2090,ssp245,5
29.789,-78.75,2090,ssp245,0
29.789,-73.75,2090,ssp245,0
29.789,-68.75,2090,ssp245,0
32.324,-123.75,2090,ssp245,0
32.324,-118.75,2090,ssp245,0
32.324,-113.75,2090,ssp245,30
32.324,-108.75,2090,ssp245,80
32.324,-103.75,2090,ssp245,65
32.324,-98.75,2090,ssp245,59
32.324,-93.75,2090,ssp245,39
32.324,-88.75,2090,ssp245,46
32.324,-83.75,2090,ssp245,36
32.324,-78.75,2090,ssp245,1
32.324,-73.75,2090,ssp245,0
32.324,-68.75,2090,ssp245,0
34.859,-123.75,2090,ssp245,2
34.859,-118.75,2090,ssp245,41
34.859,-113.75,2090,ssp245,93
34.859,-108.75,2090,ssp245,105
34.859,-103.75,2090,ssp245,82
34.859,-98.75,2090,ssp245,68
34.859,-93.75,2090,ssp245,57
34.859,-88.75,2090,ssp245,54
34.859,-83.75,2090,ssp245,76
34.859,-78.75,2090,ssp245,61
34.859,-73.75,2090,ssp245,1
34.859,-68.75,2090,ssp245,0
37.394,-123.75,2090,ssp245,5
37.394,-118.75,2090,ssp245,135
37.394,-113.75,2090,ssp245,117
37.394,-108.75,2090,ssp245,100
37.394,-103.75,2090,ssp245,85
37.394,-98.75,2090,ssp245,81
37.394,-93.75,2090,ssp245,78
37.394,-88.75,2090,ssp245,74
37.394,-83.75,2090,ssp245,77
37.394,-78.75,2090,ssp245,78
37.394,-73.75,2090,ssp245,20
37.394,-68.75,2090,ssp245,2
39.93,-123.75,2090,ssp245,30
39.93,-118.75,2090,ssp245,120
39.93,-113.75,2090,ssp245,106
39.93,-108.75,2090,ssp245,78
39.93,-103.75,2090,ssp245,80
39.93,-98.75,2090,ssp245,77
39.93,-93.75,2090,ssp245,81
39.93,-88.75,2090,ssp245,73
39.93,-83.75,2090,ssp245,67
39.93,-78.75,2090,ssp245,58
39.93,-73.75,2090,ssp245,97
39.93,-68.75,2090,ssp245,46
42.465,-123.75,2090,ssp245,98
42.465,-118.75,2090,ssp245,124
42.465,-113.75,2090,ssp245,104
42.465,-108.75,2090,ssp245,69
42.465,-103.75,2090,ssp245,73
42.465,-98.75,2090,ssp245,70
42.465,-93.75,2090,ssp245,70
42.465,-88.75,2090,ssp245,70
42.465,-83.75,2090,ssp245,70
42.465,-78.75,2090,ssp245,70
42.465,-73.75,2090,ssp245,40
42.465,-68.75,2090,ssp245,106
45.0,-123.75,2090,ssp245,79
45.0,-118.75,2090,ssp245,122
45.0,-113.75,2090,ssp245,70
45.0,-108.75,2090,ssp245,69
45.0,-103.75,2090,ssp245,60
45.0,-98.75,2090,ssp245,64
45.0,-93.75,2090,ssp245,60
45.0,-88.75,2090,ssp245,66
45.0,-83.75,2090,ssp245,80
45.0,-78.75,2090,ssp245,50
45.0,-73.75,2090,ssp245,33
45.0,-68.75,2090,ssp245,37
47.535,-123.75,2090,ssp245,101
47.535,-118.75,2090,ssp245,113
47.535,-113.75,2090,ssp245,84
47.535,-108.75,2090,ssp245,61
47.535,-103.75,2090,ssp245,57
47.535,-98.75,2090,ssp245,46
47.535,-93.75,2090,ssp245,44
47.535,-88.75,2090,ssp245,72
47.535,-83.75,2090,ssp245,50
47.535,-78.75,2090,ssp245,38
47.535,-73.75,2090,ssp245,31
47.535,-68.75,2090,ssp245,30
24.718,-123.75,2091,ssp245,0
24.718,-118.75,2091,ssp245,0
24.718,-113.75,2091,ssp245,0
24.718,-108.75,2091,ssp245,0
24.718,-103.75,2091,ssp245,39
24.718,-98.75,2091,ssp245,1
24.718,-93.75,2091,ssp245,0
24.718,-88.75,2091,ssp245,0
24.718,-83.75,2091,ssp245,0
24.718,-78.75,2091,ssp245,0
24.718,-73.75,2091,ssp245,0
24.718,-68.75,2091,ssp245,0
27.254,-123.75,2091,ssp245,0
27.254,-118.75,2091,ssp245,0
27.254,-113.75,2091,ssp245,0
27.254,-108.75,2091,ssp245,16
27.254,-103.75,2091,ssp245,42
27.254,-98.75,2091,ssp245,10
27.254,-93.75,2091,ssp245,0
27.254,-88.75,2091,ssp245,0
27.254,-83.75,2091,ssp245,0
27.254,-78.75,2091,ssp245,0
27.254,-73.75,2091,ssp245,0
27.254,-68.75,2091,ssp245,0
29.789,-123.75,2091,ssp245,0
29.789,-118.75,2091,ssp245,0
29.789,-113.75,2091,ssp245,3
29.789,-108.75,2091,ssp245,66
29.789,-103.75,2091,ssp245,55
29.789,-98.75,2091,ssp245,35
29.789,-93.75,2091,ssp245,13
29.789,-88.75,2091,ssp245,5
29.789,-83.75,2091,ssp245,9
29.789,-78.75,2091,ssp245,0
29.789,-73.75,2091,ssp245,0
29.789,-68.75,2091,ssp245,0
32.324,-123.75,2091,ssp245,0
32.324,-118.75,2091,ssp245,0
32.324,-113.75,2091,ssp245,26
32.324,-108.75,2091,ssp245,114
32.324,-103.75,2091,ssp245,91
32.324,-98.75,2091,ssp245,68
32.324,-93.75,2091,ssp245,51
32.324,-88.75,2091,ssp245,54
32.324,-83.75,2091,ssp245,55
32.324,-78.75,2091,ssp245,0
32.324,-73.75,2091,ssp245,0
32.324,-68.75,2091,ssp245,0
34.859,-123.75,2091,ssp245,0
34.859,-118.75,2091,ssp245,33
34.859,-113.75,2091,ssp245,105
34.859,-108.75,2091,ssp245,105
34.859,-103.75,2091,ssp245,101
34.859,-98.75,2091,ssp245,87
34.859,-93.75,2091,ssp245,79
34.859,-88.75,2091,ssp245,79
34.859,-83.75,2091,ssp245,65
34.859,-78.75,2091,ssp245,65
34.859,-73.75,2091,ssp245,1
34.859,-68.75,2091,ssp245,0
37.394,-123.75,2091,ssp245,0
37.394,-118.75,2091,ssp245,148
37.394,-113.75,2091,ssp245,105
37.394,-108.75,2091,ssp245,65
37.394,-103.75,2091,ssp245,87
37.394,-98.75,2091,ssp245,77
37.394,-93.75,2091,ssp245,92
37.394,-88.75,2091,ssp245,85
37.394,-83.75,2091,ssp245,64
37.394,-78.75,2091,ssp245,68
37.394,-73.75,2091,ssp245,25
37.394,-68.75,2091,ssp245,3
39.93,-123.75,2091,ssp245,19
39.93,-118.75,2091,ssp245,118
39.93,-113.75,2091,ssp245,86
39.93,-108.75,2091,ssp245,75
39.93,-103.75,2091,ssp245,77
39.93,-98.75,2091,ssp245,72
39.93,-93.75,2091,ssp245,73
39.93,-88.75,2091,ssp245,71
39.93,-83.75,2091,ssp245,68
39.93,-78.75,2091,ssp245,66
39.93,-73.75,2091,ssp245,97
39.93,-68.75,2091,ssp245,52
42.465,-123.75,2091,ssp245,103
42.465,-118.75,2091,ssp245,127
42.465,-113.75,2091,ssp245,97
42.465,-108.75,2091,ssp245,66
42.465,-103.75,2091,ssp245,90
42.465,-98.75,2091,ssp245,75
42.465,-93.75,2091,ssp245,57
42.465,-88.75,2091,ssp245,79
42.465,-83.75,2091,ssp245,77
42.465,-78.75,2091,ssp245,71
42.465,-73.75,2091,ssp245,53
42.465,-68.75,2091,ssp245,113
45.0,-123.75,2091,ssp245,55
45.0,-118.75,2091,ssp245,152
45.0,-113.75,2091,ssp245,79
45.0,-108.75,2091,ssp245,83
45.0,-103.75,2091,ssp245,83
45.0,-98.75,2091,ssp245,64
45.0,-93.75,2091,ssp245,52
45.0,-88.75,2091,ssp245,64
45.0,-83.75,2091,ssp245,79
45.0,-78.75,2091,ssp245,56
45.0,-73.75,2091,ssp245,50
45.0,-68.75,2091,ssp245,75
47.535,-123.75,2091,ssp245,73
47.535,-118.75,2091,ssp245,120
47.535,-113.75,2091,ssp245,100
47.535,-108.75,2091,ssp245,82
47.535,-103.75,2091,ssp245,65
47.535,-98.75,2091,ssp245,57
47.535,-93.75,2091,ssp245,54
47.535,-88.75,2091,ssp245,73
47.535,-83.75,2091,ssp245,53
47.535,-78.75,2091,ssp245,36
47.535,-73.75,2091,ssp245,57
47.535,-68.75,2091,ssp245,69
24.718,-123.75,2092,ssp245,0
24.718,-118.75,2092,ssp245,0
24.718,-113.75,2092,ssp245,0
24.718,-108.75,2092,ssp245,0
24.718,-103.75,2092,ssp245,45
24.718,-98.75,2092,ssp245,2
24.718,-93.75,2092,ssp245,0
24.718,-88.75,2092,ssp245,0
24.718,-83.75,2092,ssp245,0
24.718,-78.75,2092,ssp245,0
24.718,-73.75,2092,ssp245,0
24.718,-68.75,2092,ssp245,0
27.254,-123.75,2092,ssp245,0
27.254,-118.75,2092,ssp245,0
27.254,-113.75,2092,ssp245,0
27.254,-108.75,2092,ssp245,16
27.254,-103.75,2092,ssp245,49
27.254,-98.75,2092,ssp245,10
27.254,-93.75,2092,ssp245,0
27.254,-88.75,2092,ssp245,0
27.254,-83.75,2092,ssp245,0
27.254,-78.75,2092,ssp245,0
27.254,-73.75,2092,ssp245,0
27.254,-68.75,2092,ssp245,0
29.789,-123.75,2092,ssp245,0
29.789,-118.75,2092,ssp245,0
29.789,-113.75,2092,ssp245,3
29.789,-108.75,2092,ssp245,76
29.789,-103.75,2092,ssp245,69
29.789,-98.75,2092,ssp245,38
29.789,-93.75,2092,ssp245,13
29.789,-88.75,2092,ssp245,6
29.789,-83.75,2092,ssp245,10
29.789,-78.75,2092,ssp245,0
29.789,-73.75,2092,ssp245,0
29.789,-68.75,2092,ssp245,0
32.324,-123.75,2092,ssp245,0
32.324,-118.75,2092,ssp245,0
32.324,-113.75,2092,ssp245,38
32.324,-108.75,2092,ssp245,119
32.324,-103.75,2092,ssp245,104
32.324,-98.75,2092,ssp245,82
32.324,-93.75,2092,ssp245,61
32.324,-88.75,2092,ssp245,60
32.324,-83.75,2092,ssp245,62
32.324,-78.75,2092,ssp245,2
32.324,-73.75,2092,ssp245,0
32.324,-68.75,2092,ssp245,0
34.859,-123.75,2092,ssp245,0
34.859,-118.75,2092,ssp245,29
34.859,-113.75,2092,ssp245,116
34.859,-108.75,2092,ssp245,95
34.859,-103.75,2092,ssp245,96
34.859,-98.75,2092,ssp245,97
34.859,-93.75,2092,ssp245,79
34.859,-88.75,2092,ssp245,71
34.859,-83.75,2092,ssp245,72
34.859,-78.75,2092,ssp245,68
34.859,-73.75,2092,ssp245,2
34.859,-68.75,2092,ssp245,0
37.394,-123.75,2092,ssp245,0
37.394,-118.75,2092,ssp245,143
37.394,-113.75,2092,ssp245,86
37.394,-108.75,2092,ssp245,67
37.394,-103.75,2092,ssp245,65
37.394,-98.75,2092,ssp245,102
37.394,-93.75,2092,ssp245,73
37.394,-88.75,2092,ssp245,77
37.394,-83.75,2092,ssp245,66
37.394,-78.75,2092,ssp245,70
37.394,-73.75,2092,ssp245,26
37.394,-68.75,2092,ssp245,0
39.93,-123.75,2092,ssp245,9
39.93,-118.75,2092,ssp245,93
39.93,-113.75,2092,ssp245,64
39.93,-108.75,2092,ssp245,62
39.93,-103.75,2092,ssp245,56
39.93,-98.75,2092,ssp245,87
39.93,-93.75,2092,ssp245,76
39.93,-88.75,2092,ssp245,79
39.93,-83.75,2092,ssp245,75
39.93,-78.75,2092,ssp245,70
39.93,-73.75,2092,ssp245,104
39.93,-68.75,2092,ssp245,45
42.465,-123.75,2092,ssp245,74
42.465,-118.75,2092,ssp245,93
42.465,-113.75,2092,ssp245,60
42.465,-108.75,2092,ssp245,56
42.465,-103.75,2092,ssp245,60
42.465,-98.75,2092,ssp245,68
42.465,-93.75,2092,ssp245,73
42.465,-88.75,2092,ssp245,90
42.465,-83.75,2092,ssp245,77
42.465,-78.75,2092,ssp245,77
42.465,-73.75,2092,ssp245,73
42.465,-68.75,2092,ssp245,116
45.0,-123.75,2092,ssp245,43
45.0,-118.75,2092,ssp245,129
45.0,-113.75,2092,ssp245,60
45.0,-108.75,2092,ssp245,52
45.0,-103.75,2092,ssp245,71
45.0,-98.75,2092,ssp245,53
45.0,-93.75,2092,ssp245,64
45.0,-88.75,2092,ssp245,72
45.0,-83.75,2092,ssp245,89
45.0,-78.75,2092,ssp245,72
45.0,-73.75,2092,ssp245,63
45.0,-68.75,2092,ssp245,76
47.535,-123.75,2092,ssp245,70
47.535,-118.75,2092,ssp245,121
47.535,-113.75,2092,ssp245,80
47.535,-108.75,2092,ssp245,80
47.535,-103.75,2092,ssp245,68
47.535,-98.75,2092,ssp245,62
47.535,-93.75,2092,ssp245,49
47.535,-88.75,2092,ssp245,80
47.535,-83.75,2092,ssp245,60
47.535,-78.75,2092,ssp245,56
47.535,-73.75,2092,ssp245,57
47.535,-68.75,2092,ssp245,57
24.718,-123.75,2093,ssp245,0
24.718,-118.75,2093,ssp245,0
24.718,-113.75,2093,ssp245,0
24.718,-108.75,2093,ssp245,0
24.718,-103.75,2093,ssp245,24
24.718,-98.75,2093,ssp245,2
24.718,-93.75,2093,ssp245,0
24.718,-88.75,2093,ssp245,0
24.718,-83.75,2093,ssp245,0
24.718,-78.75,2093,ssp245,0
24.718,-73.75,2093,ssp245,0
24.718,-68.75,2093,ssp245,0
27.254,-123.75,2093,ssp245,0
27.254,-118.75,2093,ssp245,0
27.254,-113.75,2093,ssp245,0
27.254,-108.75,2093,ssp245,3
27.254,-103.75,2093,ssp245,37
27.254,-98.75,2093,ssp245,10
27.254,-93.75,2093,ssp245,0
27.254,-88.75,2093,ssp245,0
27.254,-83.75,2093,ssp245,1
27.254,-78.75,2093,ssp245,0
27.254,-73.75,2093,ssp245,0
27.254,-68.75,2093,ssp245,0
29.789,-123.75,2093,ssp245,0
29.789,-118.75,2093,ssp245,0
29.789,-113.75,2093,ssp245,0
29.789,-108.75,2093,ssp245,44
29.789,-103.75,2093,ssp245,62
29.789,-98.75,2093,ssp245,32
29.789,-93.75,2093,ssp245,14
29.789,-88.75,2093,ssp245,9
29.789,-83.75,2093,ssp245,14
29.789,-78.75,2093,ssp245,0
29.789,-73.75,2093,ssp245,0
29.789,-68.75,2093,ssp245,0
32.324,-123.75,2093,ssp245,0
32.324,-118.75,2093,ssp245,0
32.324,-113.75,2093,ssp245,20
32.324,-108.75,2093,ssp245,106
32.324,-103.75,2093,ssp245,87
32.324,-98.75,2093,ssp245,75
32.324,-93.75,2093,ssp245,52
32.324,-88.75,2093,ssp245,52
32.324,-83.75,2093,ssp245,43
32.324,-78.75,2093,ssp245,6
32.324,-73.75,2093,ssp245,0
32.324,-68.75,2093,ssp245,0
34.859,-123.75,2093,ssp245,0
34.859,-118.75,2093,ssp245,17
34.859,-113.75,2093,ssp245,86
34.859,-108.75,2093,ssp245,113
34.859,-103.75,2093,ssp245,99
34.859,-98.75,2093,ssp245,89
34.859,-93.75,2093,ssp245,79
34.859,-88.75,2093,ssp245,70
34.859,-83.75,2093,ssp245,66
34.859,-78.75,2093,ssp245,47
34.859,-73.75,2093,ssp245,6
34.859,-68.75,2093,ssp245,0
37.394,-123.75,2093,ssp245,0
37.394,-118.75,2093,ssp245,137
37.394,-113.75,2093,ssp245,116
37.394,-108.75,2093,ssp245,100
37.394,-103.75,2093,ssp245,90
37.394,-98.75,2093,ssp245,80
37.394,-93.75,2093,ssp245,68
37.394,-88.75,2093,ssp245,75
37.394,-83.75,2093,ssp245,69
37.394,-78.75,2093,ssp245,75
37.394,-73.75,2093,ssp245,32
37.394,-68.75,2093,ssp245,4
39.93,-123.75,2093,ssp245,10
39.93,-118.75,2093,ssp245,140
39.93,-113.75,2093,ssp245,107
39.93,-108.75,2093,ssp245,81
39.93,-103.75,2093,ssp245,91
39.93,-98.75,2093,ssp245,73
39.93,-93.75,2093,ssp245,54
39.93,-88.75,2093,ssp245,70
39.93,-83.75,2093,ssp245,76
39.93,-78.75,2093,ssp245,72
39.93,-73.75,2093,ssp245,83
39.93,-68.75,2093,ssp245,54
42.465,-123.75,2093,ssp245,52
42.465,-118.75,2093,ssp245,137
42.465,-113.75,2093,ssp245,107
42.465,-108.75,2093,ssp245,76
42.465,-103.75,2093,ssp245,76
42.465,-98.75,2093,ssp245,62
42.465,-93.75,2093,ssp245,55
42.465,-88.75,2093,ssp245,80
42.465,-83.75,2093,ssp245,80
42.465,-78.75,2093,ssp245,75
42.465,-73.75,2093,ssp245,66
42.465,-68.75,2093,ssp245,86
45.0,-123.75,2093,ssp245,31
45.0,-118.75,2093,ssp245,128
45.0,-113.75,2093,ssp245,95
45.0,-108.75,2093,ssp245,81
45.0,-103.75,2093,ssp245,63
45.0,-98.75,2093,ssp245,58
45.0,-93.75,2093,ssp245,46
45.0,-88.75,2093,ssp245,62
45.0,-83.75,2093,ssp245,84
45.0,-78.75,2093,ssp245,59
45.0,-73.75,2093,ssp245,48
45.0,-68.75,2093,ssp245,62
47.535,-123.75,2093,ssp245,61
47.535,-118.75,2093,ssp245,112
47.535,-113.75,2093,ssp245,82
47.535,-108.75,2093,ssp245,66
47.535,-103.75,2093,ssp245,60
47.535,-98.75,2093,ssp245,46
47.535,-93.75,2093,ssp245,40
47.535,-88.75,2093,ssp245,71
47.535,-83.75,2093,ssp245,47
47.535,-78.75,2093,ssp245,43
47.535,-73.75,2093,ssp245,43
47.535,-68.75,2093,ssp245,54
24.718,-123.75,2094,ssp245,0
24.718,-118.75,2094,ssp245,0
24.718,-113.75,2094,ssp245,0
24.718,-108.75,2094,ssp245,0
24.718,-103.75,2094,ssp245,33
24.718,-98.75,2094,ssp245,4
24.718,-93.75,2094,ssp245,0
24.718,-88.75,2094,ssp245,0
24.718,-83.75,2094,ssp245,0
24.718,-78.75,2094,ssp245,0
24.718,-73.75,2094,ssp245,0
24.718,-68.75,2094,ssp245,0
27.254,-123.75,2094,ssp245,0
27.254,-118.75,2094,ssp245,0
27.254,-113.75,2094,ssp245,0
27.254,-108.75,2094,ssp245,9
27.254,-103.75,2094,ssp245,46
27.254,-98.75,2094,ssp245,13
27.254,-93.75,2094,ssp245,0
27.254,-88.75,2094,ssp245,0
27.254,-83.75,2094,ssp245,0
27.254,-78.75,2094,ssp245,0
27.254,-73.75,2094,ssp245,0
27.254,-68.75,2094,ssp245,0
29.789,-123.75,2094,ssp245,0
29.789,-118.75,2094,ssp245,0
29.789,-113.75,2094,ssp245,0
29.789,-108.75,2094,ssp245,72
29.789,-103.75,2094,ssp245,61
29.789,-98.75,2094,ssp245,46
29.789,-93.75,2094,ssp245,13
29.789,-88.75,2094,ssp245,4
29.789,-83.75,2094,ssp245,10
29.789,-78.75,2094,ssp245,0
29.789,-73.75,2094,ssp245,0
29.789,-68.75,2094,ssp245,0
32.324,-123.75,2094,ssp245,0
32.324,-118.75,2094,ssp245,0
32.324,-113.75,2094,ssp245,27
32.324,-108.75,2094,ssp245,94
32.324,-103.75,2094,ssp245,70
32.324,-98.75,2094,ssp245,73
32.324,-93.75,2094,ssp245,57
32.324,-88.75,2094,ssp245,52
32.324,-83.75,2094,ssp245,43
32.324,-78.75,2094,ssp245,3
32.324,-73.75,2094,ssp245,0
32.324,-68.75,2094,ssp245,0
34.859,-123.75,2094,ssp245,0
34.859,-118.75,2094,ssp245,25
34.859,-113.75,2094,ssp245,97
34.859,-108.75,2094,ssp245,92
34.859,-103.75,2094,ssp245,80
34.859,-98.75,2094,ssp245,70
34.859,-93.75,2094,ssp245,79
34.859,-88.75,2094,ssp245,83
34.859,-83.75,2094,ssp245,79
34.859,-78.75,2094,ssp245,54
34.859,-73.75,2094,ssp245,2
34.859,-68.75,2094,ssp245,0
37.394,-123.75,2094,ssp245,0
37.394,-118.75,2094,ssp245,122
37.394,-113.75,2094,ssp245,100
37.394,-108.75,2094,ssp245,96
37.394,-103.75,2094,ssp245,77
37.394,-98.75,2094,ssp245,75
37.394,-93.75,2094,ssp245,77
37.394,-88.75,2094,ssp245,93
37.394,-83.75,2094,ssp245,85
37.394,-78.75,2094,ssp245,82
37.394,-73.75,2094,ssp245,15
37.394,-68.75,2094,ssp245,0
39.93,-123.75,2094,ssp245,16
39.93,-118.75,2094,ssp245,121
39.93,-113.75,2094,ssp245,104
39.93,-108.75,2094,ssp245,100
39.93,-103.75,2094,ssp245,79
39.93,-98.75,2094,ssp245,65
39.93,-93.75,2094,ssp245,79
39.93,-88.75,2094,ssp245,87
39.93,-83.75,2094,ssp245,86
39.93,-78.75,2094,ssp245,93
39.93,-73.75,2094,ssp245,107
39.93,-68.75,2094,ssp245,32
42.465,-123.75,2094,ssp245,53
42.465,-118.75,2094,ssp245,128
42.465,-113.75,2094,ssp245,105
42.465,-108.75,2094,ssp245,95
42.465,-103.75,2094,ssp245,72
42.465,-98.75,2094,ssp245,68
42.465,-93.75,2094,ssp245,62
42.465,-88.75,2094,ssp245,83
42.465,-83.75,2094,ssp245,94
42.465,-78.75,2094,ssp245,96
42.465,-73.75,2094,ssp245,75
42.465,-68.75,2094,ssp245,116
45.0,-123.75,2094,ssp245,30
45.0,-118.75,2094,ssp245,117
45.0,-113.75,2094,ssp245,102
45.0,-108.75,2094,ssp245,83
45.0,-103.75,2094,ssp245,66
45.0,-98.75,2094,ssp245,61
45.0,-93.75,2094,ssp245,54
45.0,-88.75,2094,ssp245,76
45.0,-83.75,2094,ssp245,93
45.0,-78.75,2094,ssp245,83
45.0,-73.75,2094,ssp245,57
45.0,-68.75,2094,ssp245,74
47.535,-123.75,2094,ssp245,50
47.535,-118.75,2094,ssp245,114
47.535,-113.75,2094,ssp245,86
47.535,-108.75,2094,ssp245,73
47.535,-103.75,2094,ssp245,67
47.535,-98.75,2094,ssp245,59
47.535,-93.75,2094,ssp245,62
47.535,-88.75,2094,ssp245,97
47.535,-83.75,2094,ssp245,63
47.535,-78.75,2094,ssp245,54
47.535,-73.75,2094,ssp245,52
47.535,-68.75,2094,ssp245,50
24.718,-123.75,2095,ssp245,0
24.718,-118.75,2095,ssp245,0
24.718,-113.75,2095,ssp245,0
24.718,-108.75,2095,ssp245,0
24.718,-103.75,2095,ssp245,41
24.718,-98.75,2095,ssp245,6
24.718,-93.75,2095,ssp245,0
24.718,-88.75,2095,ssp245,0
24.718,-83.75,2095,ssp245,0
24.718,-78.75,2095,ssp245,0
24.718,-73.75,2095,ssp245,0
24.718,-68.75,2095,ssp245,0
27.254,-123.75,2095,ssp245,0
27.254,-118.75,2095,ssp245,0
27.254,-113.75,2095,ssp245,0
27.254,-108.75,2095,ssp245,5
27.254,-103.75,2095,ssp245,38
27.254,-98.75,2095,ssp245,13
27.254,-93.75,2095,ssp245,0
27.254,-88.75,2095,ssp245,0
27.254,-83.75,2095,ssp245,1
27.254,-78.75,2095,ssp245,0
27.254,-73.75,2095,ssp245,0
27.254,-68.75,2095,ssp245,0
29.789,-123.75,2095,ssp245,0
29.789,-118.75,2095,ssp245,0
29.789,-113.75,2095,ssp245,0
29.789,-108.75,2095,ssp245,58
29.789,-103.75,2095,ssp245,54
29.789,-98.75,2095,ssp245,40
29.789,-93.75,2095,ssp245,15
29.789,-88.75,2095,ssp245,12
29.789,-83.75,2095,ssp245,21
29.789,-78.75,2095,ssp245,0
29.789,-73.75,2095,ssp245,0
29.789,-68.75,2095,ssp245,0
32.324,-123.75,2095,ssp245,0
32.324,-118.75,2095,ssp245,0
32.324,-113.75,2095,ssp245,16
32.324,-108.75,2095,ssp245,109
32.324,-103.75,2095,ssp245,81
32.324,-98.75,2095,ssp245,63
32.324,-93.75,2095,ssp245,52
32.324,-88.75,2095,ssp245,49
32.324,-83.75,2095,ssp245,43
32.324,-78.75,2095,ssp245,11
32.324,-73.75,2095,ssp245,0
32.324,-68.75,2095,ssp245,0
34.859,-123.75,2095,ssp245,0
34.859,-118.75,2095,ssp245,17
34.859,-113.75,2095,ssp245,91
34.859,-108.75,2095,ssp245,110
34.859,-103.75,2095,ssp245,94
34.859,-98.75,2095,ssp245,74
34.859,-93.75,2095,ssp245,62
34.859,-88.75,2095,ssp245,71
34.859,-83.75,2095,ssp245,63
34.859,-78.75,2095,ssp245,54
34.859,-73.75,2095,ssp245,5
34.859,-68.75,2095,ssp245,0
37.394,-123.75,2095,ssp245,2
37.394,-118.75,2095,ssp245,137
37.394,-113.75,2095,ssp245,126
37.394,-108.75,2095,ssp245,87
37.394,-103.75,2095,ssp245,82
37.394,-98.75,2095,ssp245,84
37.394,-93.75,2095,ssp245,66
37.394,-88.75,2095,ssp245,69
37.394,-83.75,2095,ssp245,63
37.394,-78.75,2095,ssp245,68
37.394,-73.75,2095,ssp245,30
37.394,-68.75,2095,ssp245,1
39.93,-123.75,2095,ssp245,6
39.93,-118.75,2095,ssp245,135
39.93,-113.75,2095,ssp245,115
39.93,-108.75,2095,ssp245,76
39.93,-103.75,2095,ssp245,82
39.93,-98.75,2095,ssp245,77
39.93,-93.75,2095,ssp245,62
39.93,-88.75,2095,ssp245,61
39.93,-83.75,2095,ssp245,55
39.93,-78.75,2095,ssp245,61
39.93,-73.75,2095,ssp245,78
39.93,-68.75,2095,ssp245,37
42.465,-123.75,2095,ssp245,30
42.465,-118.75,2095,ssp245,131
42.465,-113.75,2095,ssp245,114
42.465,-108.75,2095,ssp245,78
42.465,-103.75,2095,ssp245,76
42.465,-98.75,2095,ssp245,73
42.465,-93.75,2095,ssp245,59
42.465,-88.75,2095,ssp245,81
42.465,-83.75,2095,ssp245,73
42.465,-78.75,2095,ssp245,76
42.465,-73.75,2095,ssp245,67
42.465,-68.75,2095,ssp245,93
45.0,-123.75,2095,ssp245,11
45.0,-118.75,2095,ssp245,138
45.0,-113.75,2095,ssp245,91
45.0,-108.75,2095,ssp245,75
45.0,-103.75,2095,ssp245,73
45.0,-98.75,2095,ssp245,75
45.0,-93.75,2095,ssp245,65
45.0,-88.75,2095,ssp245,75
45.0,-83.75,2095,ssp245,84
45.0,-78.75,2095,ssp245,80
45.0,-73.75,2095,ssp245,74
45.0,-68.75,2095,ssp245,82
47.535,-123.75,2095,ssp245,33
47.535,-118.75,2095,ssp245,122
47.535,-113.75,2095,ssp245,95
47.535,-108.75,2095,ssp245,88
47.535,-103.75,2095,ssp245,68
47.535,-98.75,2095,ssp245,66
47.535,-93.75,2095,ssp245,66
47.535,-88.75,2095,ssp245,78
47.535,-83.75,2095,ssp245,61
47.535,-78.75,2095,ssp245,59
47.535,-73.75,2095,ssp245,64
47.535,-68.75,2095,ssp245,65
24.718,-123.75,2096,ssp245,0
24.718,-118.75,2096,ssp245,0
24.718,-113.75,2096,ssp245,0
24.718,-108.75,2096,ssp245,0
24.718,-103.75,2096,ssp245,65
24.718,-98.75,2096,ssp245,11
24.718,-93.75,2096,ssp245,0
24.718,-88.75,2096,ssp245,0
24.718,-83.75,2096,ssp245,0
24.718,-78.75,2096,ssp245,0
24.718,-73.75,2096,ssp245,0
24.718,-68.75,2096,ssp245,0
27.254,-123.75,2096,ssp245,0
27.254,-118.75,2096,ssp245,0
27.254,-113.75,2096,ssp245,0
27.254,-108.75,2096,ssp245,27
27.254,-103.75,2096,ssp245,64
27.254,-98.75,2096,ssp245,19
27.254,-93.75,2096,ssp245,0
27.254,-88.75,2096,ssp245,0
27.254,-83.75,2096,ssp245,0
27.254,-78.75,2096,ssp245,0
27.254,-73.75,2096,ssp245,0
27.254,-68.75,2096,ssp245,0
29.789,-123.75,2096,ssp245,0
29.789,-118.75,2096,ssp245,0
29.789,-113.75,2096,ssp245,0
29.789,-108.75,2096,ssp245,97
29.789,-103.75,2096,ssp245,77
29.789,-98.75,2096,ssp245,60
29.789,-93.75,2096,ssp245,37
29.789,-88.75,2096,ssp245,23
29.789,-83.75,2096,ssp245,26
29.789,-78.75,2096,ssp245,0
29.789,-73.75,2096,ssp245,0
29.789,-68.75,2096,ssp245,0
32.324,-123.75,2096,ssp245,0
32.324,-118.75,2096,ssp245,0
32.324,-113.75,2096,ssp245,36
32.324,-108.75,2096,ssp245,113
32.324,-103.75,2096,ssp245,86
32.324,-98.75,2096,ssp245,65
32.324,-93.75,2096,ssp245,61
32.324,-88.75,2096,ssp245,62
32.324,-83.75,2096,ssp245,58
32.324,-78.75,2096,ssp245,11
32.324,-73.75,2096,ssp245,0
32.324,-68.75,2096,ssp245,0
34.859,-123.75,2096,ssp245,0
34.859,-118.75,2096,ssp245,31
34.859,-113.75,2096,ssp245,113
34.859,-108.75,2096,ssp245,89
34.859,-103.75,2096,ssp245,85
34.859,-98.75,2096,ssp245,61
34.859,-93.75,2096,ssp245,52
34.859,-88.75,2096,ssp245,53
34.859,-83.75,2096,ssp245,57
34.859,-78.75,2096,ssp245,59
34.859,-73.75,2096,ssp245,4
34.859,-68.75,2096,ssp245,0
37.394,-123.75,2096,ssp245,0
37.394,-118.75,2096,ssp245,141
37.394,-113.75,2096,ssp245,96
37.394,-108.75,2096,ssp245,73
37.394,-103.75,2096,ssp245,72
37.394,-98.75,2096,ssp245,48
37.394,-93.75,2096,ssp245,57
37.394,-88.75,2096,ssp245,50
37.394,-83.75,2096,ssp245,50
37.394,-78.75,2096,ssp245,60
37.394,-73.75,2096,ssp245,48
37.394,-68.75,2096,ssp245,0
39.93,-123.75,2096,ssp245,18
39.93,-118.75,2096,ssp245,125
39.93,-113.75,2096,ssp245,86
39.93,-108.75,2096,ssp245,59
39.93,-103.75,2096,ssp245,81
39.93,-98.75,2096,ssp245,44
39.93,-93.75,2096,ssp245,38
39.93,-88.75,2096,ssp245,46
39.93,-83.75,2096,ssp245,55
39.93,-78.75,2096,ssp245,55
39.93,-73.75,2096,ssp245,72
39.93,-68.75,2096,ssp245,50
42.465,-123.75,2096,ssp245,90
42.465,-118.75,2096,ssp245,123
42.465,-113.75,2096,ssp245,90
42.465,-108.75,2096,ssp245,65
42.465,-103.75,2096,ssp245,75
42.465,-98.75,2096,ssp245,46
42.465,-93.75,2096,ssp245,44
42.465,-88.75,2096,ssp245,55
42.465,-83.75,2096,ssp245,60
42.465,-78.75,2096,ssp245,70
42.465,-73.75,2096,ssp245,58
42.465,-68.75,2096,ssp245,91
45.0,-123.75,2096,ssp245,56
45.0,-118.75,2096,ssp245,125
45.0,-113.75,2096,ssp245,83
45.0,-108.75,2096,ssp245,84
45.0,-103.75,2096,ssp245,70
45.0,-98.75,2096,ssp245,46
45.0,-93.75,2096,ssp245,46
45.0,-88.75,2096,ssp245,62
45.0,-83.75,2096,ssp245,70
45.0,-78.75,2096,ssp245,66
45.0,-73.75,2096,ssp245,57
45.0,-68.75,2096,ssp245,66
47.535,-123.75,2096,ssp245,65
47.535,-118.75,2096,ssp245,113
47.535,-113.75,2096,ssp245,105
47.535,-108.75,2096,ssp245,86
47.535,-103.75,2096,ssp245,62
47.535,-98.75,2096,ssp245,49
47.535,-93.75,2096,ssp245,56
47.535,-88.75,2096,ssp245,80
47.535,-83.75,2096,ssp245,59
47.535,-78.75,2096,ssp245,60
47.535,-73.75,2096,ssp245,57
47.535,-68.75,2096,ssp245,63
24.718,-123.75,2097,ssp245,0
24.718,-118.75,2097,ssp245,0
24.718,-113.75,2097,ssp245,0
24.718,-108.75,2097,ssp245,0
24.718,-103.75,2097,ssp245,61
24.718,-98.75,2097,ssp245,5
24.718,-93.75,2097,ssp245,0
24.718,-88.75,2097,ssp245,0
24.718,-83.75,2097,ssp245,0
24.718,-78.75,2097,ssp245,0
24.718,-73.75,2097,ssp245,0
24.718,-68.75,2097,ssp245,0
27.254,-123.75,2097,ssp245,0
27.254,-118.75,2097,ssp245,0
27.254,-113.75,2097,ssp245,0
27.254,-108.75,2097,ssp245,21
27.254,-103.75,2097,ssp245,54
27.254,-98.75,2097,ssp245,8
27.254,-93.75,2097,ssp245,0
27.254,-88.75,2097,ssp245,0
27.254,-83.75,2097,ssp245,0
27.254,-78.75,2097,ssp245,0
27.254,-73.75,2097,ssp245,0
27.254,-68.75,2097,ssp245,0
29.789,-123.75,2097,ssp245,0
29.789,-118.75,2097,ssp245,0
29.789,-113.75,2097,ssp245,5
29.789,-108.75,2097,ssp245,102
29.789,-103.75,2097,ssp245,77
29.789,-98.75,2097,ssp245,37
29.789,-93.75,2097,ssp245,11
29.789,-88.75,2097,ssp245,5
29.789,-83.75,2097,ssp245,10
29.789,-78.75,2097,ssp245,0
29.789,-73.75,2097,ssp245,0
29.789,-68.75,2097,ssp245,0
32.324,-123.75,2097,ssp245,0
32.324,-118.75,2097,ssp245,0
32.324,-113.75,2097,ssp245,46
32.324,-108.75,2097,ssp245,111
32.324,-103.75,2097,ssp245,99
32.324,-98.75,2097,ssp245,71
32.324,-93.75,2097,ssp245,39
32.324,-88.75,2097,ssp245,39
32.324,-83.75,2097,ssp245,37
32.324,-78.75,2097,ssp245,6
32.324,-73.75,2097,ssp245,0
32.324,-68.75,2097,ssp245,0
34.859,-123.75,2097,ssp245,0
34.859,-118.75,2097,ssp245,41
34.859,-113.75,2097,ssp245,108
34.859,-108.75,2097,ssp245,77
34.859,-103.75,2097,ssp245,80
34.859,-98.75,2097,ssp245,87
34.859,-93.75,2097,ssp245,60
34.859,-88.75,2097,ssp245,51
34.859,-83.75,2097,ssp245,62
34.859,-78.75,2097,ssp245,39
34.859,-73.75,2097,ssp245,2
34.859,-68.75,2097,ssp245,0
37.394,-123.75,2097,ssp245,0
37.394,-118.75,2097,ssp245,123
37.394,-113.75,2097,ssp245,87
37.394,-108.75,2097,ssp245,78
37.394,-103.75,2097,ssp245,64
37.394,-98.75,2097,ssp245,82
37.394,-93.75,2097,ssp245,79
37.394,-88.75,2097,ssp245,73
37.394,-83.75,2097,ssp245,66
37.394,-78.75,2097,ssp245,77
37.394,-73.75,2097,ssp245,11
37.394,-68.75,2097,ssp245,0
39.93,-123.75,2097,ssp245,17
39.93,-118.75,2097,ssp245,95
39.93,-113.75,2097,ssp245,77
39.93,-108.75,2097,ssp245,68
39.93,-103.75,2097,ssp245,63
39.93,-98.75,2097,ssp245,79
39.93,-93.75,2097,ssp245,76
39.93,-88.75,2097,ssp245,79
39.93,-83.75,2097,ssp245,72
39.93,-78.75,2097,ssp245,70
39.93,-73.75,2097,ssp245,77
39.93,-68.75,2097,ssp245,18
42.465,-123.75,2097,ssp245,96
42.465,-118.75,2097,ssp245,98
42.465,-113.75,2097,ssp245,80
42.465,-108.75,2097,ssp245,62
42.465,-103.75,2097,ssp245,65
42.465,-98.75,2097,ssp245,71
42.465,-93.75,2097,ssp245,65
42.465,-88.75,2097,ssp245,90
42.465,-83.75,2097,ssp245,88
42.465,-78.75,2097,ssp245,91
42.465,-73.75,2097,ssp245,69
42.465,-68.75,2097,ssp245,100
45.0,-123.75,2097,ssp245,54
45.0,-118.75,2097,ssp245,123
45.0,-113.75,2097,ssp245,75
45.0,-108.75,2097,ssp245,74
45.0,-103.75,2097,ssp245,74
45.0,-98.75,2097,ssp245,64
45.0,-93.75,2097,ssp245,46
45.0,-88.75,2097,ssp245,65
45.0,-83.75,2097,ssp245,86
45.0,-78.75,2097,ssp245,73
45.0,-73.75,2097,ssp245,52
45.0,-68.75,2097,ssp245,72
47.535,-123.75,2097,ssp245,80
47.535,-118.75,2097,ssp245,115
47.535,-113.75,2097,ssp245,93
47.535,-108.75,2097,ssp245,80
47.535,-103.75,2097,ssp245,60
47.535,-98.75,2097,ssp245,48
47.535,-93.75,2097,ssp245,42
47.535,-88.75,2097,ssp245,70
47.535,-83.75,2097,ssp245,53
47.535,-78.75,2097,ssp245,46
47.535,-73.75,2097,ssp245,36
47.535,-68.75,2097,ssp245,45
24.718,-123.75,2098,ssp245,0
24.718,-118.75,2098,ssp245,0
24.718,-113.75,2098,ssp245,0
24.718,-108.75,2098,ssp245,0
24.718,-103.75,2098,ssp245,30
24.718,-98.75,2098,ssp245,1
24.718,-93.75,2098,ssp245,0
24.718,-88.75,2098,ssp245,0
24.718,-83.75,2098,ssp245,0
24.718,-78.75,2098,ssp245,0
24.718,-73.75,2098,ssp245,0
24.718,-68.75,2098,ssp245,0
27.254,-123.75,2098,ssp245,0
27.254,-118.75,2098,ssp245,0
27.254,-113.75,2098,ssp245,0
27.254,-108.75,2098,ssp245,22
27.254,-103.75,2098,ssp245,38
27.254,-98.75,2098,ssp245,4
27.254,-93.75,2098,ssp245,0
27.254,-88.75,2098,ssp245,0
27.254,-83.75,2098,ssp245,0
27.254,-78.75,2098,ssp245,0
27.254,-73.75,2098,ssp245,0
27.254,-68.75,2098,ssp245,0
29.789,-123.75,2098,ssp245,0
29.789,-118.75,2098,ssp245,0
29.789,-113.75,2098,ssp245,6
29.789,-108.75,2098,ssp245,61
29.789,-103.75,2098,ssp245,66
29.789,-98.75,2098,ssp245,36
29.789,-93.75,2098,ssp245,10
29.789,-88.75,2098,ssp245,6
29.789,-83.75,2098,ssp245,11
29.789,-78.75,2098,ssp245,0
29.789,-73.75,2098,ssp245,0
29.789,-68.75,2098,ssp245,0
32.324,-123.75,2098,ssp245,0
32.324,-118.75,2098,ssp245,0
32.324,-113.75,2098,ssp245,37
32.324,-108.75,2098,ssp245,99
32.324,-103.75,2098,ssp245,95
32.324,-98.75,2098,ssp245,71
32.324,-93.75,2098,ssp245,47
32.324,-88.75,2098,ssp245,46
32.324,-83.75,2098,ssp245,37
32.324,-78.75,2098,ssp245,4
32.324,-73.75,2098,ssp245,0
32.324,-68.75,2098,ssp245,0
34.859,-123.75,2098,ssp245,0
34.859,-118.75,2098,ssp245,48
34.859,-113.75,2098,ssp245,95
34.859,-108.75,2098,ssp245,100
34.859,-103.75,2098,ssp245,91
34.859,-98.75,2098,ssp245,88
34.859,-93.75,2098,ssp245,86
34.859,-88.75,2098,ssp245,69
34.859,-83.75,2098,ssp245,75
34.859,-78.75,2098,ssp245,48
34.859,-73.75,2098,ssp245,0
34.859,-68.75,2098,ssp245,0
37.394,-123.75,2098,ssp245,6
37.394,-118.75,2098,ssp245,132
37.394,-113.75,2098,ssp245,106
37.394,-108.75,2098,ssp245,90
37.394,-103.75,2098,ssp245,87
37.394,-98.75,2098,ssp245,100
37.394,-93.75,2098,ssp245,91
37.394,-88.75,2098,ssp245,95
37.394,-83.75,2098,ssp245,83
37.394,-78.75,2098,ssp245,84
37.394,-73.75,2098,ssp245,16
37.394,-68.75,2098,ssp245,1
39.93,-123.75,2098,ssp245,50
39.93,-118.75,2098,ssp245,124
39.93,-113.75,2098,ssp245,93
39.93,-108.75,2098,ssp245,69
39.93,-103.75,2098,ssp245,80
39.93,-98.75,2098,ssp245,86
39.93,-93.75,2098,ssp245,73
39.93,-88.75,2098,ssp245,76
39.93,-83.75,2098,ssp245,77
39.93,-78.75,2098,ssp245,66
39.93,-73.75,2098,ssp245,86
39.93,-68.75,2098,ssp245,33
42.465,-123.75,2098,ssp245,94
42.465,-118.75,2098,ssp245,131
42.465,-113.75,2098,ssp245,100
42.465,-108.75,2098,ssp245,68
42.465,-103.75,2098,ssp245,91
42.465,-98.75,2098,ssp245,84
42.465,-93.75,2098,ssp245,74
42.465,-88.75,2098,ssp245,78
42.465,-83.75,2098,ssp245,71
42.465,-78.75,2098,ssp245,80
42.465,-73.75,2098,ssp245,63
42.465,-68.75,2098,ssp245,103
45.0,-123.75,2098,ssp245,89
45.0,-118.75,2098,ssp245,122
45.0,-113.75,2098,ssp245,74
45.0,-108.75,2098,ssp245,85
45.0,-103.75,2098,ssp245,95
45.0,-98.75,2098,ssp245,77
45.0,-93.75,2098,ssp245,69
45.0,-88.75,2098,ssp245,73
45.0,-83.75,2098,ssp245,92
45.0,-78.75,2098,ssp245,75
45.0,-73.75,2098,ssp245,61
45.0,-68.75,2098,ssp245,72
47.535,-123.75,2098,ssp245,95
47.535,-118.75,2098,ssp245,107
47.535,-113.75,2098,ssp245,91
47.535,-108.75,2098,ssp245,91
47.535,-103.75,2098,ssp245,95
47.535,-98.75,2098,ssp245,74
47.535,-93.75,2098,ssp245,65
47.535,-88.75,2098,ssp245,77
47.535,-83.75,2098,ssp245,72
47.535,-78.75,2098,ssp245,62
47.535,-73.75,2098,ssp245,60
47.535,-68.75,2098,ssp245,61
24.718,-123.75,2099,ssp245,0
24.718,-118.75,2099,ssp245,0
24.718,-113.75,2099,ssp245,0
24.718,-108.75,2099,ssp245,0
24.718,-103.75,2099,ssp245,26
24.718,-98.75,2099,ssp245,1
24.718,-93.75,2099,ssp245,0
24.718,-88.75,2099,ssp245,0
24.718,-83.75,2099,ssp245,0
24.718,-78.75,2099,ssp245,0
24.718,-73.75,2099,ssp245,0
24.718,-68.75,2099,ssp245,0
27.254,-123.75,2099,ssp245,0
27.254,-118.75,2099,ssp245,0
27.254,-113.75,2099,ssp245,0
27.254,-108.75,2099,ssp245,16
27.254,-103.75,2099,ssp245,25
27.254,-98.75,2099,ssp245,6
27.254,-93.75,2099,ssp245,0
27.254,-88.75,2099,ssp245,0
27.254,-83.75,2099,ssp245,0
27.254,-78.75,2099,ssp245,0
27.254,-73.75,2099,ssp245,0
27.254,-68.75,2099,ssp245,0
29.789,-123.75,2099,ssp245,0
29.789,-118.75,2099,ssp245,0
29.789,-113.75,2099,ssp245,1
29.789,-108.75,2099,ssp245,62
29.789,-103.75,2099,ssp245,46
29.789,-98.75,2099,ssp245,25
29.789,-93.75,2099,ssp245,9
29.789,-88.75,2099,ssp245,4
29.789,-83.75,2099,ssp245,9
29.789,-78.75,2099,ssp245,0
29.789,-73.75,2099,ssp245,0
29.789,-68.75,2099,ssp245,0
32.324,-123.75,2099,ssp245,0
32.324,-118.75,2099,ssp245,0
32.324,-113.75,2099,ssp245,26
32.324,-108.75,2099,ssp245,115
32.324,-103.75,2099,ssp245,78
32.324,-98.75,2099,ssp245,42
32.324,-93.75,2099,ssp245,34
32.324,-88.75,2099,ssp245,35
32.324,-83.75,2099,ssp245,28
32.324,-78.75,2099,ssp245,3
32.324,-73.75,2099,ssp245,0
32.324,-68.75,2099,ssp245,0
34.859,-123.75,2099,ssp245,0
34.859,-118.75,2099,ssp245,31
34.859,-113.75,2099,ssp245,120
34.859,-108.75,2099,ssp245,117
34.859,-103.75,2099,ssp245,117
34.859,-98.75,2099,ssp245,73
34.859,-93.75,2099,ssp245,60
34.859,-88.75,2099,ssp245,48
34.859,-83.75,2099,ssp245,40
34.859,-78.75,2099,ssp245,29
34.859,-73.75,2099,ssp245,0
34.859,-68.75,2099,ssp245,0
37.394,-123.75,2099,ssp245,0
37.394,-118.75,2099,ssp245,149
37.394,-113.75,2099,ssp245,105
37.394,-108.75,2099,ssp245,87
37.394,-103.75,2099,ssp245,98
37.394,-98.75,2099,ssp245,86
37.394,-93.75,2099,ssp245,68
37.394,-88.75,2099,ssp245,64
37.394,-83.75,2099,ssp245,66
37.394,-78.75,2099,ssp245,63
37.394,-73.75,2099,ssp245,11
37.394,-68.75,2099,ssp245,0
39.93,-123.75,2099,ssp245,38
39.93,-118.75,2099,ssp245,104
39.93,-113.75,2099,ssp245,86
39.93,-108.75,2099,ssp245,78
39.93,-103.75,2099,ssp245,83
39.93,-98.75,2099,ssp245,92
39.93,-93.75,2099,ssp245,71
39.93,-88.75,2099,ssp245,71
39.93,-83.75,2099,ssp245,72
39.93,-78.75,2099,ssp245,74
39.93,-73.75,2099,ssp245,57
39.93,-68.75,2099,ssp245,24
42.465,-123.75,2099,ssp245,118
42.465,-118.75,2099,ssp245,98
42.465,-113.75,2099,ssp245,93
42.465,-108.75,2099,ssp245,78
42.465,-103.75,2099,ssp245,79
42.465,-98.75,2099,ssp245,83
42.465,-93.75,2099,ssp245,69
42.465,-88.75,2099,ssp245,76
42.465,-83.75,2099,ssp245,76
42.465,-78.75,2099,ssp245,85
42.465,-73.75,2099,ssp245,90
42.465,-68.75,2099,ssp245,82
45.0,-123.75,2099,ssp245,96
45.0,-118.75,2099,ssp245,117
45.0,-113.75,2099,ssp245,85
45.0,-108.75,2099,ssp245,80
45.0,-103.75,2099,ssp245,72
45.0,-98.75,2099,ssp245,67
45.0,-93.75,2099,ssp245,71
45.0,-88.75,2099,ssp245,86
45.0,-83.75,2099,ssp245,103
45.0,-78.75,2099,ssp245,95
45.0,-73.75,2099,ssp245,87
45.0,-68.75,2099,ssp245,90
47.535,-123.75,2099,ssp245,108
47.535,-118.75,2099,ssp245,93
47.535,-113.75,2099,ssp245,85
47.535,-108.75,2099,ssp245,78
47.535,-103.75,2099,ssp245,65
47.535,-98.75,2099,ssp245,60
47.535,-93.75,2099,ssp245,60
47.535,-88.75,2099,ssp245,95
47.535,-83.75,2099,ssp245,83
47.535,-78.75,2099,ssp245,89
47.535,-73.75,2099,ssp245,89
47.535,-68.75,2099,ssp245,76
24.718,-123.75,2100,ssp245,0
24.718,-118.75,2100,ssp245,0
24.718,-113.75,2100,ssp245,0
24.718,-108.75,2100,ssp245,0
24.718,-103.75,2100,ssp245,48
24.718,-98.75,2100,ssp245,6
24.718,-93.75,2100,ssp245,0
24.718,-88.75,2100,ssp245,0
24.718,-83.75,2100,ssp245,0
24.718,-78.75,2100,ssp245,0
24.718,-73.75,2100,ssp245,0
24.718,-68.75,2100,ssp245,0
27.254,-123.75,2100,ssp245,0
27.254,-118.75,2100,ssp245,0
27.254,-113.75,2100,ssp245,0
27.254,-108.75,2100,ssp245,36
27.254,-103.75,2100,ssp245,41
27.254,-98.75,2100,ssp245,18
27.254,-93.75,2100,ssp245,0
27.254,-88.75,2100,ssp245,0
27.254,-83.75,2100,ssp245,0
27.254,-78.75,2100,ssp245,0
27.254,-73.75,2100,ssp245,0
27.254,-68.75,2100,ssp245,0
29.789,-123.75,2100,ssp245,0
29.789,-118.75,2100,ssp245,0
29.789,-113.75,2100,ssp245,8
29.789,-108.75,2100,ssp245,82
29.789,-103.75,2100,ssp245,50
29.789,-98.75,2100,ssp245,40
29.789,-93.75,2100,ssp245,26
29.789,-88.75,2100,ssp245,6
29.789,-83.75,2100,ssp245,13
29.789,-78.75,2100,ssp245,1
29.789,-73.75,2100,ssp245,0
29.789,-68.75,2100,ssp245,0
32.324,-123.75,2100,ssp245,0
32.324,-118.75,2100,ssp245,0
32.324,-113.75,2100,ssp245,53
32.324,-108.75,2100,ssp245,110
32.324,-103.75,2100,ssp245,83
32.324,-98.75,2100,ssp245,60
32.324,-93.75,2100,ssp245,59
32.324,-88.75,2100,ssp245,65
32.324,-83.75,2100,ssp245,47
32.324,-78.75,2100,ssp245,7
32.324,-73.75,2100,ssp245,0
32.324,-68.75,2100,ssp245,0
34.859,-123.75,2100,ssp245,0
34.859,-118.75,2100,ssp245,45
34.859,-113.75,2100,ssp245,103
34.859,-108.75,2100,ssp245,107
34.859,-103.75,2100,ssp245,106
34.859,-98.75,2100,ssp245,73
34.859,-93.75,2100,ssp245,69
34.859,-88.75,2100,ssp245,74
34.859,-83.75,2100,ssp245,71
34.859,-78.75,2100,ssp245,45
34.859,-73.75,2100,ssp245,3
34.859,-68.75,2100,ssp245,0
37.394,-123.75,2100,ssp245,1
37.394,-118.75,2100,ssp245,125
37.394,-113.75,2100,ssp245,96
37.394,-108.75,2100,ssp245,67
37.394,-103.75,2100,ssp245,64
37.394,-98.75,2100,ssp245,77
37.394,-93.75,2100,ssp245,76
37.394,-88.75,2100,ssp245,76
37.394,-83.75,2100,ssp245,75
37.394,-78.75,2100,ssp245,73
37.394,-73.75,2100,ssp245,32
37.394,-68.75,2100,ssp245,2
39.93,-123.75,2100,ssp245,22
39.93,-118.75,2100,ssp245,90
39.93,-113.75,2100,ssp245,66
39.93,-108.75,2100,ssp245,53
39.93,-103.75,2100,ssp245,59
39.93,-98.75,2100,ssp245,66
39.93,-93.75,2100,ssp245,57
39.93,-88.75,2100,ssp245,68
39.93,-83.75,2100,ssp245,76
39.93,-78.75,2100,ssp245,68
39.93,-73.75,2100,ssp245,71
39.93,-68.75,2100,ssp245,50
42.465,-123.75,2100,ssp245,118
42.465,-118.75,2100,ssp245,77
42.465,-113.75,2100,ssp245,66
42.465,-108.75,2100,ssp245,57
42.465,-103.75,2100,ssp245,52
42.465,-98.75,2100,ssp245,55
42.465,-93.75,2100,ssp245,58
42.465,-88.75,2100,ssp245,71
42.465,-83.75,2100,ssp245,73
42.465,-78.75,2100,ssp245,69
42.465,-73.75,2100,ssp245,61
42.465,-68.75,2100,ssp245,83
45.0,-123.75,2100,ssp245,90
45.0,-118.75,2100,ssp245,105
45.0,-113.75,2100,ssp245,58
45.0,-108.75,2100,ssp245,58
45.0,-103.75,2100,ssp245,54
45.0,-98.75,2100,ssp245,49
45.0,-93.75,2100,ssp245,41
45.0,-88.75,2100,ssp245,51
45.0,-83.75,2100,ssp245,73
45.0,-78.75,2100,ssp245,70
45.0,-73.75,2100,ssp245,52
45.0,-68.75,2100,ssp245,72
47.535,-123.75,2100,ssp245,102
47.535,-118.75,2100,ssp245,99
47.535,-113.75,2100,ssp245,66
47.535,-108.75,2100,ssp245,66
47.535,-103.75,2100,ssp245,45
47.535,-98.75,2100,ssp245,37
47.535,-93.75,2100,ssp245,30
47.535,-88.75,2100,ssp245,56
47.535,-83.75,2100,ssp245,52
47.535,-78.75,2100,ssp245,43
47.535,-73.75,2100,ssp245,34
47.535,-68.75,2100,ssp245,45
24.718,-123.75,2020,ssp585,0
24.718,-118.75,2020,ssp585,0
24.718,-113.75,2020,ssp585,0
24.718,-108.75,2020,ssp585,0
24.718,-103.75,2020,ssp585,67
24.718,-98.75,2020,ssp585,5
24.718,-93.75,2020,ssp585,0
24.718,-88.75,2020,ssp585,0
24.718,-83.75,2020,ssp585,0
24.718,-78.75,2020,ssp585,0
24.718,-73.75,2020,ssp585,0
24.718,-68.75,2020,ssp585,0
27.254,-123.75,2020,ssp585,0
27.254,-118.75,2020,ssp585,0
27.254,-113.75,2020,ssp585,0
27.254,-108.75,2020,ssp585,27
27.254,-103.75,2020,ssp585,64
27.254,-98.75,2020,ssp585,21
27.254,-93.75,2020,ssp585,0
27.254,-88.75,2020,ssp585,0
27.254,-83.75,2020,ssp585,0
27.254,-78.75,2020,ssp585,0
27.254,-73.75,2020,ssp585,0
27.254,-68.75,2020,ssp585,0
29.789,-123.75,2020,ssp585,0
29.789,-118.75,2020,ssp585,0
29.789,-113.75,2020,ssp585,13
29.789,-108.75,2020,ssp585,103
29.789,-103.75,2020,ssp585,81
29.789,-98.75,2020,ssp585,49
29.789,-93.75,2020,ssp585,36
29.789,-88.75,2020,ssp585,16
29.789,-83.75,2020,ssp585,26
29.789,-78.75,2020,ssp585,1
29.789,-73.75,2020,ssp585,0
29.789,-68.75,2020,ssp585,0
32.324,-123.75,2020,ssp585,0
32.324,-118.75,2020,ssp585,1
32.324,-113.75,2020,ssp585,53
32.324,-108.75,2020,ssp585,132
32.324,-103.75,2020,ssp585,109
32.324,-98.75,2020,ssp585,71
32.324,-93.75,2020,ssp585,66
32.324,-88.75,2020,ssp585,74
32.324,-83.75,2020,ssp585,68
32.324,-78.75,2020,ssp585,10
32.324,-73.75,2020,ssp585,0
32.324,-68.75,2020,ssp585,0
34.859,-123.75,2020,ssp585,0
34.859,-118.75,2020,ssp585,67
34.859,-113.75,2020,ssp585,104
34.859,-108.75,2020,ssp585,104
34.859,-103.75,2020,ssp585,95
34.859,-98.75,2020,ssp585,77
34.859,-93.75,2020,ssp585,77
34.859,-88.75,2020,ssp585,74
34.859,-83.75,2020,ssp585,68
34.859,-78.75,2020,ssp585,82
34.859,-73.75,2020,ssp585,10
34.859,-68.75,2020,ssp585,0
37.394,-123.75,2020,ssp585,14
37.394,-118.75,2020,ssp585,145
37.394,-113.75,2020,ssp585,100
37.394,-108.75,2020,ssp585,86
37.394,-103.75,2020,ssp585,83
37.394,-98.75,2020,ssp585,78
37.394,-93.75,2020,ssp585,68
37.394,-88.75,2020,ssp585,71
37.394,-83.75,2020,ssp585,65
37.394,-78.75,2020,ssp585,66
37.394,-73.75,2020,ssp585,51
37.394,-68.75,2020,ssp585,6
39.93,-123.75,2020,ssp585,61
39.93,-118.75,2020,ssp585,108
39.93,-113.75,2020,ssp585,92
39.93,-108.75,2020,ssp585,93
39.93,-103.75,2020,ssp585,77
39.93,-98.75,2020,ssp585,58
39.93,-93.75,2020,ssp585,54
39.93,-88.75,2020,ssp585,57
39.93,-83.75,2020,ssp585,70
39.93,-78.75,2020,ssp585,75
39.93,-73.75,2020,ssp585,104
39.93,-68.75,2020,ssp585,73
42.465,-123.75,2020,ssp585,128
42.465,-118.75,2020,ssp585,106
42.465,-113.75,2020,ssp585,87
42.465,-108.75,2020,ssp585,87
42.465,-103.75,2020,ssp585,81
42.465,-98.75,2020,ssp585,55
42.465,-93.75,2020,ssp585,44
42.465,-88.75,2020,ssp585,64
42.465,-83.75,2020,ssp585,73
42.465,-78.75,2020,ssp585,81
42.465,-73.75,2020,ssp585,67
42.465,-68.75,2020,ssp585,132
45.0,-123.75,2020,ssp585,109
45.0,-118.75,2020,ssp585,104
45.0,-113.75,2020,ssp585,77
45.0,-108.75,2020,ssp585,77
45.0,-103.75,2020,ssp585,71
45.0,-98.75,2020,ssp585,50
45.0,-93.75,2020,ssp585,50
45.0,-88.75,2020,ssp585,61
45.0,-83.75,2020,ssp585,69
45.0,-78.75,2020,ssp585,68
45.0,-73.75,2020,ssp585,50
45.0,-68.75,2020,ssp585,77
47.535,-123.75,2020,ssp585,105
47.535,-118.75,2020,ssp585,87
47.535,-113.75,2020,ssp585,76
47.535,-108.75,2020,ssp585,66
47.535,-103.75,2020,ssp585,63
47.535,-98.75,2020,ssp585,51
47.535,-93.75,2020,ssp585,54
47.535,-88.75,2020,ssp585,69
47.535,-83.75,2020,ssp585,62
47.535,-78.75,2020,ssp585,57
47.535,-73.75,2020,ssp585,41
47.535,-68.75,2020,ssp585,54
24.718,-123.75,2021,ssp585,0
24.718,-118.75,2021,ssp585,0
24.718,-113.75,2021,ssp585,0
24.718,-108.75,2021,ssp585,0
24.718,-103.75,2021,ssp585,100
24.718,-98.75,2021,ssp585,9
24.718,-93.75,2021,ssp585,0
24.718,-88.75,2021,ssp585,0
24.718,-83.75,2021,ssp585,0
24.718,-78.75,2021,ssp585,0
24.718,-73.75,2021,ssp585,0
24.718,-68.75,2021,ssp585,0
27.254,-123.75,2021,ssp585,0
27.254,-118.75,2021,ssp585,0
27.254,-113.75,2021,ssp585,0
27.254,-108.75,2021,ssp585,57
27.254,-103.75,2021,ssp585,89
27.254,-98.75,2021,ssp585,23
27.254,-93.75,2021,ssp585,0
27.254,-88.75,2021,ssp585,0
27.254,-83.75,2021,ssp585,1
27.254,-78.75,2021,ssp585,0
27.254,-73.75,2021,ssp585,0
27.254,-68.75,2021,ssp585,0
29.789,-123.75,2021,ssp585,0
29.789,-118.75,2021,ssp585,0
29.789,-113.75,2021,ssp585,13
29.789,-108.75,2021,ssp585,129
29.789,-103.75,2021,ssp585,101
29.789,-98.75,2021,ssp585,61
29.789,-93.75,2021,ssp585,26
29.789,-88.75,2021,ssp585,16
29.789,-83.75,2021,ssp585,19
29.789,-78.75,2021,ssp585,0
29.789,-73.75,2021,ssp585,0
29.789,-68.75,2021,ssp585,0
32.324,-123.75,2021,ssp585,0
32.324,-118.75,2021,ssp585,0
32.324,-113.75,2021,ssp585,75
32.324,-108.75,2021,ssp585,122
32.324,-103.75,2021,ssp585,120
32.324,-98.75,2021,ssp585,92
32.324,-93.75,2021,ssp585,83
32.324,-88.75,2021,ssp585,72
32.324,-83.75,2021,ssp585,60
32.324,-78.75,2021,ssp585,14
32.324,-73.75,2021,ssp585,0
32.324,-68.75,2021,ssp585,0
34.859,-123.75,2021,ssp585,0
34.859,-118.75,2021,ssp585,96
34.859,-113.75,2021,ssp585,134
34.859,-108.75,2021,ssp585,86
34.859,-103.75,2021,ssp585,84
34.859,-98.75,2021,ssp585,84
34.859,-93.75,2021,ssp585,77
34.859,-88.75,2021,ssp585,82
34.859,-83.75,2021,ssp585,97
34.859,-78.75,2021,ssp585,77
34.859,-73.75,2021,ssp585,10
34.859,-68.75,2021,ssp585,0
37.394,-123.75,2021,ssp585,1
37.394,-118.75,2021,ssp585,118
37.394,-113.75,2021,ssp585,109
37.394,-108.75,2021,ssp585,77
37.394,-103.75,2021,ssp585,67
37.394,-98.75,2021,ssp585,65
37.394,-93.75,2021,ssp585,65
37.394,-88.75,2021,ssp585,71
37.394,-83.75,2021,ssp585,75
37.394,-78.75,2021,ssp585,74
37.394,-73.75,2021,ssp585,41
37.394,-68.75,2021,ssp585,10
39.93,-123.75,2021,ssp585,83
39.93,-118.75,2021,ssp585,114
39.93,-113.75,2021,ssp585,95
39.93,-108.75,2021,ssp585,65
39.93,-103.75,2021,ssp585,69
39.93,-98.75,2021,ssp585,58
39.93,-93.75,2021,ssp585,58
39.93,-88.75,2021,ssp585,60
39.93,-83.75,2021,ssp585,64
39.93,-78.75,2021,ssp585,59
39.93,-73.75,2021,ssp585,92
39.93,-68.75,2021,ssp585,85
42.465,-123.75,2021,ssp585,152
42.465,-118.75,2021,ssp585,105
42.465,-113.75,2021,ssp585,87
42.465,-108.75,2021,ssp585,64
42.465,-103.75,2021,ssp585,67
42.465,-98.75,2021,ssp585,62
42.465,-93.75,2021,ssp585,55
42.465,-88.75,2021,ssp585,69
42.465,-83.75,2021,ssp585,71
42.465,-78.75,2021,ssp585,66
42.465,-73.75,2021,ssp585,60
42.465,-68.75,2021,ssp585,119
45.0,-123.75,2021,ssp585,127
45.0,-118.75,2021,ssp585,102
45.0,-113.75,2021,ssp585,78
45.0,-108.75,2021,ssp585,60
45.0,-103.75,2021,ssp585,62
45.0,-98.75,2021,ssp585,51
45.0,-93.75,2021,ssp585,48
45.0,-88.75,2021,ssp585,55
45.0,-83.75,2021,ssp585,67
45.0,-78.75,2021,ssp585,57
45.0,-73.75,2021,ssp585,57
45.0,-68.75,2021,ssp585,66
47.535,-123.75,2021,ssp585,116
47.535,-118.75,2021,ssp585,89
47.535,-113.75,2021,ssp585,70
47.535,-108.75,2021,ssp585,57
47.535,-103.75,2021,ssp585,53
47.535,-98.75,2021,ssp585,47
47.535,-93.75,2021,ssp585,41
47.535,-88.75,2021,ssp585,56
47.535,-83.75,2021,ssp585,46
47.535,-78.75,2021,ssp585,40
47.535,-73.75,2021,ssp585,44
47.535,-68.75,2021,ssp585,46
24.718,-123.75,2022,ssp585,0
24.718,-118.75,2022,ssp585,0
24.718,-113.75,2022,ssp585,0
24.718,-108.75,2022,ssp585,0
24.718,-103.75,2022,ssp585,72
24.718,-98.75,2022,ssp585,21
24.718,-93.75,2022,ssp585,0
24.718,-88.75,2022,ssp585,0
24.718,-83.75,2022,ssp585,0
24.718,-78.75,2022,ssp585,0
24.718,-73.75,2022,ssp585,0
24.718,-68.75,2022,ssp585,0
27.254,-123.75,2022,ssp585,0
27.254,-118.75,2022,ssp585,0
27.254,-113.75,2022,ssp585,0
27.254,-108.75,2022,ssp585,45
27.254,-103.75,2022,ssp585,47
27.254,-98.75,2022,ssp585,24
27.254,-93.75,2022,ssp585,0
27.254,-88.75,2022,ssp585,0
27.254,-83.75,2022,ssp585,0
27.254,-78.75,2022,ssp585,0
27.254,-73.75,2022,ssp585,0
27.254,-68.75,2022,ssp585,0
29.789,-123.75,2022,ssp585,0
29.789,-118.75,2022,ssp585,0
29.789,-113.75,2022,ssp585,10
29.789,-108.75,2022,ssp585,92
29.789,-103.75,2022,ssp585,59
29.789,-98.75,2022,ssp585,41
29.789,-93.75,2022,ssp585,24
29.789,-88.75,2022,ssp585,12
29.789,-83.75,2022,ssp585,15
29.789,-78.75,2022,ssp585,0
29.789,-73.75,2022,ssp585,0
29.789,-68.75,2022,ssp585,0
32.324,-123.75,2022,ssp585,0
32.324,-118.75,2022,ssp585,0
32.324,-113.75,2022,ssp585,69
32.324,-108.75,2022,ssp585,112
32.324,-103.75,2022,ssp585,97
32.324,-98.75,2022,ssp585,65
32.324,-93.75,2022,ssp585,45
32.324,-88.75,2022,ssp585,42
32.324,-83.75,2022,ssp585,48
32.324,-78.75,2022,ssp585,5
32.324,-73.75,2022,ssp585,0
32.324,-68.75,2022,ssp585,0
34.859,-123.75,2022,ssp585,0
34.859,-118.75,2022,ssp585,87
34.859,-113.75,2022,ssp585,132
34.859,-108.75,2022,ssp585,102
34.859,-103.75,2022,ssp585,111
34.859,-98.75,2022,ssp585,85
34.859,-93.75,2022,ssp585,62
34.859,-88.75,2022,ssp585,60
34.859,-83.75,2022,ssp585,79
34.859,-78.75,2022,ssp585,55
34.859,-73.75,2022,ssp585,5
34.859,-68.75,2022,ssp585,0
37.394,-123.75,2022,ssp585,4
37.394,-118.75,2022,ssp585,140
37.394,-113.75,2022,ssp585,84
37.394,-108.75,2022,ssp585,75
37.394,-103.75,2022,ssp585,76
37.394,-98.75,2022,ssp585,82
37.394,-93.75,2022,ssp585,73
37.394,-88.75,2022,ssp585,66
37.394,-83.75,2022,ssp585,78
37.394,-78.75,2022,ssp585,81
37.394,-73.75,2022,ssp585,40
37.394,-68.75,2022,ssp585,6
39.93,-123.75,2022,ssp585,67
39.93,-118.75,2022,ssp585,107
39.93,-113.75,2022,ssp585,80
39.93,-108.75,2022,ssp585,81
39.93,-103.75,2022,ssp585,75
39.93,-98.75,2022,ssp585,78
39.93,-93.75,2022,ssp585,69
39.93,-88.75,2022,ssp585,71
39.93,-83.75,2022,ssp585,75
39.93,-78.75,2022,ssp585,62
39.93,-73.75,2022,ssp585,99
39.93,-68.75,2022,ssp585,76
42.465,-123.75,2022,ssp585,156
42.465,-118.75,2022,ssp585,90
42.465,-113.75,2022,ssp585,78
42.465,-108.75,2022,ssp585,71
42.465,-103.75,2022,ssp585,77
42.465,-98.75,2022,ssp585,71
42.465,-93.75,2022,ssp585,60
42.465,-88.75,2022,ssp585,79
42.465,-83.75,2022,ssp585,74
42.465,-78.75,2022,ssp585,68
42.465,-73.75,2022,ssp585,55
42.465,-68.75,2022,ssp585,120
45.0,-123.75,2022,ssp585,127
45.0,-118.75,2022,ssp585,114
45.0,-113.75,2022,ssp585,79
45.0,-108.75,2022,ssp585,60
45.0,-103.75,2022,ssp585,76
45.0,-98.75,2022,ssp585,66
45.0,-93.75,2022,ssp585,52
45.0,-88.75,2022,ssp585,56
45.0,-83.75,2022,ssp585,70
45.0,-78.75,2022,ssp585,56
45.0,-73.75,2022,ssp585,46
45.0,-68.75,2022,ssp585,62
47.535,-123.75,2022,ssp585,140
47.535,-118.75,2022,ssp585,94
47.535,-113.75,2022,ssp585,66
47.535,-108.75,2022,ssp585,68
47.535,-103.75,2022,ssp585,69
47.535,-98.75,2022,ssp585,59
47.535,-93.75,2022,ssp585,48
47.535,-88.75,2022,ssp585,52
47.535,-83.75,2022,ssp585,60
47.535,-78.75,2022,ssp585,55
47.535,-73.75,2022,ssp585,48
47.535,-68.75,2022,ssp585,46
24.718,-123.75,2023,ssp585,0
24.718,-118.75,2023,ssp585,0
24.718,-113.75,2023,ssp585,0
24.718,-108.75,2023,ssp585,0
24.718,-103.75,2023,ssp585,72
24.718,-98.75,2023,ssp585,2
24.718,-93.75,2023,ssp585,0
24.718,-88.75,2023,ssp585,0
24.718,-83.75,2023,ssp585,0
24.718,-78.75,2023,ssp585,0
24.718,-73.75,2023,ssp585,0
24.718,-68.75,2023,ssp585,0
27.254,-123.75,2023,ssp585,0
27.254,-118.75,2023,ssp585,0
27.254,-113.75,2023,ssp585,0
27.254,-108.75,2023,ssp585,40
27.254,-103.75,2023,ssp585,67
27.254,-98.75,2023,ssp585,6
27.254,-93.75,2023,ssp585,0
27.254,-88.75,2023,ssp585,0
27.254,-83.75,2023,ssp585,0
27.254,-78.75,2023,ssp585,0
27.254,-73.75,2023,ssp585,0
27.254,-68.75,2023,ssp585,0
29.789,-123.75,2023,ssp585,0
29.789,-118.75,2023,ssp585,0
29.789,-113.75,2023,ssp585,7
29.789,-108.75,2023,ssp585,97
29.789,-103.75,2023,ssp585,79
29.789,-98.75,2023,ssp585,29
29.789,-93.75,2023,ssp585,6
29.789,-88.75,2023,ssp585,3
29.789,-83.75,2023,ssp585,7
29.789,-78.75,2023,ssp585,0
29.789,-73.75,2023,ssp585,0
29.789,-68.75,2023,ssp585,0
32.324,-123.75,2023,ssp585,0
32.324,-118.75,2023,ssp585,0
32.324,-113.75,2023,ssp585,55
32.324,-108.75,2023,ssp585,122
32.324,-103.75,2023,ssp585,106
32.324,-98.75,2023,ssp585,65
32.324,-93.75,2023,ssp585,42
32.324,-88.75,2023,ssp585,40
32.324,-83.75,2023,ssp585,44
32.324,-78.75,2023,ssp585,2
32.324,-73.75,2023,ssp585,0
32.324,-68.75,2023,ssp585,0
34.859,-123.75,2023,ssp585,2
34.859,-118.75,2023,ssp585,99
34.859,-113.75,2023,ssp585,116
34.859,-108.75,2023,ssp585,86
34.859,-103.75,2023,ssp585,98
34.859,-98.75,2023,ssp585,98
34.859,-93.75,2023,ssp585,85
34.859,-88.75,2023,ssp585,79
34.859,-83.75,2023,ssp585,80
34.859,-78.75,2023,ssp585,68
34.859,-73.75,2023,ssp585,2
34.859,-68.75,2023,ssp585,0
37.394,-123.75,2023,ssp585,9
37.394,-118.75,2023,ssp585,105
37.394,-113.75,2023,ssp585,78
37.394,-108.75,2023,ssp585,90
37.394,-103.75,2023,ssp585,90
37.394,-98.75,2023,ssp585,94
37.394,-93.75,2023,ssp585,92
37.394,-88.75,2023,ssp585,100
37.394,-83.75,2023,ssp585,84
37.394,-78.75,2023,ssp585,84
37.394,-73.75,2023,ssp585,32
37.394,-68.75,2023,ssp585,0
39.93,-123.75,2023,ssp585,105
39.93,-118.75,2023,ssp585,94
39.93,-113.75,2023,ssp585,83
39.93,-108.75,2023,ssp585,97
39.93,-103.75,2023,ssp585,79
39.93,-98.75,2023,ssp585,79
39.93,-93.75,2023,ssp585,82
39.93,-88.75,2023,ssp585,97
39.93,-83.75,2023,ssp585,84
39.93,-78.75,2023,ssp585,79
39.93,-73.75,2023,ssp585,104
39.93,-68.75,2023,ssp585,91
42.465,-123.75,2023,ssp585,147
42.465,-118.75,2023,ssp585,86
42.465,-113.75,2023,ssp585,80
42.465,-108.75,2023,ssp585,90
42.465,-103.75,2023,ssp585,77
42.465,-98.75,2023,ssp585,66
42.465,-93.75,2023,ssp585,58
42.465,-88.75,2023,ssp585,77
42.465,-83.75,2023,ssp585,83
42.465,-78.75,2023,ssp585,70
42.465,-73.75,2023,ssp585,56
42.465,-68.75,2023,ssp585,128
45.0,-123.75,2023,ssp585,122
45.0,-118.75,2023,ssp585,85
45.0,-113.75,2023,ssp585,94
45.0,-108.75,2023,ssp585,85
45.0,-103.75,2023,ssp585,64
45.0,-98.75,2023,ssp585,54
45.0,-93.75,2023,ssp585,41
45.0,-88.75,2023,ssp585,53
45.0,-83.75,2023,ssp585,80
45.0,-78.75,2023,ssp585,69
45.0,-73.75,2023,ssp585,46
45.0,-68.75,2023,ssp585,53
47.535,-123.75,2023,ssp585,124
47.535,-118.75,2023,ssp585,74
47.535,-113.75,2023,ssp585,84
47.535,-108.75,2023,ssp585,71
47.535,-103.75,2023,ssp585,60
47.535,-98.75,2023,ssp585,58
47.535,-93.75,2023,ssp585,45
47.535,-88.75,2023,ssp585,64
47.535,-83.75,2023,ssp585,51
47.535,-78.75,2023,ssp585,40
47.535,-73.75,2023,ssp585,46
47.535,-68.75,2023,ssp585,51
24.718,-123.75,2024,ssp585,0
24.718,-118.75,2024,ssp585,0
24.718,-113.75,2024,ssp585,0
24.718,-108.75,2024,ssp585,0
24.718,-103.75,2024,ssp585,51
24.718,-98.75,2024,ssp585,9
24.718,-93.75,2024,ssp585,0
24.718,-88.75,2024,ssp585,0
24.718,-83.75,2024,ssp585,0
24.718,-78.75,2024,ssp585,0
24.718,-73.75,2024,ssp585,0
24.718,-68.75,2024,ssp585,0
27.254,-123.75,2024,ssp585,0
27.254,-118.75,2024,ssp585,0
27.254,-113.75,2024,ssp585,0
27.254,-108.75,2024,ssp585,24
27.254,-103.75,2024,ssp585,41
27.254,-98.75,2024,ssp585,15
27.254,-93.75,2024,ssp585,0
27.254,-88.75,2024,ssp585,0
27.254,-83.75,2024,ssp585,1
27.254,-78.75,2024,ssp585,0
27.254,-73.75,2024,ssp585,0
27.254,-68.75,2024,ssp585,0
29.789,-123.75,2024,ssp585,0
29.789,-118.75,2024,ssp585,0
29.789,-113.75,2024,ssp585,9
29.789,-108.75,2024,ssp585,74
29.789,-103.75,2024,ssp585,53
29.789,-98.75,2024,ssp585,33
29.789,-93.75,2024,ssp585,16
29.789,-88.75,2024,ssp585,9
29.789,-83.75,2024,ssp585,9
29.789,-78.75,2024,ssp585,0
29.789,-73.75,2024,ssp585,0
29.789,-68.75,2024,ssp585,0
32.324,-123.75,2024,ssp585,0
32.324,-118.75,2024,ssp585,0
32.324,-113.75,2024,ssp585,52
32.324,-108.75,2024,ssp585,99
32.324,-103.75,2024,ssp585,78
32.324,-98.75,2024,ssp585,63
32.324,-93.75,2024,ssp585,41
32.324,-88.75,2024,ssp585,42
32.324,-83.75,2024,ssp585,30
32.324,-78.75,2024,ssp585,5
32.324,-73.75,2024,ssp585,0
32.324,-68.75,2024,ssp585,0
34.859,-123.75,2024,ssp585,0
34.859,-118.75,2024,ssp585,75
34.859,-113.75,2024,ssp585,98
34.859,-108.75,2024,ssp585,108
34.859,-103.75,2024,ssp585,104
34.859,-98.75,2024,ssp585,80
34.859,-93.75,2024,ssp585,73
34.859,-88.75,2024,ssp585,63
34.859,-83.75,2024,ssp585,66
34.859,-78.75,2024,ssp585,42
34.859,-73.75,2024,ssp585,0
34.859,-68.75,2024,ssp585,0
37.394,-123.75,2024,ssp585,18
37.394,-118.75,2024,ssp585,120
37.394,-113.75,2024,ssp585,116
37.394,-108.75,2024,ssp585,101
37.394,-103.75,2024,ssp585,89
37.394,-98.75,2024,ssp585,71
37.394,-93.75,2024,ssp585,75
37.394,-88.75,2024,ssp585,71
37.394,-83.75,2024,ssp585,72
37.394,-78.75,2024,ssp585,82
37.394,-73.75,2024,ssp585,35
37.394,-68.75,2024,ssp585,2
39.93,-123.75,2024,ssp585,80
39.93,-118.75,2024,ssp585,116
39.93,-113.75,2024,ssp585,104
39.93,-108.75,2024,ssp585,74
39.93,-103.75,2024,ssp585,82
39.93,-98.75,2024,ssp585,75
39.93,-93.75,2024,ssp585,65
39.93,-88.75,2024,ssp585,72
39.93,-83.75,2024,ssp585,72
39.93,-78.75,2024,ssp585,73
39.93,-73.75,2024,ssp585,82
39.93,-68.75,2024,ssp585,53
42.465,-123.75,2024,ssp585,137
42.465,-118.75,2024,ssp585,99
42.465,-113.75,2024,ssp585,87
42.465,-108.75,2024,ssp585,70
42.465,-103.75,2024,ssp585,78
42.465,-98.75,2024,ssp585,59
42.465,-93.75,2024,ssp585,51
42.465,-88.75,2024,ssp585,67
42.465,-83.75,2024,ssp585,72
42.465,-78.75,2024,ssp585,65
42.465,-73.75,2024,ssp585,53
42.465,-68.75,2024,ssp585,107
45.0,-123.75,2024,ssp585,127
45.0,-118.75,2024,ssp585,103
45.0,-113.75,2024,ssp585,73
45.0,-108.75,2024,ssp585,83
45.0,-103.75,2024,ssp585,75
45.0,-98.75,2024,ssp585,49
45.0,-93.75,2024,ssp585,46
45.0,-88.75,2024,ssp585,54
45.0,-83.75,2024,ssp585,70
45.0,-78.75,2024,ssp585,62
45.0,-73.75,2024,ssp585,50
45.0,-68.75,2024,ssp585,60
47.535,-123.75,2024,ssp585,108
47.535,-118.75,2024,ssp585,88
47.535,-113.75,2024,ssp585,86
47.535,-108.75,2024,ssp585,85
47.535,-103.75,2024,ssp585,72
47.535,-98.75,2024,ssp585,55
47.535,-93.75,2024,ssp585,54
47.535,-88.75,2024,ssp585,60
47.535,-83.75,2024,ssp585,60
47.535,-78.75,2024,ssp585,52
47.535,-73.75,2024,ssp585,53
47.535,-68.75,2024,ssp585,50
24.718,-123.75,2025,ssp585,0
24.718,-118.75,2025,ssp585,0
24.718,-113.75,2025,ssp585,0
24.718,-108.75,2025,ssp585,0
24.718,-103.75,2025,ssp585,92
24.718,-98.75,2025,ssp585,5
24.718,-93.75,2025,ssp585,0
24.718,-88.75,2025,ssp585,0
24.718,-83.75,2025,ssp585,0
24.718,-78.75,2025,ssp585,0
24.718,-73.75,2025,ssp585,0
24.718,-68.75,2025,ssp585,0
27.254,-123.75,2025,ssp585,0
27.254,-118.75,2025,ssp585,0
27.254,-113.75,2025,ssp585,0
27.254,-108.75,2025,ssp585,72
27.254,-103.75,2025,ssp585,94
27.254,-98.75,2025,ssp585,10
27.254,-93.75,2025,ssp585,0
27.254,-88.75,2025,ssp585,0
27.254,-83.75,2025,ssp585,1
27.254,-78.75,2025,ssp585,0
27.254,-73.75,2025,ssp585,0
27.254,-68.75,2025,ssp585,0
29.789,-123.75,2025,ssp585,0
29.789,-118.75,2025,ssp585,0
29.789,-113.75,2025,ssp585,12
29.789,-108.75,2025,ssp585,123
29.789,-103.75,2025,ssp585,104
29.789,-98.75,2025,ssp585,52
29.789,-93.75,2025,ssp585,19
29.789,-88.75,2025,ssp585,9
29.789,-83.75,2025,ssp585,10
29.789,-78.75,2025,ssp585,0
29.789,-73.75,2025,ssp585,0
29.789,-68.75,2025,ssp585,0
32.324,-123.75,2025,ssp585,0
32.324,-118.75,2025,ssp585,0
32.324,-113.75,2025,ssp585,87
32.324,-108.75,2025,ssp585,101
32.324,-103.75,2025,ssp585,98
32.324,-98.75,2025,ssp585,90
32.324,-93.75,2025,ssp585,67
32.324,-88.75,2025,ssp585,68
32.324,-83.75,2025,ssp585,66
32.324,-78.75,2025,ssp585,4
32.324,-73.75,2025,ssp585,1
32.324,-68.75,2025,ssp585,0
34.859,-123.75,2025,ssp585,1
34.859,-118.75,2025,ssp585,122
34.859,-113.75,2025,ssp585,102
34.859,-108.75,2025,ssp585,75
34.859,-103.75,2025,ssp585,76
34.859,-98.75,2025,ssp585,105
34.859,-93.75,2025,ssp585,106
34.859,-88.75,2025,ssp585,101
34.859,-83.75,2025,ssp585,94
34.859,-78.75,2025,ssp585,81
34.859,-73.75,2025,ssp585,2
34.859,-68.75,2025,ssp585,0
37.394,-123.75,2025,ssp585,11
37.394,-118.75,2025,ssp585,91
37.394,-113.75,2025,ssp585,84
37.394,-108.75,2025,ssp585,77
37.394,-103.75,2025,ssp585,48
37.394,-98.75,2025,ssp585,79
37.394,-93.75,2025,ssp585,83
37.394,-88.75,2025,ssp585,93
37.394,-83.75,2025,ssp585,94
37.394,-78.75,2025,ssp585,93
37.394,-73.75,2025,ssp585,36
37.394,-68.75,2025,ssp585,4
39.93,-123.75,2025,ssp585,108
39.93,-118.75,2025,ssp585,95
39.93,-113.75,2025,ssp585,76
39.93,-108.75,2025,ssp585,88
39.93,-103.75,2025,ssp585,53
39.93,-98.75,2025,ssp585,55
39.93,-93.75,2025,ssp585,65
39.93,-88.75,2025,ssp585,69
39.93,-83.75,2025,ssp585,66
39.93,-78.75,2025,ssp585,64
39.93,-73.75,2025,ssp585,118
39.93,-68.75,2025,ssp585,79
42.465,-123.75,2025,ssp585,127
42.465,-118.75,2025,ssp585,86
42.465,-113.75,2025,ssp585,76
42.465,-108.75,2025,ssp585,87
42.465,-103.75,2025,ssp585,53
42.465,-98.75,2025,ssp585,43
42.465,-93.75,2025,ssp585,52
42.465,-88.75,2025,ssp585,61
42.465,-83.75,2025,ssp585,55
42.465,-78.75,2025,ssp585,63
42.465,-73.75,2025,ssp585,44
42.465,-68.75,2025,ssp585,133
45.0,-123.75,2025,ssp585,112
45.0,-118.75,2025,ssp585,80
45.0,-113.75,2025,ssp585,94
45.0,-108.75,2025,ssp585,88
45.0,-103.75,2025,ssp585,45
45.0,-98.75,2025,ssp585,34
45.0,-93.75,2025,ssp585,40
45.0,-88.75,2025,ssp585,47
45.0,-83.75,2025,ssp585,57
45.0,-78.75,2025,ssp585,51
45.0,-73.75,2025,ssp585,43
45.0,-68.75,2025,ssp585,44
47.535,-123.75,2025,ssp585,110
47.535,-118.75,2025,ssp585,81
47.535,-113.75,2025,ssp585,90
47.535,-108.75,2025,ssp585,71
47.535,-103.75,2025,ssp585,50
47.535,-98.75,2025,ssp585,43
47.535,-93.75,2025,ssp585,40
47.535,-88.75,2025,ssp585,50
47.535,-83.75,2025,ssp585,43
47.535,-78.75,2025,ssp585,46
47.535,-73.75,2025,ssp585,39
47.535,-68.75,2025,ssp585,35
24.718,-123.75,2026,ssp585,0
24.718,-118.75,2026,ssp585,0
24.718,-113.75,2026,ssp585,0
24.718,-108.75,2026,ssp585,0
24.718,-103.75,2026,ssp585,75
24.718,-98.75,2026,ssp585,7
24.718,-93.75,2026,ssp585,0
24.718,-88.75,2026,ssp585,0
24.718,-83.75,2026,ssp585,0
24.718,-78.75,2026,ssp585,0
24.718,-73.75,2026,ssp585,0
24.718,-68.75,2026,ssp585,0
27.254,-123.75,2026,ssp585,0
27.254,-118.75,2026,ssp585,0
27.254,-113.75,2026,ssp585,0
27.254,-108.75,2026,ssp585,44
27.254,-103.75,2026,ssp585,59
27.254,-98.75,2026,ssp585,21
27.254,-93.75,2026,ssp585,0
27.254,-88.75,2026,ssp585,0
27.254,-83.75,2026,ssp585,0
27.254,-78.75,2026,ssp585,0
27.254,-73.75,2026,ssp585,0
27.254,-68.75,2026,ssp585,0
29.789,-123.75,2026,ssp585,0
29.789,-118.75,2026,ssp585,0
29.789,-113.75,2026,ssp585,6
29.789,-108.75,2026,ssp585,98
29.789,-103.75,2026,ssp585,75
29.789,-98.75,2026,ssp585,45
29.789,-93.75,2026,ssp585,23
29.789,-88.75,2026,ssp585,11
29.789,-83.75,2026,ssp585,17
29.789,-78.75,2026,ssp585,0
29.789,-73.75,2026,ssp585,0
29.789,-68.75,2026,ssp585,0
32.324,-123.75,2026,ssp585,0
32.324,-118.75,2026,ssp585,0
32.324,-113.75,2026,ssp585,50
32.324,-108.75,2026,ssp585,110
32.324,-103.75,2026,ssp585,97
32.324,-98.75,2026,ssp585,60
32.324,-93.75,2026,ssp585,58
32.324,-88.75,2026,ssp585,54
32.324,-83.75,2026,ssp585,48
32.324,-78.75,2026,ssp585,9
32.324,-73.75,2026,ssp585,0
32.324,-68.75,2026,ssp585,0
34.859,-123.75,2026,ssp585,0
34.859,-118.75,2026,ssp585,59
34.859,-113.75,2026,ssp585,112
34.859,-108.75,2026,ssp585,99
34.859,-103.75,2026,ssp585,87
34.859,-98.75,2026,ssp585,82
34.859,-93.75,2026,ssp585,69
34.859,-88.75,2026,ssp585,62
34.859,-83.75,2026,ssp585,64
34.859,-78.75,2026,ssp585,61
34.859,-73.75,2026,ssp585,5
34.859,-68.75,2026,ssp585,0
37.394,-123.75,2026,ssp585,0
37.394,-118.75,2026,ssp585,121
37.394,-113.75,2026,ssp585,90
37.394,-108.75,2026,ssp585,90
37.394,-103.75,2026,ssp585,81
37.394,-98.75,2026,ssp585,81
37.394,-93.75,2026,ssp585,64
37.394,-88.75,2026,ssp585,69
37.394,-83.75,2026,ssp585,78
37.394,-78.75,2026,ssp585,74
37.394,-73.75,2026,ssp585,41
37.394,-68.75,2026,ssp585,13
39.93,-123.75,2026,ssp585,52
39.93,-118.75,2026,ssp585,98
39.93,-113.75,2026,ssp585,85
39.93,-108.75,2026,ssp585,71
39.93,-103.75,2026,ssp585,71
39.93,-98.75,2026,ssp585,71
39.93,-93.75,2026,ssp585,54
39.93,-88.75,2026,ssp585,70
39.93,-83.75,2026,ssp585,73
39.93,-78.75,2026,ssp585,72
39.93,-73.75,2026,ssp585,85
39.93,-68.75,2026,ssp585,77
42.465,-123.75,2026,ssp585,129
42.465,-118.75,2026,ssp585,98
42.465,-113.75,2026,ssp585,77
42.465,-108.75,2026,ssp585,72
42.465,-103.75,2026,ssp585,59
42.465,-98.75,2026,ssp585,54
42.465,-93.75,2026,ssp585,46
42.465,-88.75,2026,ssp585,68
42.465,-83.75,2026,ssp585,65
42.465,-78.75,2026,ssp585,72
42.465,-73.75,2026,ssp585,53
42.465,-68.75,2026,ssp585,113
45.0,-123.75,2026,ssp585,113
45.0,-118.75,2026,ssp585,99
45.0,-113.75,2026,ssp585,95
45.0,-108.75,2026,ssp585,78
45.0,-103.75,2026,ssp585,52
45.0,-98.75,2026,ssp585,41
45.0,-93.75,2026,ssp585,39
45.0,-88.75,2026,ssp585,58
45.0,-83.75,2026,ssp585,65
45.0,-78.75,2026,ssp585,54
45.0,-73.75,2026,ssp585,37
45.0,-68.75,2026,ssp585,59
47.535,-123.75,2026,ssp585,114
47.535,-118.75,2026,ssp585,89
47.535,-113.75,2026,ssp585,73
47.535,-108.75,2026,ssp585,50
47.535,-103.75,2026,ssp585,46
47.535,-98.75,2026,ssp585,37
47.535,-93.75,2026,ssp585,42
47.535,-88.75,2026,ssp585,66
47.535,-83.75,2026,ssp585,45
47.535,-78.75,2026,ssp585,44
47.535,-73.75,2026,ssp585,41
47.535,-68.75,2026,ssp585,40
24.718,-123.75,2027,ssp585,0
24.718,-118.75,2027,ssp585,0
24.718,-113.75,2027,ssp585,0
24.718,-108.75,2027,ssp585,0
24.718,-103.75,2027,ssp585,71
24.718,-98.75,2027,ssp585,9
24.718,-93.75,2027,ssp585,0
24.718,-88.75,2027,ssp585,0
24.718,-83.75,2027,ssp585,0
24.718,-78.75,2027,ssp585,0
24.718,-73.75,2027,ssp585,0
24.718,-68.75,2027,ssp585,0
27.254,-123.75,2027,ssp585,0
27.254,-118.75,2027,ssp585,0
27.254,-113.75,2027,ssp585,0
27.254,-108.75,2027,ssp585,33
27.254,-103.75,2027,ssp585,70
27.254,-98.75,2027,ssp585,29
27.254,-93.75,2027,ssp585,0
27.254,-88.75,2027,ssp585,0
27.254,-83.75,2027,ssp585,0
27.254,-78.75,2027,ssp585,0
27.254,-73.75,2027,ssp585,0
27.254,-68.75,2027,ssp585,0
29.789,-123.75,2027,ssp585,0
29.789,-118.75,2027,ssp585,0
29.789,-113.75,2027,ssp585,9
29.789,-108.75,2027,ssp585,87
29.789,-103.75,2027,ssp585,89
29.789,-98.75,2027,ssp585,54
29.789,-93.75,2027,ssp585,44
29.789,-88.75,2027,ssp585,26
29.789,-83.75,2027,ssp585,31
29.789,-78.75,2027,ssp585,0
29.789,-73.75,2027,ssp585,0
29.789,-68.75,2027,ssp585,0
32.324,-123.75,2027,ssp585,0
32.324,-118.75,2027,ssp585,0
32.324,-113.75,2027,ssp585,52
32.324,-108.75,2027,ssp585,137
32.324,-103.75,2027,ssp585,99
32.324,-98.75,2027,ssp585,71
32.324,-93.75,2027,ssp585,64
32.324,-88.75,2027,ssp585,60
32.324,-83.75,2027,ssp585,66
32.324,-78.75,2027,ssp585,18
32.324,-73.75,2027,ssp585,0
32.324,-68.75,2027,ssp585,0
34.859,-123.75,2027,ssp585,0
34.859,-118.75,2027,ssp585,54
34.859,-113.75,2027,ssp585,122
34.859,-108.75,2027,ssp585,101
34.859,-103.75,2027,ssp585,92
34.859,-98.75,2027,ssp585,80
34.859,-93.75,2027,ssp585,76
34.859,-88.75,2027,ssp585,76
34.859,-83.75,2027,ssp585,77
34.859,-78.75,2027,ssp585,75
34.859,-73.75,2027,ssp585,17
34.859,-68.75,2027,ssp585,0
37.394,-123.75,2027,ssp585,3
37.394,-118.75,2027,ssp585,141
37.394,-113.75,2027,ssp585,97
37.394,-108.75,2027,ssp585,73
37.394,-103.75,2027,ssp585,71
37.394,-98.75,2027,ssp585,83
37.394,-93.75,2027,ssp585,78
37.394,-88.75,2027,ssp585,82
37.394,-83.75,2027,ssp585,75
37.394,-78.75,2027,ssp585,72
37.394,-73.75,2027,ssp585,77
37.394,-68.75,2027,ssp585,14
39.93,-123.75,2027,ssp585,63
39.93,-118.75,2027,ssp585,113
39.93,-113.75,2027,ssp585,78
39.93,-108.75,2027,ssp585,69
39.93,-103.75,2027,ssp585,69
39.93,-98.75,2027,ssp585,63
39.93,-93.75,2027,ssp585,75
39.93,-88.75,2027,ssp585,76
39.93,-83.75,2027,ssp585,76
39.93,-78.75,2027,ssp585,68
39.93,-73.75,2027,ssp585,93
39.93,-68.75,2027,ssp585,114
42.465,-123.75,2027,ssp585,126
42.465,-118.75,2027,ssp585,104
42.465,-113.75,2027,ssp585,96
42.465,-108.75,2027,ssp585,75
42.465,-103.75,2027,ssp585,65
42.465,-98.75,2027,ssp585,47
42.465,-93.75,2027,ssp585,44
42.465,-88.75,2027,ssp585,67
42.465,-83.75,2027,ssp585,61
42.465,-78.75,2027,ssp585,63
42.465,-73.75,2027,ssp585,65
42.465,-68.75,2027,ssp585,129
45.0,-123.75,2027,ssp585,109
45.0,-118.75,2027,ssp585,117
45.0,-113.75,2027,ssp585,87
45.0,-108.75,2027,ssp585,66
45.0,-103.75,2027,ssp585,51
45.0,-98.75,2027,ssp585,41
45.0,-93.75,2027,ssp585,33
45.0,-88.75,2027,ssp585,53
45.0,-83.75,2027,ssp585,66
45.0,-78.75,2027,ssp585,64
45.0,-73.75,2027,ssp585,54
45.0,-68.75,2027,ssp585,68
47.535,-123.75,2027,ssp585,117
47.535,-118.75,2027,ssp585,82
47.535,-113.75,2027,ssp585,77
47.535,-108.75,2027,ssp585,57
47.535,-103.75,2027,ssp585,34
47.535,-98.75,2027,ssp585,38
47.535,-93.75,2027,ssp585,36
47.535,-88.75,2027,ssp585,60
47.535,-83.75,2027,ssp585,44
47.535,-78.75,2027,ssp585,51
47.535,-73.75,2027,ssp585,47
47.535,-68.75,2027,ssp585,54
24.718,-123.75,2028,ssp585,0
24.718,-118.75,2028,ssp585,0
24.718,-113.75,2028,ssp585,0
24.718,-108.75,2028,ssp585,0
24.718,-103.75,2028,ssp585,79
24.718,-98.75,2028,ssp585,13
24.718,-93.75,2028,ssp585,0
24.718,-88.75,2028,ssp585,0
24.718,-83.75,2028,ssp585,0
24.718,-78.75,2028,ssp585,0
24.718,-73.75,2028,ssp585,0
24.718,-68.75,2028,ssp585,0
27.254,-123.75,2028,ssp585,0
27.254,-118.75,2028,ssp585,0
27.254,-113.75,2028,ssp585,0
27.254,-108.75,2028,ssp585,32
27.254,-103.75,2028,ssp585,85
27.254,-98.75,2028,ssp585,27
27.254,-93.75,2028,ssp585,0
27.254,-88.75,2028,ssp585,0
27.254,-83.75,2028,ssp585,3
27.254,-78.75,2028,ssp585,0
27.254,-73.75,2028,ssp585,0
27.254,-68.75,2028,ssp585,0
29.789,-123.75,2028,ssp585,0
29.789,-118.75,2028,ssp585,0
29.789,-113.75,2028,ssp585,7
29.789,-108.75,2028,ssp585,122
29.789,-103.75,2028,ssp585,89
29.789,-98.75,2028,ssp585,66
29.789,-93.75,2028,ssp585,38
29.789,-88.75,2028,ssp585,24
29.789,-83.75,2028,ssp585,32
29.789,-78.75,2028,ssp585,0
29.789,-73.75,2028,ssp585,0
29.789,-68.75,2028,ssp585,0
32.324,-123.75,2028,ssp585,0
32.324,-118.75,2028,ssp585,0
32.324,-113.75,2028,ssp585,57
32.324,-108.75,2028,ssp585,131
32.324,-103.75,2028,ssp585,98
32.324,-98.75,2028,ssp585,73
32.324,-93.75,2028,ssp585,67
32.324,-88.75,2028,ssp585,61
32.324,-83.75,2028,ssp585,63
32.324,-78.75,2028,ssp585,19
32.324,-73.75,2028,ssp585,0
32.324,-68.75,2028,ssp585,0
34.859,-123.75,2028,ssp585,0
34.859,-118.75,2028,ssp585,54
34.859,-113.75,2028,ssp585,135
34.859,-108.75,2028,ssp585,81
34.859,-103.75,2028,ssp585,83
34.859,-98.75,2028,ssp585,75
34.859,-93.75,2028,ssp585,62
34.859,-88.75,2028,ssp585,65
34.859,-83.75,2028,ssp585,65
34.859,-78.75,2028,ssp585,63
34.859,-73.75,2028,ssp585,12
34.859,-68.75,2028,ssp585,0
37.394,-123.75,2028,ssp585,0
37.394,-118.75,2028,ssp585,131
37.394,-113.75,2028,ssp585,84
37.394,-108.75,2028,ssp585,66
37.394,-103.75,2028,ssp585,64
37.394,-98.75,2028,ssp585,66
37.394,-93.75,2028,ssp585,59
37.394,-88.75,2028,ssp585,67
37.394,-83.75,2028,ssp585,64
37.394,-78.75,2028,ssp585,62
37.394,-73.75,2028,ssp585,58
37.394,-68.75,2028,ssp585,12
39.93,-123.75,2028,ssp585,31
39.93,-118.75,2028,ssp585,104
39.93,-113.75,2028,ssp585,83
39.93,-108.75,2028,ssp585,80
39.93,-103.75,2028,ssp585,63
39.93,-98.75,2028,ssp585,61
39.93,-93.75,2028,ssp585,57
39.93,-88.75,2028,ssp585,67
39.93,-83.75,2028,ssp585,69
39.93,-78.75,2028,ssp585,63
39.93,-73.75,2028,ssp585,85
39.93,-68.75,2028,ssp585,87
42.465,-123.75,2028,ssp585,119
42.465,-118.75,2028,ssp585,109
42.465,-113.75,2028,ssp585,94
42.465,-108.75,2028,ssp585,82
42.465,-103.75,2028,ssp585,68
42.465,-98.75,2028,ssp585,60
42.465,-93.75,2028,ssp585,54
42.465,-88.75,2028,ssp585,72
42.465,-83.75,2028,ssp585,76
42.465,-78.75,2028,ssp585,82
42.465,-73.75,2028,ssp585,73
42.465,-68.75,2028,ssp585,134
45.0,-123.75,2028,ssp585,70
45.0,-118.75,2028,ssp585,126
45.0,-113.75,2028,ssp585,102
45.0,-108.75,2028,ssp585,88
45.0,-103.75,2028,ssp585,81
45.0,-98.75,2028,ssp585,67
45.0,-93.75,2028,ssp585,54
45.0,-88.75,2028,ssp585,56
45.0,-83.75,2028,ssp585,74
45.0,-78.75,2028,ssp585,67
45.0,-73.75,2028,ssp585,61
45.0,-68.75,2028,ssp585,75
47.535,-123.75,2028,ssp585,104
47.535,-118.75,2028,ssp585,102
47.535,-113.75,2028,ssp585,103
47.535,-108.75,2028,ssp585,89
47.535,-103.75,2028,ssp585,77
47.535,-98.75,2028,ssp585,65
47.535,-93.75,2028,ssp585,52
47.535,-88.75,2028,ssp585,52
47.535,-83.75,2028,ssp585,47
47.535,-78.75,2028,ssp585,48
47.535,-73.75,2028,ssp585,53
47.535,-68.75,2028,ssp585,60
24.718,-123.75,2029,ssp585,0
24.718,-118.75,2029,ssp585,0
24.718,-113.75,2029,ssp585,0
24.718,-108.75,2029,ssp585,0
24.718,-103.75,2029,ssp585,76
24.718,-98.75,2029,ssp585,10
24.718,-93.75,2029,ssp585,0
24.718,-88.75,2029,ssp585,0
24.718,-83.75,2029,ssp585,0
24.718,-78.75,2029,ssp585,0
24.718,-73.75,2029,ssp585,0
24.718,-68.75,2029,ssp585,0
27.254,-123.75,2029,ssp585,0
27.254,-118.75,2029,ssp585,0
27.254,-113.75,2029,ssp585,2
27.254,-108.75,2029,ssp585,22
27.254,-103.75,2029,ssp585,49
27.254,-98.75,2029,ssp585,12
27.254,-93.75,2029,ssp585,3
27.254,-88.75,2029,ssp585,1
27.254,-83.75,2029,ssp585,4
27.254,-78.75,2029,ssp585,2
27.254,-73.75,2029,ssp585,0
27.254,-68.75,2029,ssp585,0
29.789,-123.75,2029,ssp585,0
29.789,-118.75,2029,ssp585,0
29.789,-113.75,2029,ssp585,5
29.789,-108.75,2029,ssp585,97
29.789,-103.75,2029,ssp585,61
29.789,-98.75,2029,ssp585,38
29.789,-93.75,2029,ssp585,11
29.789,-88.75,2029,ssp585,12
29.789,-83.75,2029,ssp585,12
29.789,-78.75,2029,ssp585,5
29.789,-73.75,2029,ssp585,0
29.789,-68.75,2029,ssp585,0
32.324,-123.75,2029,ssp585,0
32.324,-118.75,2029,ssp585,1
32.324,-113.75,2029,ssp585,29
32.324,-108.75,2029,ssp585,132
32.324,-103.75,2029,ssp585,102
32.324,-98.75,2029,ssp585,77
32.324,-93.75,2029,ssp585,56
32.324,-88.75,2029,ssp585,53
32.324,-83.75,2029,ssp585,41
32.324,-78.75,2029,ssp585,8
32.324,-73.75,2029,ssp585,4
32.324,-68.75,2029,ssp585,0
34.859,-123.75,2029,ssp585,0
34.859,-118.75,2029,ssp585,33
34.859,-113.75,2029,ssp585,123
34.859,-108.75,2029,ssp585,110
34.859,-103.75,2029,ssp585,99
34.859,-98.75,2029,ssp585,89
34.859,-93.75,2029,ssp585,88
34.859,-88.75,2029,ssp585,83
34.859,-83.75,2029,ssp585,86
34.859,-78.75,2029,ssp585,74
34.859,-73.75,2029,ssp585,10
34.859,-68.75,2029,ssp585,1
37.394,-123.75,2029,ssp585,3
37.394,-118.75,2029,ssp585,170
37.394,-113.75,2029,ssp585,122
37.394,-108.75,2029,ssp585,103
37.394,-103.75,2029,ssp585,86
37.394,-98.75,2029,ssp585,72
37.394,-93.75,2029,ssp585,73
37.394,-88.75,2029,ssp585,81
37.394,-83.75,2029,ssp585,73
37.394,-78.75,2029,ssp585,82
37.394,-73.75,2029,ssp585,50
37.394,-68.75,2029,ssp585,18
39.93,-123.75,2029,ssp585,23
39.93,-118.75,2029,ssp585,125
39.93,-113.75,2029,ssp585,97
39.93,-108.75,2029,ssp585,91
39.93,-103.75,2029,ssp585,87
39.93,-98.75,2029,ssp585,67
39.93,-93.75,2029,ssp585,52
39.93,-88.75,2029,ssp585,59
39.93,-83.75,2029,ssp585,57
39.93,-78.75,2029,ssp585,57
39.93,-73.75,2029,ssp585,96
39.93,-68.75,2029,ssp585,86
42.465,-123.75,2029,ssp585,96
42.465,-118.75,2029,ssp585,106
42.465,-113.75,2029,ssp585,90
42.465,-108.75,2029,ssp585,82
42.465,-103.75,2029,ssp585,84
42.465,-98.75,2029,ssp585,57
42.465,-93.75,2029,ssp585,47
42.465,-88.75,2029,ssp585,53
42.465,-83.75,2029,ssp585,54
42.465,-78.75,2029,ssp585,45
42.465,-73.75,2029,ssp585,44
42.465,-68.75,2029,ssp585,104
45.0,-123.75,2029,ssp585,51
45.0,-118.75,2029,ssp585,138
45.0,-113.75,2029,ssp585,83
45.0,-108.75,2029,ssp585,78
45.0,-103.75,2029,ssp585,69
45.0,-98.75,2029,ssp585,49
45.0,-93.75,2029,ssp585,43
45.0,-88.75,2029,ssp585,47
45.0,-83.75,2029,ssp585,42
45.0,-78.75,2029,ssp585,38
45.0,-73.75,2029,ssp585,38
45.0,-68.75,2029,ssp585,41
47.535,-123.75,2029,ssp585,79
47.535,-118.75,2029,ssp585,119
47.535,-113.75,2029,ssp585,83
47.535,-108.75,2029,ssp585,84
47.535,-103.75,2029,ssp585,59
47.535,-98.75,2029,ssp585,44
47.535,-93.75,2029,ssp585,44
47.535,-88.75,2029,ssp585,51
47.535,-83.75,2029,ssp585,43
47.535,-78.75,2029,ssp585,35
47.535,-73.75,2029,ssp585,38
47.535,-68.75,2029,ssp585,37
24.718,-123.75,2030,ssp585,0
24.718,-118.75,2030,ssp585,0
24.718,-113.75,2030,ssp585,0
24.718,-108.75,2030,ssp585,0
24.718,-103.75,2030,ssp585,84
24.718,-98.75,2030,ssp585,14
24.718,-93.75,2030,ssp585,0
24.718,-88.75,2030,ssp585,0
24.718,-83.75,2030,ssp585,0
24.718,-78.75,2030,ssp585,0
24.718,-73.75,2030,ssp585,0
24.718,-68.75,2030,ssp585,0
27.254,-123.75,2030,ssp585,0
27.254,-118.75,2030,ssp585,0
27.254,-113.75,2030,ssp585,0
27.254,-108.75,2030,ssp585,64
27.254,-103.75,2030,ssp585,76
27.254,-98.75,2030,ssp585,29
27.254,-93.75,2030,ssp585,0
27.254,-88.75,2030,ssp585,0
27.254,-83.75,2030,ssp585,0
27.254,-78.75,2030,ssp585,0
27.254,-73.75,2030,ssp585,0
27.254,-68.75,2030,ssp585,0
29.789,-123.75,2030,ssp585,0
29.789,-118.75,2030,ssp585,0
29.789,-113.75,2030,ssp585,13
29.789,-108.75,2030,ssp585,112
29.789,-103.75,2030,ssp585,86
29.789,-98.75,2030,ssp585,56
29.789,-93.75,2030,ssp585,28
29.789,-88.75,2030,ssp585,14
29.789,-83.75,2030,ssp585,16
29.789,-78.75,2030,ssp585,0
29.789,-73.75,2030,ssp585,0
29.789,-68.75,2030,ssp585,0
32.324,-123.75,2030,ssp585,0
32.324,-118.75,2030,ssp585,0
32.324,-113.75,2030,ssp585,67
32.324,-108.75,2030,ssp585,90
32.324,-103.75,2030,ssp585,85
32.324,-98.75,2030,ssp585,73
32.324,-93.75,2030,ssp585,62
32.324,-88.75,2030,ssp585,58
32.324,-83.75,2030,ssp585,54
32.324,-78.75,2030,ssp585,6
32.324,-73.75,2030,ssp585,0
32.324,-68.75,2030,ssp585,0
34.859,-123.75,2030,ssp585,0
34.859,-118.75,2030,ssp585,71
34.859,-113.75,2030,ssp585,111
34.859,-108.75,2030,ssp585,79
34.859,-103.75,2030,ssp585,80
34.859,-98.75,2030,ssp585,76
34.859,-93.75,2030,ssp585,70
34.859,-88.75,2030,ssp585,75
34.859,-83.75,2030,ssp585,72
34.859,-78.75,2030,ssp585,60
34.859,-73.75,2030,ssp585,7
34.859,-68.75,2030,ssp585,0
37.394,-123.75,2030,ssp585,2
37.394,-118.75,2030,ssp585,106
37.394,-113.75,2030,ssp585,84
37.394,-108.75,2030,ssp585,87
37.394,-103.75,2030,ssp585,70
37.394,-98.75,2030,ssp585,69
37.394,-93.75,2030,ssp585,77
37.394,-88.75,2030,ssp585,75
37.394,-83.75,2030,ssp585,69
37.394,-78.75,2030,ssp585,77
37.394,-73.75,2030,ssp585,36
37.394,-68.75,2030,ssp585,10
39.93,-123.75,2030,ssp585,64
39.93,-118.75,2030,ssp585,111
39.93,-113.75,2030,ssp585,95
39.93,-108.75,2030,ssp585,92
39.93,-103.75,2030,ssp585,67
39.93,-98.75,2030,ssp585,46
39.93,-93.75,2030,ssp585,62
39.93,-88.75,2030,ssp585,79
39.93,-83.75,2030,ssp585,81
39.93,-78.75,2030,ssp585,72
39.93,-73.75,2030,ssp585,73
39.93,-68.75,2030,ssp585,76
42.465,-123.75,2030,ssp585,121
42.465,-118.75,2030,ssp585,86
42.465,-113.75,2030,ssp585,88
42.465,-108.75,2030,ssp585,90
42.465,-103.75,2030,ssp585,60
42.465,-98.75,2030,ssp585,39
42.465,-93.75,2030,ssp585,49
42.465,-88.75,2030,ssp585,81
42.465,-83.75,2030,ssp585,76
42.465,-78.75,2030,ssp585,65
42.465,-73.75,2030,ssp585,68
42.465,-68.75,2030,ssp585,111
45.0,-123.75,2030,ssp585,111
45.0,-118.75,2030,ssp585,88
45.0,-113.75,2030,ssp585,93
45.0,-108.75,2030,ssp585,63
45.0,-103.75,2030,ssp585,44
45.0,-98.75,2030,ssp585,34
45.0,-93.75,2030,ssp585,45
45.0,-88.75,2030,ssp585,58
45.0,-83.75,2030,ssp585,65
45.0,-78.75,2030,ssp585,53
45.0,-73.75,2030,ssp585,54
45.0,-68.75,2030,ssp585,57
47.535,-123.75,2030,ssp585,113
47.535,-118.75,2030,ssp585,84
47.535,-113.75,2030,ssp585,60
47.535,-108.75,2030,ssp585,54
47.535,-103.75,2030,ssp585,50
47.535,-98.75,2030,ssp585,45
47.535,-93.75,2030,ssp585,43
47.535,-88.75,2030,ssp585,59
47.535,-83.75,2030,ssp585,51
47.535,-78.75,2030,ssp585,50
47.535,-73.75,2030,ssp585,46
47.535,-68.75,2030,ssp585,54
24.718,-123.75,2031,ssp585,0
24.718,-118.75,2031,ssp585,0
24.718,-113.75,2031,ssp585,0
24.718,-108.75,2031,ssp585,0
24.718,-103.75,2031,ssp585,67
24.718,-98.75,2031,ssp585,16
24.718,-93.75,2031,ssp585,0
24.718,-88.75,2031,ssp585,0
24.718,-83.75,2031,ssp585,0
24.718,-78.75,2031,ssp585,0
24.718,-73.75,2031,ssp585,0
24.718,-68.75,2031,ssp585,0
27.254,-123.75,2031,ssp585,0
27.254,-118.75,2031,ssp585,0
27.254,-113.75,2031,ssp585,2
27.254,-108.75,2031,ssp585,45
27.254,-103.75,2031,ssp585,68
27.254,-98.75,2031,ssp585,32
27.254,-93.75,2031,ssp585,0
27.254,-88.75,2031,ssp585,0
27.254,-83.75,2031,ssp585,0
27.254,-78.75,2031,ssp585,0
27.254,-73.75,2031,ssp585,0
27.254,-68.75,2031,ssp585,0
29.789,-123.75,2031,ssp585,0
29.789,-118.75,2031,ssp585,0
29.789,-113.75,2031,ssp585,18
29.789,-108.75,2031,ssp585,89
29.789,-103.75,2031,ssp585,68
29.789,-98.75,2031,ssp585,51
29.789,-93.75,2031,ssp585,42
29.789,-88.75,2031,ssp585,22
29.789,-83.75,2031,ssp585,27
29.789,-78.75,2031,ssp585,0
29.789,-73.75,2031,ssp585,0
29.789,-68.75,2031,ssp585,0
32.324,-123.75,2031,ssp585,0
32.324,-118.75,2031,ssp585,0
32.324,-113.75,2031,ssp585,75
32.324,-108.75,2031,ssp585,85
32.324,-103.75,2031,ssp585,77
32.324,-98.75,2031,ssp585,57
32.324,-93.75,2031,ssp585,54
32.324,-88.75,2031,ssp585,63
32.324,-83.75,2031,ssp585,72
32.324,-78.75,2031,ssp585,13
32.324,-73.75,2031,ssp585,0
32.324,-68.75,2031,ssp585,0
34.859,-123.75,2031,ssp585,0
34.859,-118.75,2031,ssp585,90
34.859,-113.75,2031,ssp585,108
34.859,-108.75,2031,ssp585,85
34.859,-103.75,2031,ssp585,87
34.859,-98.75,2031,ssp585,67
34.859,-93.75,2031,ssp585,62
34.859,-88.75,2031,ssp585,72
34.859,-83.75,2031,ssp585,75
34.859,-78.75,2031,ssp585,64
34.859,-73.75,2031,ssp585,4
34.859,-68.75,2031,ssp585,0
37.394,-123.75,2031,ssp585,6
37.394,-118.75,2031,ssp585,119
37.394,-113.75,2031,ssp585,91
37.394,-108.75,2031,ssp585,69
37.394,-103.75,2031,ssp585,66
37.394,-98.75,2031,ssp585,70
37.394,-93.75,2031,ssp585,70
37.394,-88.75,2031,ssp585,74
37.394,-83.75,2031,ssp585,75
37.394,-78.75,2031,ssp585,79
37.394,-73.75,2031,ssp585,53
37.394,-68.75,2031,ssp585,4
39.93,-123.75,2031,ssp585,66
39.93,-118.75,2031,ssp585,109
39.93,-113.75,2031,ssp585,87
39.93,-108.75,2031,ssp585,76
39.93,-103.75,2031,ssp585,63
39.93,-98.75,2031,ssp585,66
39.93,-93.75,2031,ssp585,72
39.93,-88.75,2031,ssp585,77
39.93,-83.75,2031,ssp585,88
39.93,-78.75,2031,ssp585,86
39.93,-73.75,2031,ssp585,99
39.93,-68.75,2031,ssp585,99
42.465,-123.75,2031,ssp585,128
42.465,-118.75,2031,ssp585,99
42.465,-113.75,2031,ssp585,83
42.465,-108.75,2031,ssp585,75
42.465,-103.75,2031,ssp585,58
42.465,-98.75,2031,ssp585,55
42.465,-93.75,2031,ssp585,56
42.465,-88.75,2031,ssp585,81
42.465,-83.75,2031,ssp585,85
42.465,-78.75,2031,ssp585,78
42.465,-73.75,2031,ssp585,68
42.465,-68.75,2031,ssp585,134
45.0,-123.75,2031,ssp585,103
45.0,-118.75,2031,ssp585,110
45.0,-113.75,2031,ssp585,73
45.0,-108.75,2031,ssp585,65
45.0,-103.75,2031,ssp585,56
45.0,-98.75,2031,ssp585,48
45.0,-93.75,2031,ssp585,49
45.0,-88.75,2031,ssp585,66
45.0,-83.75,2031,ssp585,86
45.0,-78.75,2031,ssp585,74
45.0,-73.75,2031,ssp585,57
45.0,-68.75,2031,ssp585,79
47.535,-123.75,2031,ssp585,109
47.535,-118.75,2031,ssp585,89
47.535,-113.75,2031,ssp585,69
47.535,-108.75,2031,ssp585,70
47.535,-103.75,2031,ssp585,61
47.535,-98.75,2031,ssp585,51
47.535,-93.75,2031,ssp585,52
47.535,-88.75,2031,ssp585,75
47.535,-83.75,2031,ssp585,65
47.535,-78.75,2031,ssp585,58
47.535,-73.75,2031,ssp585,55
47.535,-68.75,2031,ssp585,56
24.718,-123.75,2032,ssp585,0
24.718,-118.75,2032,ssp585,0
24.718,-113.75,2032,ssp585,0
24.718,-108.75,2032,ssp585,0
24.718,-103.75,2032,ssp585,71
24.718,-98.75,2032,ssp585,2
24.718,-93.75,2032,ssp585,0
24.718,-88.75,2032,ssp585,0
24.718,-83.75,2032,ssp585,0
24.718,-78.75,2032,ssp585,0
24.718,-73.75,2032,ssp585,0
24.718,-68.75,2032,ssp585,0
27.254,-123.75,2032,ssp585,0
27.254,-118.75,2032,ssp585,0
27.254,-113.75,2032,ssp585,0
27.254,-108.75,2032,ssp585,46
27.254,-103.75,2032,ssp585,68
27.254,-98.75,2032,ssp585,20
27.254,-93.75,2032,ssp585,0
27.254,-88.75,2032,ssp585,0
27.254,-83.75,2032,ssp585,1
27.254,-78.75,2032,ssp585,0
27.254,-73.75,2032,ssp585,0
27.254,-68.75,2032,ssp585,0
29.789,-123.75,2032,ssp585,0
29.789,-118.75,2032,ssp585,0
29.789,-113.75,2032,ssp585,11
29.789,-108.75,2032,ssp585,109
29.789,-103.75,2032,ssp585,70
29.789,-98.75,2032,ssp585,50
29.789,-93.75,2032,ssp585,36
29.789,-88.75,2032,ssp585,15
29.789,-83.75,2032,ssp585,21
29.789,-78.75,2032,ssp585,0
29.789,-73.75,2032,ssp585,0
29.789,-68.75,2032,ssp585,0
32.324,-123.75,2032,ssp585,0
32.324,-118.75,2032,ssp585,1
32.324,-113.75,2032,ssp585,73
32.324,-108.75,2032,ssp585,108
32.324,-103.75,2032,ssp585,88
32.324,-98.75,2032,ssp585,69
32.324,-93.75,2032,ssp585,63
32.324,-88.75,2032,ssp585,71
32.324,-83.75,2032,ssp585,59
32.324,-78.75,2032,ssp585,15
32.324,-73.75,2032,ssp585,0
32.324,-68.75,2032,ssp585,0
34.859,-123.75,2032,ssp585,3
34.859,-118.75,2032,ssp585,93
34.859,-113.75,2032,ssp585,125
34.859,-108.75,2032,ssp585,70
34.859,-103.75,2032,ssp585,84
34.859,-98.75,2032,ssp585,74
34.859,-93.75,2032,ssp585,69
34.859,-88.75,2032,ssp585,74
34.859,-83.75,2032,ssp585,84
34.859,-78.75,2032,ssp585,70
34.859,-73.75,2032,ssp585,10
34.859,-68.75,2032,ssp585,0
37.394,-123.75,2032,ssp585,10
37.394,-118.75,2032,ssp585,120
37.394,-113.75,2032,ssp585,75
37.394,-108.75,2032,ssp585,54
37.394,-103.75,2032,ssp585,65
37.394,-98.75,2032,ssp585,72
37.394,-93.75,2032,ssp585,58
37.394,-88.75,2032,ssp585,67
37.394,-83.75,2032,ssp585,69
37.394,-78.75,2032,ssp585,66
37.394,-73.75,2032,ssp585,49
37.394,-68.75,2032,ssp585,11
39.93,-123.75,2032,ssp585,64
39.93,-118.75,2032,ssp585,86
39.93,-113.75,2032,ssp585,70
39.93,-108.75,2032,ssp585,58
39.93,-103.75,2032,ssp585,57
39.93,-98.75,2032,ssp585,64
39.93,-93.75,2032,ssp585,61
39.93,-88.75,2032,ssp585,67
39.93,-83.75,2032,ssp585,70
39.93,-78.75,2032,ssp585,63
39.93,-73.75,2032,ssp585,92
39.93,-68.75,2032,ssp585,104
42.465,-123.75,2032,ssp585,150
42.465,-118.75,2032,ssp585,84
42.465,-113.75,2032,ssp585,70
42.465,-108.75,2032,ssp585,50
42.465,-103.75,2032,ssp585,47
42.465,-98.75,2032,ssp585,58
42.465,-93.75,2032,ssp585,60
42.465,-88.75,2032,ssp585,56
42.465,-83.75,2032,ssp585,69
42.465,-78.75,2032,ssp585,62
42.465,-73.75,2032,ssp585,56
42.465,-68.75,2032,ssp585,111
45.0,-123.75,2032,ssp585,120
45.0,-118.75,2032,ssp585,107
45.0,-113.75,2032,ssp585,50
45.0,-108.75,2032,ssp585,52
45.0,-103.75,2032,ssp585,56
45.0,-98.75,2032,ssp585,53
45.0,-93.75,2032,ssp585,53
45.0,-88.75,2032,ssp585,57
45.0,-83.75,2032,ssp585,64
45.0,-78.75,2032,ssp585,56
45.0,-73.75,2032,ssp585,56
45.0,-68.75,2032,ssp585,65
47.535,-123.75,2032,ssp585,132
47.535,-118.75,2032,ssp585,93
47.535,-113.75,2032,ssp585,53
47.535,-108.75,2032,ssp585,56
47.535,-103.75,2032,ssp585,53
47.535,-98.75,2032,ssp585,38
47.535,-93.75,2032,ssp585,38
47.535,-88.75,2032,ssp585,53
47.535,-83.75,2032,ssp585,46
47.535,-78.75,2032,ssp585,38
47.535,-73.75,2032,ssp585,37
47.535,-68.75,2032,ssp585,46
24.718,-123.75,2033,ssp585,0
24.718,-118.75,2033,ssp585,0
24.718,-113.75,2033,ssp585,0
24.718,-108.75,2033,ssp585,0
24.718,-103.75,2033,ssp585,79
24.718,-98.75,2033,ssp585,11
24.718,-93.75,2033,ssp585,0
24.718,-88.75,2033,ssp585,0
24.718,-83.75,2033,ssp585,0
24.718,-78.75,2033,ssp585,0
24.718,-73.75,2033,ssp585,0
24.718,-68.75,2033,ssp585,0
27.254,-123.75,2033,ssp585,0
27.254,-118.75,2033,ssp585,0
27.254,-113.75,2033,ssp585,0
27.254,-108.75,2033,ssp585,36
27.254,-103.75,2033,ssp585,63
27.254,-98.75,2033,ssp585,26
27.254,-93.75,2033,ssp585,0
27.254,-88.75,2033,ssp585,0
27.254,-83.75,2033,ssp585,0
27.254,-78.75,2033,ssp585,0
27.254,-73.75,2033,ssp585,0
27.254,-68.75,2033,ssp585,0
29.789,-123.75,2033,ssp585,0
29.789,-118.75,2033,ssp585,0
29.789,-113.75,2033,ssp585,10
29.789,-108.75,2033,ssp585,118
29.789,-103.75,2033,ssp585,75
29.789,-98.75,2033,ssp585,54
29.789,-93.75,2033,ssp585,30
29.789,-88.75,2033,ssp585,20
29.789,-83.75,2033,ssp585,22
29.789,-78.75,2033,ssp585,0
29.789,-73.75,2033,ssp585,0
29.789,-68.75,2033,ssp585,0
32.324,-123.75,2033,ssp585,0
32.324,-118.75,2033,ssp585,0
32.324,-113.75,2033,ssp585,59
32.324,-108.75,2033,ssp585,105
32.324,-103.75,2033,ssp585,82
32.324,-98.75,2033,ssp585,68
32.324,-93.75,2033,ssp585,66
32.324,-88.75,2033,ssp585,54
32.324,-83.75,2033,ssp585,57
32.324,-78.75,2033,ssp585,8
32.324,-73.75,2033,ssp585,0
32.324,-68.75,2033,ssp585,0
34.859,-123.75,2033,ssp585,0
34.859,-118.75,2033,ssp585,73
34.859,-113.75,2033,ssp585,124
34.859,-108.75,2033,ssp585,93
34.859,-103.75,2033,ssp585,85
34.859,-98.75,2033,ssp585,75
34.859,-93.75,2033,ssp585,68
34.859,-88.75,2033,ssp585,70
34.859,-83.75,2033,ssp585,73
34.859,-78.75,2033,ssp585,66
34.859,-73.75,2033,ssp585,3
34.859,-68.75,2033,ssp585,0
37.394,-123.75,2033,ssp585,0
37.394,-118.75,2033,ssp585,147
37.394,-113.75,2033,ssp585,104
37.394,-108.75,2033,ssp585,80
37.394,-103.75,2033,ssp585,83
37.394,-98.75,2033,ssp585,65
37.394,-93.75,2033,ssp585,62
37.394,-88.75,2033,ssp585,74
37.394,-83.75,2033,ssp585,75
37.394,-78.75,2033,ssp585,91
37.394,-73.75,2033,ssp585,44
37.394,-68.75,2033,ssp585,2
39.93,-123.75,2033,ssp585,80
39.93,-118.75,2033,ssp585,100
39.93,-113.75,2033,ssp585,85
39.93,-108.75,2033,ssp585,70
39.93,-103.75,2033,ssp585,81
39.93,-98.75,2033,ssp585,60
39.93,-93.75,2033,ssp585,59
39.93,-88.75,2033,ssp585,65
39.93,-83.75,2033,ssp585,80
39.93,-78.75,2033,ssp585,78
39.93,-73.75,2033,ssp585,104
39.93,-68.75,2033,ssp585,85
42.465,-123.75,2033,ssp585,157
42.465,-118.75,2033,ssp585,100
42.465,-113.75,2033,ssp585,82
42.465,-108.75,2033,ssp585,65
42.465,-103.75,2033,ssp585,76
42.465,-98.75,2033,ssp585,55
42.465,-93.75,2033,ssp585,61
42.465,-88.75,2033,ssp585,73
42.465,-83.75,2033,ssp585,79
42.465,-78.75,2033,ssp585,81
42.465,-73.75,2033,ssp585,63
42.465,-68.75,2033,ssp585,123
45.0,-123.75,2033,ssp585,126
45.0,-118.75,2033,ssp585,118
45.0,-113.75,2033,ssp585,73
45.0,-108.75,2033,ssp585,73
45.0,-103.75,2033,ssp585,64
45.0,-98.75,2033,ssp585,55
45.0,-93.75,2033,ssp585,57
45.0,-88.75,2033,ssp585,62
45.0,-83.75,2033,ssp585,75
45.0,-78.75,2033,ssp585,66
45.0,-73.75,2033,ssp585,54
45.0,-68.75,2033,ssp585,66
47.535,-123.75,2033,ssp585,127
47.535,-118.75,2033,ssp585,103
47.535,-113.75,2033,ssp585,83
47.535,-108.75,2033,ssp585,73
47.535,-103.75,2033,ssp585,50
47.535,-98.75,2033,ssp585,53
47.535,-93.75,2033,ssp585,51
47.535,-88.75,2033,ssp585,65
47.535,-83.75,2033,ssp585,48
47.535,-78.75,2033,ssp585,45
47.535,-73.75,2033,ssp585,42
47.535,-68.75,2033,ssp585,46
24.718,-123.75,2034,ssp585,0
24.718,-118.75,2034,ssp585,0
24.718,-113.75,2034,ssp585,0
24.718,-108.75,2034,ssp585,0
24.718,-103.75,2034,ssp585,72
24.718,-98.75,2034,ssp585,8
24.718,-93.75,2034,ssp585,0
24.718,-88.75,2034,ssp585,0
24.718,-83.75,2034,ssp585,0
24.718,-78.75,2034,ssp585,0
24.718,-73.75,2034,ssp585,0
24.718,-68.75,2034,ssp585,0
27.254,-123.75,2034,ssp585,0
27.254,-118.75,2034,ssp585,0
27.254,-113.75,2034,ssp585,0
27.254,-108.75,2034,ssp585,36
27.254,-103.75,2034,ssp585,66
27.254,-98.75,2034,ssp585,18
27.254,-93.75,2034,ssp585,1
27.254,-88.75,2034,ssp585,0
27.254,-83.75,2034,ssp585,0
27.254,-78.75,2034,ssp585,0
27.254,-73.75,2034,ssp585,0
27.254,-68.75,2034,ssp585,0
29.789,-123.75,2034,ssp585,0
29.789,-118.75,2034,ssp585,0
29.789,-113.75,2034,ssp585,2
29.789,-108.75,2034,ssp585,93
29.789,-103.75,2034,ssp585,79
29.789,-98.75,2034,ssp585,55
29.789,-93.75,2034,ssp585,26
29.789,-88.75,2034,ssp585,23
29.789,-83.75,2034,ssp585,34
29.789,-78.75,2034,ssp585,0
29.789,-73.75,2034,ssp585,0
29.789,-68.75,2034,ssp585,0
32.324,-123.75,2034,ssp585,0
32.324,-118.75,2034,ssp585,0
32.324,-113.75,2034,ssp585,46
32.324,-108.75,2034,ssp585,121
32.324,-103.75,2034,ssp585,97
32.324,-98.75,2034,ssp585,68
32.324,-93.75,2034,ssp585,75
32.324,-88.75,2034,ssp585,60
32.324,-83.75,2034,ssp585,68
32.324,-78.75,2034,ssp585,17
32.324,-73.75,2034,ssp585,0
32.324,-68.75,2034,ssp585,0
34.859,-123.75,2034,ssp585,0
34.859,-118.75,2034,ssp585,54
34.859,-113.75,2034,ssp585,119
34.859,-108.75,2034,ssp585,97
34.859,-103.75,2034,ssp585,78
34.859,-98.75,2034,ssp585,71
34.859,-93.75,2034,ssp585,73
34.859,-88.75,2034,ssp585,65
34.859,-83.75,2034,ssp585,62
34.859,-78.75,2034,ssp585,71
34.859,-73.75,2034,ssp585,19
34.859,-68.75,2034,ssp585,0
37.394,-123.75,2034,ssp585,4
37.394,-118.75,2034,ssp585,163
37.394,-113.75,2034,ssp585,109
37.394,-108.75,2034,ssp585,86
37.394,-103.75,2034,ssp585,53
37.394,-98.75,2034,ssp585,57
37.394,-93.75,2034,ssp585,52
37.394,-88.75,2034,ssp585,52
37.394,-83.75,2034,ssp585,60
37.394,-78.75,2034,ssp585,54
37.394,-73.75,2034,ssp585,63
37.394,-68.75,2034,ssp585,12
39.93,-123.75,2034,ssp585,54
39.93,-118.75,2034,ssp585,134
39.93,-113.75,2034,ssp585,111
39.93,-108.75,2034,ssp585,98
39.93,-103.75,2034,ssp585,68
39.93,-98.75,2034,ssp585,49
39.93,-93.75,2034,ssp585,46
39.93,-88.75,2034,ssp585,48
39.93,-83.75,2034,ssp585,54
39.93,-78.75,2034,ssp585,52
39.93,-73.75,2034,ssp585,84
39.93,-68.75,2034,ssp585,88
42.465,-123.75,2034,ssp585,112
42.465,-118.75,2034,ssp585,135
42.465,-113.75,2034,ssp585,114
42.465,-108.75,2034,ssp585,99
42.465,-103.75,2034,ssp585,66
42.465,-98.75,2034,ssp585,39
42.465,-93.75,2034,ssp585,41
42.465,-88.75,2034,ssp585,56
42.465,-83.75,2034,ssp585,55
42.465,-78.75,2034,ssp585,62
42.465,-73.75,2034,ssp585,56
42.465,-68.75,2034,ssp585,109
45.0,-123.75,2034,ssp585,92
45.0,-118.75,2034,ssp585,125
45.0,-113.75,2034,ssp585,103
45.0,-108.75,2034,ssp585,87
45.0,-103.75,2034,ssp585,55
45.0,-98.75,2034,ssp585,42
45.0,-93.75,2034,ssp585,40
45.0,-88.75,2034,ssp585,55
45.0,-83.75,2034,ssp585,70
45.0,-78.75,2034,ssp585,56
45.0,-73.75,2034,ssp585,55
45.0,-68.75,2034,ssp585,57
47.535,-123.75,2034,ssp585,105
47.535,-118.75,2034,ssp585,101
47.535,-113.75,2034,ssp585,89
47.535,-108.75,2034,ssp585,62
47.535,-103.75,2034,ssp585,53
47.535,-98.75,2034,ssp585,46
47.535,-93.75,2034,ssp585,48
47.535,-88.75,2034,ssp585,47
47.535,-83.75,2034,ssp585,57
47.535,-78.75,2034,ssp585,61
47.535,-73.75,2034,ssp585,58
47.535,-68.75,2034,ssp585,62
24.718,-123.75,2035,ssp585,0
24.718,-118.75,2035,ssp585,0
24.718,-113.75,2035,ssp585,0
24.718,-108.75,2035,ssp585,0
24.718,-103.75,2035,ssp585,82
24.718,-98.75,2035,ssp585,13
24.718,-93.75,2035,ssp585,0
24.718,-88.75,2035,ssp585,0
24.718,-83.75,2035,ssp585,0
24.718,-78.75,2035,ssp585,0
24.718,-73.75,2035,ssp585,0
24.718,-68.75,2035,ssp585,0
27.254,-123.75,2035,ssp585,0
27.254,-118.75,2035,ssp585,0
27.254,-113.75,2035,ssp585,0
27.254,-108.75,2035,ssp585,39
27.254,-103.75,2035,ssp585,68
27.254,-98.75,2035,ssp585,24
27.254,-93.75,2035,ssp585,0
27.254,-88.75,2035,ssp585,0
27.254,-83.75,2035,ssp585,3
27.254,-78.75,2035,ssp585,0
27.254,-73.75,2035,ssp585,0
27.254,-68.75,2035,ssp585,0
29.789,-123.75,2035,ssp585,0
29.789,-118.75,2035,ssp585,0
29.789,-113.75,2035,ssp585,2
29.789,-108.75,2035,ssp585,121
29.789,-103.75,2035,ssp585,88
29.789,-98.75,2035,ssp585,63
29.789,-93.75,2035,ssp585,28
29.789,-88.75,2035,ssp585,20
29.789,-83.75,2035,ssp585,29
29.789,-78.75,2035,ssp585,0
29.789,-73.75,2035,ssp585,0
29.789,-68.75,2035,ssp585,0
32.324,-123.75,2035,ssp585,0
32.324,-118.75,2035,ssp585,0
32.324,-113.75,2035,ssp585,57
32.324,-108.75,2035,ssp585,118
32.324,-103.75,2035,ssp585,94
32.324,-98.75,2035,ssp585,79
32.324,-93.75,2035,ssp585,67
32.324,-88.75,2035,ssp585,61
32.324,-83.75,2035,ssp585,55
32.324,-78.75,2035,ssp585,17
32.324,-73.75,2035,ssp585,0
32.324,-68.75,2035,ssp585,0
34.859,-123.75,2035,ssp585,0
34.859,-118.75,2035,ssp585,57
34.859,-113.75,2035,ssp585,131
34.859,-108.75,2035,ssp585,93
34.859,-103.75,2035,ssp585,98
34.859,-98.75,2035,ssp585,85
34.859,-93.75,2035,ssp585,74
34.859,-88.75,2035,ssp585,69
34.859,-83.75,2035,ssp585,65
34.859,-78.75,2035,ssp585,54
34.859,-73.75,2035,ssp585,10
34.859,-68.75,2035,ssp585,0
37.394,-123.75,2035,ssp585,0
37.394,-118.75,2035,ssp585,154
37.394,-113.75,2035,ssp585,92
37.394,-108.75,2035,ssp585,71
37.394,-103.75,2035,ssp585,75
37.394,-98.75,2035,ssp585,93
37.394,-93.75,2035,ssp585,84
37.394,-88.75,2035,ssp585,78
37.394,-83.75,2035,ssp585,74
37.394,-78.75,2035,ssp585,79
37.394,-73.75,2035,ssp585,33
37.394,-68.75,2035,ssp585,2
39.93,-123.75,2035,ssp585,40
39.93,-118.75,2035,ssp585,120
39.93,-113.75,2035,ssp585,89
39.93,-108.75,2035,ssp585,54
39.93,-103.75,2035,ssp585,62
39.93,-98.75,2035,ssp585,73
39.93,-93.75,2035,ssp585,81
39.93,-88.75,2035,ssp585,83
39.93,-83.75,2035,ssp585,74
39.93,-78.75,2035,ssp585,75
39.93,-73.75,2035,ssp585,107
39.93,-68.75,2035,ssp585,77
42.465,-123.75,2035,ssp585,122
42.465,-118.75,2035,ssp585,126
42.465,-113.75,2035,ssp585,88
42.465,-108.75,2035,ssp585,46
42.465,-103.75,2035,ssp585,53
42.465,-98.75,2035,ssp585,71
42.465,-93.75,2035,ssp585,67
42.465,-88.75,2035,ssp585,83
42.465,-83.75,2035,ssp585,81
42.465,-78.75,2035,ssp585,73
42.465,-73.75,2035,ssp585,64
42.465,-68.75,2035,ssp585,123
45.0,-123.75,2035,ssp585,84
45.0,-118.75,2035,ssp585,152
45.0,-113.75,2035,ssp585,58
45.0,-108.75,2035,ssp585,51
45.0,-103.75,2035,ssp585,68
45.0,-98.75,2035,ssp585,74
45.0,-93.75,2035,ssp585,73
45.0,-88.75,2035,ssp585,76
45.0,-83.75,2035,ssp585,87
45.0,-78.75,2035,ssp585,69
45.0,-73.75,2035,ssp585,54
45.0,-68.75,2035,ssp585,63
47.535,-123.75,2035,ssp585,103
47.535,-118.75,2035,ssp585,144
47.535,-113.75,2035,ssp585,71
47.535,-108.75,2035,ssp585,65
47.535,-103.75,2035,ssp585,68
47.535,-98.75,2035,ssp585,62
47.535,-93.75,2035,ssp585,58
47.535,-88.75,2035,ssp585,78
47.535,-83.75,2035,ssp585,62
47.535,-78.75,2035,ssp585,52
47.535,-73.75,2035,ssp585,50
47.535,-68.75,2035,ssp585,51
24.718,-123.75,2036,ssp585,0
24.718,-118.75,2036,ssp585,0
24.718,-113.75,2036,ssp585,0
24.718,-108.75,2036,ssp585,0
24.718,-103.75,2036,ssp585,74
24.718,-98.75,2036,ssp585,6
24.718,-93.75,2036,ssp585,0
24.718,-88.75,2036,ssp585,0
24.718,-83.75,2036,ssp585,0
24.718,-78.75,2036,ssp585,0
24.718,-73.75,2036,ssp585,0
24.718,-68.75,2036,ssp585,0
27.254,-123.75,2036,ssp585,0
27.254,-118.75,2036,ssp585,0
27.254,-113.75,2036,ssp585,3
27.254,-108.75,2036,ssp585,37
27.254,-103.75,2036,ssp585,64
27.254,-98.75,2036,ssp585,14
27.254,-93.75,2036,ssp585,0
27.254,-88.75,2036,ssp585,0
27.254,-83.75,2036,ssp585,1
27.254,-78.75,2036,ssp585,0
27.254,-73.75,2036,ssp585,0
27.254,-68.75,2036,ssp585,0
29.789,-123.75,2036,ssp585,0
29.789,-118.75,2036,ssp585,0
29.789,-113.75,2036,ssp585,14
29.789,-108.75,2036,ssp585,116
29.789,-103.75,2036,ssp585,89
29.789,-98.75,2036,ssp585,37
29.789,-93.75,2036,ssp585,18
29.789,-88.75,2036,ssp585,11
29.789,-83.75,2036,ssp585,18
29.789,-78.75,2036,ssp585,0
29.789,-73.75,2036,ssp585,0
29.789,-68.75,2036,ssp585,0
32.324,-123.75,2036,ssp585,0
32.324,-118.75,2036,ssp585,5
32.324,-113.75,2036,ssp585,73
32.324,-108.75,2036,ssp585,113
32.324,-103.75,2036,ssp585,110
32.324,-98.75,2036,ssp585,78
32.324,-93.75,2036,ssp585,63
32.324,-88.75,2036,ssp585,60
32.324,-83.75,2036,ssp585,41
32.324,-78.75,2036,ssp585,13
32.324,-73.75,2036,ssp585,0
32.324,-68.75,2036,ssp585,0
34.859,-123.75,2036,ssp585,6
34.859,-118.75,2036,ssp585,75
34.859,-113.75,2036,ssp585,108
34.859,-108.75,2036,ssp585,88
34.859,-103.75,2036,ssp585,103
34.859,-98.75,2036,ssp585,87
34.859,-93.75,2036,ssp585,76
34.859,-88.75,2036,ssp585,84
34.859,-83.75,2036,ssp585,76
34.859,-78.75,2036,ssp585,64
34.859,-73.75,2036,ssp585,9
34.859,-68.75,2036,ssp585,0
37.394,-123.75,2036,ssp585,15
37.394,-118.75,2036,ssp585,113
37.394,-113.75,2036,ssp585,85
37.394,-108.75,2036,ssp585,89
37.394,-103.75,2036,ssp585,80
37.394,-98.75,2036,ssp585,77
37.394,-93.75,2036,ssp585,66
37.394,-88.75,2036,ssp585,66
37.394,-83.75,2036,ssp585,60
37.394,-78.75,2036,ssp585,63
37.394,-73.75,2036,ssp585,40
37.394,-68.75,2036,ssp585,6
39.93,-123.75,2036,ssp585,61
39.93,-118.75,2036,ssp585,102
39.93,-113.75,2036,ssp585,101
39.93,-108.75,2036,ssp585,80
39.93,-103.75,2036,ssp585,73
39.93,-98.75,2036,ssp585,63
39.93,-93.75,2036,ssp585,53
39.93,-88.75,2036,ssp585,58
39.93,-83.75,2036,ssp585,69
39.93,-78.75,2036,ssp585,62
39.93,-73.75,2036,ssp585,96
39.93,-68.75,2036,ssp585,76
42.465,-123.75,2036,ssp585,127
42.465,-118.75,2036,ssp585,111
42.465,-113.75,2036,ssp585,92
42.465,-108.75,2036,ssp585,78
42.465,-103.75,2036,ssp585,63
42.465,-98.75,2036,ssp585,57
42.465,-93.75,2036,ssp585,56
42.465,-88.75,2036,ssp585,58
42.465,-83.75,2036,ssp585,54
42.465,-78.75,2036,ssp585,49
42.465,-73.75,2036,ssp585,48
42.465,-68.75,2036,ssp585,108
45.0,-123.75,2036,ssp585,97
45.0,-118.75,2036,ssp585,117
45.0,-113.75,2036,ssp585,92
45.0,-108.75,2036,ssp585,72
45.0,-103.75,2036,ssp585,53
45.0,-98.75,2036,ssp585,49
45.0,-93.75,2036,ssp585,54
45.0,-88.75,2036,ssp585,55
45.0,-83.75,2036,ssp585,55
45.0,-78.75,2036,ssp585,43
45.0,-73.75,2036,ssp585,53
45.0,-68.75,2036,ssp585,48
47.535,-123.75,2036,ssp585,94
47.535,-118.75,2036,ssp585,100
47.535,-113.75,2036,ssp585,87
47.535,-108.75,2036,ssp585,66
47.535,-103.75,2036,ssp585,48
47.535,-98.75,2036,ssp585,51
47.535,-93.75,2036,ssp585,41
47.535,-88.75,2036,ssp585,53
47.535,-83.75,2036,ssp585,52
47.535,-78.75,2036,ssp585,52
47.535,-73.75,2036,ssp585,53
47.535,-68.75,2036,ssp585,51
24.718,-123.75,2037,ssp585,0
24.718,-118.75,2037,ssp585,0
24.718,-113.75,2037,ssp585,0
24.718,-108.75,2037,ssp585,0
24.718,-103.75,2037,ssp585,56
24.718,-98.75,2037,ssp585,1
24.718,-93.75,2037,ssp585,0
24.718,-88.75,2037,ssp585,0
24.718,-83.75,2037,ssp585,0
24.718,-78.75,2037,ssp585,0
24.718,-73.75,2037,ssp585,0
24.718,-68.75,2037,ssp585,0
27.254,-123.75,2037,ssp585,0
27.254,-118.75,2037,ssp585,0
27.254,-113.75,2037,ssp585,0
27.254,-108.75,2037,ssp585,39
27.254,-103.75,2037,ssp585,53
27.254,-98.75,2037,ssp585,8
27.254,-93.75,2037,ssp585,0
27.254,-88.75,2037,ssp585,0
27.254,-83.75,2037,ssp585,0
27.254,-78.75,2037,ssp585,0
27.254,-73.75,2037,ssp585,0
27.254,-68.75,2037,ssp585,0
29.789,-123.75,2037,ssp585,0
29.789,-118.75,2037,ssp585,0
29.789,-113.75,2037,ssp585,9
29.789,-108.75,2037,ssp585,96
29.789,-103.75,2037,ssp585,69
29.789,-98.75,2037,ssp585,43
29.789,-93.75,2037,ssp585,15
29.789,-88.75,2037,ssp585,8
29.789,-83.75,2037,ssp585,16
29.789,-78.75,2037,ssp585,0
29.789,-73.75,2037,ssp585,0
29.789,-68.75,2037,ssp585,0
32.324,-123.75,2037,ssp585,0
32.324,-118.75,2037,ssp585,0
32.324,-113.75,2037,ssp585,68
32.324,-108.75,2037,ssp585,112
32.324,-103.75,2037,ssp585,106
32.324,-98.75,2037,ssp585,61
32.324,-93.75,2037,ssp585,44
32.324,-88.75,2037,ssp585,45
32.324,-83.75,2037,ssp585,41
32.324,-78.75,2037,ssp585,6
32.324,-73.75,2037,ssp585,0
32.324,-68.75,2037,ssp585,0
34.859,-123.75,2037,ssp585,0
34.859,-118.75,2037,ssp585,95
34.859,-113.75,2037,ssp585,114
34.859,-108.75,2037,ssp585,89
34.859,-103.75,2037,ssp585,94
34.859,-98.75,2037,ssp585,76
34.859,-93.75,2037,ssp585,66
34.859,-88.75,2037,ssp585,62
34.859,-83.75,2037,ssp585,67
34.859,-78.75,2037,ssp585,51
34.859,-73.75,2037,ssp585,4
34.859,-68.75,2037,ssp585,0
37.394,-123.75,2037,ssp585,15
37.394,-118.75,2037,ssp585,96
37.394,-113.75,2037,ssp585,76
37.394,-108.75,2037,ssp585,72
37.394,-103.75,2037,ssp585,81
37.394,-98.75,2037,ssp585,71
37.394,-93.75,2037,ssp585,69
37.394,-88.75,2037,ssp585,66
37.394,-83.75,2037,ssp585,69
37.394,-78.75,2037,ssp585,63
37.394,-73.75,2037,ssp585,38
37.394,-68.75,2037,ssp585,5
39.93,-123.75,2037,ssp585,91
39.93,-118.75,2037,ssp585,107
39.93,-113.75,2037,ssp585,85
39.93,-108.75,2037,ssp585,82
39.93,-103.75,2037,ssp585,64
39.93,-98.75,2037,ssp585,67
39.93,-93.75,2037,ssp585,42
39.93,-88.75,2037,ssp585,59
39.93,-83.75,2037,ssp585,69
39.93,-78.75,2037,ssp585,73
39.93,-73.75,2037,ssp585,85
39.93,-68.75,2037,ssp585,78
42.465,-123.75,2037,ssp585,125
42.465,-118.75,2037,ssp585,98
42.465,-113.75,2037,ssp585,80
42.465,-108.75,2037,ssp585,79
42.465,-103.75,2037,ssp585,60
42.465,-98.75,2037,ssp585,55
42.465,-93.75,2037,ssp585,40
42.465,-88.75,2037,ssp585,60
42.465,-83.75,2037,ssp585,71
42.465,-78.75,2037,ssp585,80
42.465,-73.75,2037,ssp585,67
42.465,-68.75,2037,ssp585,99
45.0,-123.75,2037,ssp585,111
45.0,-118.75,2037,ssp585,96
45.0,-113.75,2037,ssp585,93
45.0,-108.75,2037,ssp585,70
45.0,-103.75,2037,ssp585,57
45.0,-98.75,2037,ssp585,49
45.0,-93.75,2037,ssp585,39
45.0,-88.75,2037,ssp585,46
45.0,-83.75,2037,ssp585,71
45.0,-78.75,2037,ssp585,79
45.0,-73.75,2037,ssp585,70
45.0,-68.75,2037,ssp585,77
47.535,-123.75,2037,ssp585,99
47.535,-118.75,2037,ssp585,84
47.535,-113.75,2037,ssp585,73
47.535,-108.75,2037,ssp585,69
47.535,-103.75,2037,ssp585,59
47.535,-98.75,2037,ssp585,47
47.535,-93.75,2037,ssp585,43
47.535,-88.75,2037,ssp585,52
47.535,-83.75,2037,ssp585,55
47.535,-78.75,2037,ssp585,56
47.535,-73.75,2037,ssp585,61
47.535,-68.75,2037,ssp585,60
24.718,-123.75,2038,ssp585,0
24.718,-118.75,2038,ssp585,0
24.718,-113.75,2038,ssp585,0
24.718,-108.75,2038,ssp585,0
24.718,-103.75,2038,ssp585,79
24.718,-98.75,2038,ssp585,14
24.718,-93.75,2038,ssp585,0
24.718,-88.75,2038,ssp585,0
24.718,-83.75,2038,ssp585,0
24.718,-78.75,2038,ssp585,0
24.718,-73.75,2038,ssp585,0
24.718,-68.75,2038,ssp585,0
27.254,-123.75,2038,ssp585,0
27.254,-118.75,2038,ssp585,0
27.254,-113.75,2038,ssp585,0
27.254,-108.75,2038,ssp585,28
27.254,-103.75,2038,ssp585,74
27.254,-98.75,2038,ssp585,33
27.254,-93.75,2038,ssp585,0
27.254,-88.75,2038,ssp585,0
27.254,-83.75,2038,ssp585,1
27.254,-78.75,2038,ssp585,0
27.254,-73.75,2038,ssp585,0
27.254,-68.75,2038,ssp585,0
29.789,-123.75,2038,ssp585,0
29.789,-118.75,2038,ssp585,0
29.789,-113.75,2038,ssp585,9
29.789,-108.75,2038,ssp585,113
29.789,-103.75,2038,ssp585,84
29.789,-98.75,2038,ssp585,57
29.789,-93.75,2038,ssp585,38
29.789,-88.75,2038,ssp585,16
29.789,-83.75,2038,ssp585,19
29.789,-78.75,2038,ssp585,0
29.789,-73.75,2038,ssp585,0
29.789,-68.75,2038,ssp585,0
32.324,-123.75,2038,ssp585,0
32.324,-118.75,2038,ssp585,0
32.324,-113.75,2038,ssp585,64
32.324,-108.75,2038,ssp585,119
32.324,-103.75,2038,ssp585,103
32.324,-98.75,2038,ssp585,81
32.324,-93.75,2038,ssp585,63
32.324,-88.75,2038,ssp585,57
32.324,-83.75,2038,ssp585,50
32.324,-78.75,2038,ssp585,3
32.324,-73.75,2038,ssp585,0
32.324,-68.75,2038,ssp585,0
34.859,-123.75,2038,ssp585,0
34.859,-118.75,2038,ssp585,65
34.859,-113.75,2038,ssp585,129
34.859,-108.75,2038,ssp585,80
34.859,-103.75,2038,ssp585,89
34.859,-98.75,2038,ssp585,84
34.859,-93.75,2038,ssp585,72
34.859,-88.75,2038,ssp585,67
34.859,-83.75,2038,ssp585,71
34.859,-78.75,2038,ssp585,52
34.859,-73.75,2038,ssp585,2
34.859,-68.75,2038,ssp585,0
37.394,-123.75,2038,ssp585,5
37.394,-118.75,2038,ssp585,136
37.394,-113.75,2038,ssp585,87
37.394,-108.75,2038,ssp585,73
37.394,-103.75,2038,ssp585,75
37.394,-98.75,2038,ssp585,98
37.394,-93.75,2038,ssp585,80
37.394,-88.75,2038,ssp585,73
37.394,-83.75,2038,ssp585,73
37.394,-78.75,2038,ssp585,75
37.394,-73.75,2038,ssp585,32
37.394,-68.75,2038,ssp585,3
39.93,-123.75,2038,ssp585,60
39.93,-118.75,2038,ssp585,100
39.93,-113.75,2038,ssp585,75
39.93,-108.75,2038,ssp585,67
39.93,-103.75,2038,ssp585,77
39.93,-98.75,2038,ssp585,78
39.93,-93.75,2038,ssp585,74
39.93,-88.75,2038,ssp585,74
39.93,-83.75,2038,ssp585,77
39.93,-78.75,2038,ssp585,70
39.93,-73.75,2038,ssp585,82
39.93,-68.75,2038,ssp585,52
42.465,-123.75,2038,ssp585,118
42.465,-118.75,2038,ssp585,92
42.465,-113.75,2038,ssp585,67
42.465,-108.75,2038,ssp585,73
42.465,-103.75,2038,ssp585,70
42.465,-98.75,2038,ssp585,65
42.465,-93.75,2038,ssp585,67
42.465,-88.75,2038,ssp585,81
42.465,-83.75,2038,ssp585,79
42.465,-78.75,2038,ssp585,79
42.465,-73.75,2038,ssp585,60
42.465,-68.75,2038,ssp585,104
45.0,-123.75,2038,ssp585,108
45.0,-118.75,2038,ssp585,104
45.0,-113.75,2038,ssp585,75
45.0,-108.75,2038,ssp585,66
45.0,-103.75,2038,ssp585,62
45.0,-98.75,2038,ssp585,59
45.0,-93.75,2038,ssp585,48
45.0,-88.75,2038,ssp585,58
45.0,-83.75,2038,ssp585,74
45.0,-78.75,2038,ssp585,74
45.0,-73.75,2038,ssp585,52
45.0,-68.75,2038,ssp585,66
47.535,-123.75,2038,ssp585,113
47.535,-118.75,2038,ssp585,92
47.535,-113.75,2038,ssp585,66
47.535,-108.75,2038,ssp585,64
47.535,-103.75,2038,ssp585,52
47.535,-98.75,2038,ssp585,45
47.535,-93.75,2038,ssp585,41
47.535,-88.75,2038,ssp585,53
47.535,-83.75,2038,ssp585,53
47.535,-78.75,2038,ssp585,49
47.535,-73.75,2038,ssp585,48
47.535,-68.75,2038,ssp585,37
24.718,-123.75,2039,ssp585,0
24.718,-118.75,2039,ssp585,0
24.718,-113.75,2039,ssp585,0
24.718,-108.75,2039,ssp585,0
24.718,-103.75,2039,ssp585,59
24.718,-98.75,2039,ssp585,5
24.718,-93.75,2039,ssp585,0
24.718,-88.75,2039,ssp585,0
24.718,-83.75,2039,ssp585,0
24.718,-78.75,2039,ssp585,0
24.718,-73.75,2039,ssp585,0
24.718,-68.75,2039,ssp585,0
27.254,-123.75,2039,ssp585,0
27.254,-118.75,2039,ssp585,0
27.254,-113.75,2039,ssp585,1
27.254,-108.75,2039,ssp585,35
27.254,-103.75,2039,ssp585,74
27.254,-98.75,2039,ssp585,25
27.254,-93.75,2039,ssp585,1
27.254,-88.75,2039,ssp585,0
27.254,-83.75,2039,ssp585,0
27.254,-78.75,2039,ssp585,0
27.254,-73.75,2039,ssp585,0
27.254,-68.75,2039,ssp585,0
29.789,-123.75,2039,ssp585,0
29.789,-118.75,2039,ssp585,0
29.789,-113.75,2039,ssp585,14
29.789,-108.75,2039,ssp585,78
29.789,-103.75,2039,ssp585,78
29.789,-98.75,2039,ssp585,53
29.789,-93.75,2039,ssp585,30
29.789,-88.75,2039,ssp585,14
29.789,-83.75,2039,ssp585,15
29.789,-78.75,2039,ssp585,0
29.789,-73.75,2039,ssp585,0
29.789,-68.75,2039,ssp585,0
32.324,-123.75,2039,ssp585,0
32.324,-118.75,2039,ssp585,0
32.324,-113.75,2039,ssp585,68
32.324,-108.75,2039,ssp585,101
32.324,-103.75,2039,ssp585,79
32.324,-98.75,2039,ssp585,65
32.324,-93.75,2039,ssp585,60
32.324,-88.75,2039,ssp585,56
32.324,-83.75,2039,ssp585,56
32.324,-78.75,2039,ssp585,6
32.324,-73.75,2039,ssp585,0
32.324,-68.75,2039,ssp585,0
34.859,-123.75,2039,ssp585,0
34.859,-118.75,2039,ssp585,70
34.859,-113.75,2039,ssp585,111
34.859,-108.75,2039,ssp585,88
34.859,-103.75,2039,ssp585,97
34.859,-98.75,2039,ssp585,68
34.859,-93.75,2039,ssp585,58
34.859,-88.75,2039,ssp585,70
34.859,-83.75,2039,ssp585,62
34.859,-78.75,2039,ssp585,56
34.859,-73.75,2039,ssp585,4
34.859,-68.75,2039,ssp585,0
37.394,-123.75,2039,ssp585,6
37.394,-118.75,2039,ssp585,111
37.394,-113.75,2039,ssp585,72
37.394,-108.75,2039,ssp585,62
37.394,-103.75,2039,ssp585,80
37.394,-98.75,2039,ssp585,71
37.394,-93.75,2039,ssp585,66
37.394,-88.75,2039,ssp585,63
37.394,-83.75,2039,ssp585,64
37.394,-78.75,2039,ssp585,68
37.394,-73.75,2039,ssp585,28
37.394,-68.75,2039,ssp585,5
39.93,-123.75,2039,ssp585,85
39.93,-118.75,2039,ssp585,71
39.93,-113.75,2039,ssp585,59
39.93,-108.75,2039,ssp585,48
39.93,-103.75,2039,ssp585,70
39.93,-98.75,2039,ssp585,74
39.93,-93.75,2039,ssp585,71
39.93,-88.75,2039,ssp585,71
39.93,-83.75,2039,ssp585,66
39.93,-78.75,2039,ssp585,64
39.93,-73.75,2039,ssp585,83
39.93,-68.75,2039,ssp585,57
42.465,-123.75,2039,ssp585,141
42.465,-118.75,2039,ssp585,74
42.465,-113.75,2039,ssp585,44
42.465,-108.75,2039,ssp585,46
42.465,-103.75,2039,ssp585,61
42.465,-98.75,2039,ssp585,68
42.465,-93.75,2039,ssp585,61
42.465,-88.75,2039,ssp585,75
42.465,-83.75,2039,ssp585,74
42.465,-78.75,2039,ssp585,68
42.465,-73.75,2039,ssp585,66
42.465,-68.75,2039,ssp585,100
45.0,-123.75,2039,ssp585,128
45.0,-118.75,2039,ssp585,85
45.0,-113.75,2039,ssp585,49
45.0,-108.75,2039,ssp585,50
45.0,-103.75,2039,ssp585,58
45.0,-98.75,2039,ssp585,61
45.0,-93.75,2039,ssp585,54
45.0,-88.75,2039,ssp585,60
45.0,-83.75,2039,ssp585,76
45.0,-78.75,2039,ssp585,74
45.0,-73.75,2039,ssp585,75
45.0,-68.75,2039,ssp585,81
47.535,-123.75,2039,ssp585,131
47.535,-118.75,2039,ssp585,80
47.535,-113.75,2039,ssp585,47
47.535,-108.75,2039,ssp585,54
47.535,-103.75,2039,ssp585,52
47.535,-98.75,2039,ssp585,50
47.535,-93.75,2039,ssp585,45
47.535,-88.75,2039,ssp585,61
47.535,-83.75,2039,ssp585,50
47.535,-78.75,2039,ssp585,56
47.535,-73.75,2039,ssp585,55
47.535,-68.75,2039,ssp585,57
24.718,-123.75,2040,ssp585,0
24.718,-118.75,2040,ssp585,0
24.718,-113.75,2040,ssp585,0
24.718,-108.75,2040,ssp585,0
24.718,-103.75,2040,ssp585,46
24.718,-98.75,2040,ssp585,0
24.718,-93.75,2040,ssp585,0
24.718,-88.75,2040,ssp585,0
24.718,-83.75,2040,ssp585,0
24.718,-78.75,2040,ssp585,0
24.718,-73.75,2040,ssp585,0
24.718,-68.75,2040,ssp585,0
27.254,-123.75,2040,ssp585,0
27.254,-118.75,2040,ssp585,0
27.254,-113.75,2040,ssp585,0
27.254,-108.75,2040,ssp585,18
27.254,-103.75,2040,ssp585,53
27.254,-98.75,2040,ssp585,15
27.254,-93.75,2040,ssp585,0
27.254,-88.75,2040,ssp585,0
27.254,-83.75,2040,ssp585,0
27.254,-78.75,2040,ssp585,0
27.254,-73.75,2040,ssp585,0
27.254,-68.75,2040,ssp585,0
29.789,-123.75,2040,ssp585,0
29.789,-118.75,2040,ssp585,0
29.789,-113.75,2040,ssp585,4
29.789,-108.75,2040,ssp585,86
29.789,-103.75,2040,ssp585,73
29.789,-98.75,2040,ssp585,47
29.789,-93.75,2040,ssp585,21
29.789,-88.75,2040,ssp585,7
29.789,-83.75,2040,ssp585,9
29.789,-78.75,2040,ssp585,0
29.789,-73.75,2040,ssp585,0
29.789,-68.75,2040,ssp585,0
32.324,-123.75,2040,ssp585,0
32.324,-118.75,2040,ssp585,0
32.324,-113.75,2040,ssp585,32
32.324,-108.75,2040,ssp585,115
32.324,-103.75,2040,ssp585,103
32.324,-98.75,2040,ssp585,71
32.324,-93.75,2040,ssp585,57
32.324,-88.75,2040,ssp585,51
32.324,-83.75,2040,ssp585,38
32.324,-78.75,2040,ssp585,3
32.324,-73.75,2040,ssp585,0
32.324,-68.75,2040,ssp585,0
34.859,-123.75,2040,ssp585,0
34.859,-118.75,2040,ssp585,44
34.859,-113.75,2040,ssp585,118
34.859,-108.75,2040,ssp585,102
34.859,-103.75,2040,ssp585,96
34.859,-98.75,2040,ssp585,70
34.859,-93.75,2040,ssp585,59
34.859,-88.75,2040,ssp585,66
34.859,-83.75,2040,ssp585,58
34.859,-78.75,2040,ssp585,40
34.859,-73.75,2040,ssp585,3
34.859,-68.75,2040,ssp585,0
37.394,-123.75,2040,ssp585,9
37.394,-118.75,2040,ssp585,153
37.394,-113.75,2040,ssp585,113
37.394,-108.75,2040,ssp585,85
37.394,-103.75,2040,ssp585,82
37.394,-98.75,2040,ssp585,63
37.394,-93.75,2040,ssp585,60
37.394,-88.75,2040,ssp585,64
37.394,-83.75,2040,ssp585,59
37.394,-78.75,2040,ssp585,57
37.394,-73.75,2040,ssp585,16
37.394,-68.75,2040,ssp585,4
39.93,-123.75,2040,ssp585,38
39.93,-118.75,2040,ssp585,111
39.93,-113.75,2040,ssp585,96
39.93,-108.75,2040,ssp585,73
39.93,-103.75,2040,ssp585,73
39.93,-98.75,2040,ssp585,69
39.93,-93.75,2040,ssp585,51
39.93,-88.75,2040,ssp585,64
39.93,-83.75,2040,ssp585,62
39.93,-78.75,2040,ssp585,72
39.93,-73.75,2040,ssp585,65
39.93,-68.75,2040,ssp585,32
42.465,-123.75,2040,ssp585,107
42.465,-118.75,2040,ssp585,113
42.465,-113.75,2040,ssp585,97
42.465,-108.75,2040,ssp585,73
42.465,-103.75,2040,ssp585,71
42.465,-98.75,2040,ssp585,54
42.465,-93.75,2040,ssp585,47
42.465,-88.75,2040,ssp585,62
42.465,-83.75,2040,ssp585,74
42.465,-78.75,2040,ssp585,76
42.465,-73.75,2040,ssp585,70
42.465,-68.75,2040,ssp585,90
45.0,-123.75,2040,ssp585,77
45.0,-118.75,2040,ssp585,134
45.0,-113.75,2040,ssp585,87
45.0,-108.75,2040,ssp585,82
45.0,-103.75,2040,ssp585,62
45.0,-98.75,2040,ssp585,46
45.0,-93.75,2040,ssp585,51
45.0,-88.75,2040,ssp585,58
45.0,-83.75,2040,ssp585,65
45.0,-78.75,2040,ssp585,62
45.0,-73.75,2040,ssp585,55
45.0,-68.75,2040,ssp585,70
47.535,-123.75,2040,ssp585,97
47.535,-118.75,2040,ssp585,108
47.535,-113.75,2040,ssp585,100
47.535,-108.75,2040,ssp585,72
47.535,-103.75,2040,ssp585,45
47.535,-98.75,2040,ssp585,42
47.535,-93.75,2040,ssp585,43
47.535,-88.75,2040,ssp585,52
47.535,-83.75,2040,ssp585,48
47.535,-78.75,2040,ssp585,53
47.535,-73.75,2040,ssp585,53
47.535,-68.75,2040,ssp585,54
24.718,-123.75,2041,ssp585,0
24.718,-118.75,2041,ssp585,0
24.718,-113.75,2041,ssp585,0
24.718,-108.75,2041,ssp585,0
24.718,-103.75,2041,ssp585,57
24.718,-98.75,2041,ssp585,8
24.718,-93.75,2041,ssp585,0
24.718,-88.75,2041,ssp585,0
24.718,-83.75,2041,ssp585,0
24.718,-78.75,2041,ssp585,0
24.718,-73.75,2041,ssp585,0
24.718,-68.75,2041,ssp585,0
27.254,-123.75,2041,ssp585,0
27.254,-118.75,2041,ssp585,0
27.254,-113.75,2041,ssp585,0
27.254,-108.75,2041,ssp585,27
27.254,-103.75,2041,ssp585,59
27.254,-98.75,2041,ssp585,16
27.254,-93.75,2041,ssp585,0
27.254,-88.75,2041,ssp585,0
27.254,-83.75,2041,ssp585,0
27.254,-78.75,2041,ssp585,0
27.254,-73.75,2041,ssp585,0
27.254,-68.75,2041,ssp585,0
29.789,-123.75,2041,ssp585,0
29.789,-118.75,2041,ssp585,0
29.789,-113.75,2041,ssp585,8
29.789,-108.75,2041,ssp585,106
29.789,-103.75,2041,ssp585,74
29.789,-98.75,2041,ssp585,34
29.789,-93.75,2041,ssp585,14
29.789,-88.75,2041,ssp585,8
29.789,-83.75,2041,ssp585,16
29.789,-78.75,2041,ssp585,0
29.789,-73.75,2041,ssp585,0
29.789,-68.75,2041,ssp585,0
32.324,-123.75,2041,ssp585,0
32.324,-118.75,2041,ssp585,2
32.324,-113.75,2041,ssp585,50
32.324,-108.75,2041,ssp585,134
32.324,-103.75,2041,ssp585,107
32.324,-98.75,2041,ssp585,75
32.324,-93.75,2041,ssp585,51
32.324,-88.75,2041,ssp585,59
32.324,-83.75,2041,ssp585,54
32.324,-78.75,2041,ssp585,2
32.324,-73.75,2041,ssp585,0
32.324,-68.75,2041,ssp585,0
34.859,-123.75,2041,ssp585,2
34.859,-118.75,2041,ssp585,46
34.859,-113.75,2041,ssp585,113
34.859,-108.75,2041,ssp585,112
34.859,-103.75,2041,ssp585,104
34.859,-98.75,2041,ssp585,87
34.859,-93.75,2041,ssp585,75
34.859,-88.75,2041,ssp585,65
34.859,-83.75,2041,ssp585,74
34.859,-78.75,2041,ssp585,65
34.859,-73.75,2041,ssp585,0
34.859,-68.75,2041,ssp585,0
37.394,-123.75,2041,ssp585,9
37.394,-118.75,2041,ssp585,165
37.394,-113.75,2041,ssp585,115
37.394,-108.75,2041,ssp585,84
37.394,-103.75,2041,ssp585,99
37.394,-98.75,2041,ssp585,100
37.394,-93.75,2041,ssp585,81
37.394,-88.75,2041,ssp585,82
37.394,-83.75,2041,ssp585,72
37.394,-78.75,2041,ssp585,76
37.394,-73.75,2041,ssp585,29
37.394,-68.75,2041,ssp585,0
39.93,-123.75,2041,ssp585,41
39.93,-118.75,2041,ssp585,119
39.93,-113.75,2041,ssp585,103
39.93,-108.75,2041,ssp585,73
39.93,-103.75,2041,ssp585,82
39.93,-98.75,2041,ssp585,81
39.93,-93.75,2041,ssp585,73
39.93,-88.75,2041,ssp585,74
39.93,-83.75,2041,ssp585,69
39.93,-78.75,2041,ssp585,71
39.93,-73.75,2041,ssp585,92
39.93,-68.75,2041,ssp585,54
42.465,-123.75,2041,ssp585,113
42.465,-118.75,2041,ssp585,120
42.465,-113.75,2041,ssp585,99
42.465,-108.75,2041,ssp585,69
42.465,-103.75,2041,ssp585,67
42.465,-98.75,2041,ssp585,64
42.465,-93.75,2041,ssp585,66
42.465,-88.75,2041,ssp585,74
42.465,-83.75,2041,ssp585,70
42.465,-78.75,2041,ssp585,66
42.465,-73.75,2041,ssp585,66
42.465,-68.75,2041,ssp585,106
45.0,-123.75,2041,ssp585,82
45.0,-118.75,2041,ssp585,136
45.0,-113.75,2041,ssp585,64
45.0,-108.75,2041,ssp585,61
45.0,-103.75,2041,ssp585,64
45.0,-98.75,2041,ssp585,57
45.0,-93.75,2041,ssp585,55
45.0,-88.75,2041,ssp585,53
45.0,-83.75,2041,ssp585,67
45.0,-78.75,2041,ssp585,59
45.0,-73.75,2041,ssp585,47
45.0,-68.75,2041,ssp585,72
47.535,-123.75,2041,ssp585,102
47.535,-118.75,2041,ssp585,118
47.535,-113.75,2041,ssp585,69
47.535,-108.75,2041,ssp585,61
47.535,-103.75,2041,ssp585,59
47.535,-98.75,2041,ssp585,47
47.535,-93.75,2041,ssp585,46
47.535,-88.75,2041,ssp585,51
47.535,-83.75,2041,ssp585,47
47.535,-78.75,2041,ssp585,41
47.535,-73.75,2041,ssp585,47
47.535,-68.75,2041,ssp585,48
24.718,-123.75,2042,ssp585,0
24.718,-118.75,2042,ssp585,0
24.718,-113.75,2042,ssp585,0
24.718,-108.75,2042,ssp585,0
24.718,-103.75,2042,ssp585,63
24.718,-98.75,2042,ssp585,5
24.718,-93.75,2042,ssp585,0
24.718,-88.75,2042,ssp585,0
24.718,-83.75,2042,ssp585,0
24.718,-78.75,2042,ssp585,0
24.718,-73.75,2042,ssp585,0
24.718,-68.75,2042,ssp585,0
27.254,-123.75,2042,ssp585,0
27.254,-118.75,2042,ssp585,0
27.254,-113.75,2042,ssp585,0
27.254,-108.75,2042,ssp585,43
27.254,-103.75,2042,ssp585,64
27.254,-98.75,2042,ssp585,16
27.254,-93.75,2042,ssp585,2
27.254,-88.75,2042,ssp585,0
27.254,-83.75,2042,ssp585,0
27.254,-78.75,2042,ssp585,0
27.254,-73.75,2042,ssp585,0
27.254,-68.75,2042,ssp585,0
29.789,-123.75,2042,ssp585,0
29.789,-118.75,2042,ssp585,0
29.789,-113.75,2042,ssp585,15
29.789,-108.75,2042,ssp585,95
29.789,-103.75,2042,ssp585,75
29.789,-98.75,2042,ssp585,48
29.789,-93.75,2042,ssp585,28
29.789,-88.75,2042,ssp585,20
29.789,-83.75,2042,ssp585,25
29.789,-78.75,2042,ssp585,0
29.789,-73.75,2042,ssp585,0
29.789,-68.75,2042,ssp585,0
32.324,-123.75,2042,ssp585,0
32.324,-118.75,2042,ssp585,3
32.324,-113.75,2042,ssp585,52
32.324,-108.75,2042,ssp585,101
32.324,-103.75,2042,ssp585,84
32.324,-98.75,2042,ssp585,58
32.324,-93.75,2042,ssp585,45
32.324,-88.75,2042,ssp585,42
32.324,-83.75,2042,ssp585,40
32.324,-78.75,2042,ssp585,11
32.324,-73.75,2042,ssp585,0
32.324,-68.75,2042,ssp585,0
34.859,-123.75,2042,ssp585,1
34.859,-118.75,2042,ssp585,68
34.859,-113.75,2042,ssp585,102
34.859,-108.75,2042,ssp585,91
34.859,-103.75,2042,ssp585,97
34.859,-98.75,2042,ssp585,64
34.859,-93.75,2042,ssp585,58
34.859,-88.75,2042,ssp585,51
34.859,-83.75,2042,ssp585,51
34.859,-78.75,2042,ssp585,55
34.859,-73.75,2042,ssp585,6
34.859,-68.75,2042,ssp585,0
37.394,-123.75,2042,ssp585,7
37.394,-118.75,2042,ssp585,123
37.394,-113.75,2042,ssp585,106
37.394,-108.75,2042,ssp585,80
37.394,-103.75,2042,ssp585,76
37.394,-98.75,2042,ssp585,67
37.394,-93.75,2042,ssp585,57
37.394,-88.75,2042,ssp585,70
37.394,-83.75,2042,ssp585,72
37.394,-78.75,2042,ssp585,72
37.394,-73.75,2042,ssp585,42
37.394,-68.75,2042,ssp585,4
39.93,-123.75,2042,ssp585,69
39.93,-118.75,2042,ssp585,117
39.93,-113.75,2042,ssp585,85
39.93,-108.75,2042,ssp585,62
39.93,-103.75,2042,ssp585,72
39.93,-98.75,2042,ssp585,71
39.93,-93.75,2042,ssp585,60
39.93,-88.75,2042,ssp585,68
39.93,-83.75,2042,ssp585,69
39.93,-78.75,2042,ssp585,65
39.93,-73.75,2042,ssp585,78
39.93,-68.75,2042,ssp585,51
42.465,-123.75,2042,ssp585,117
42.465,-118.75,2042,ssp585,108
42.465,-113.75,2042,ssp585,85
42.465,-108.75,2042,ssp585,65
42.465,-103.75,2042,ssp585,73
42.465,-98.75,2042,ssp585,76
42.465,-93.75,2042,ssp585,61
42.465,-88.75,2042,ssp585,69
42.465,-83.75,2042,ssp585,59
42.465,-78.75,2042,ssp585,68
42.465,-73.75,2042,ssp585,58
42.465,-68.75,2042,ssp585,100
45.0,-123.75,2042,ssp585,115
45.0,-118.75,2042,ssp585,118
45.0,-113.75,2042,ssp585,74
45.0,-108.75,2042,ssp585,71
45.0,-103.75,2042,ssp585,77
45.0,-98.75,2042,ssp585,65
45.0,-93.75,2042,ssp585,51
45.0,-88.75,2042,ssp585,55
45.0,-83.75,2042,ssp585,66
45.0,-78.75,2042,ssp585,65
45.0,-73.75,2042,ssp585,53
45.0,-68.75,2042,ssp585,67
47.535,-123.75,2042,ssp585,129
47.535,-118.75,2042,ssp585,99
47.535,-113.75,2042,ssp585,69
47.535,-108.75,2042,ssp585,76
47.535,-103.75,2042,ssp585,66
47.535,-98.75,2042,ssp585,59
47.535,-93.75,2042,ssp585,46
47.535,-88.75,2042,ssp585,62
47.535,-83.75,2042,ssp585,53
47.535,-78.75,2042,ssp585,53
47.535,-73.75,2042,ssp585,55
47.535,-68.75,2042,ssp585,56
24.718,-123.75,2043,ssp585,0
24.718,-118.75,2043,ssp585,0
24.718,-113.75,2043,ssp585,0
24.718,-108.75,2043,ssp585,0
24.718,-103.75,2043,ssp585,58
24.718,-98.75,2043,ssp585,14
24.718,-93.75,2043,ssp585,0
24.718,-88.75,2043,ssp585,0
24.718,-83.75,2043,ssp585,0
24.718,-78.75,2043,ssp585,0
24.718,-73.75,2043,ssp585,0
24.718,-68.75,2043,ssp585,0
27.254,-123.75,2043,ssp585,0
27.254,-118.75,2043,ssp585,0
27.254,-113.75,2043,ssp585,0
27.254,-108.75,2043,ssp585,32
27.254,-103.75,2043,ssp585,45
27.254,-98.75,2043,ssp585,19
27.254,-93.75,2043,ssp585,0
27.254,-88.75,2043,ssp585,0
27.254,-83.75,2043,ssp585,0
27.254,-78.75,2043,ssp585,0
27.254,-73.75,2043,ssp585,0
27.254,-68.75,2043,ssp585,0
29.789,-123.75,2043,ssp585,0
29.789,-118.75,2043,ssp585,0
29.789,-113.75,2043,ssp585,4
29.789,-108.75,2043,ssp585,78
29.789,-103.75,2043,ssp585,64
29.789,-98.75,2043,ssp585,47
29.789,-93.75,2043,ssp585,23
29.789,-88.75,2043,ssp585,11
29.789,-83.75,2043,ssp585,16
29.789,-78.75,2043,ssp585,0
29.789,-73.75,2043,ssp585,0
29.789,-68.75,2043,ssp585,0
32.324,-123.75,2043,ssp585,0
32.324,-118.75,2043,ssp585,0
32.324,-113.75,2043,ssp585,45
32.324,-108.75,2043,ssp585,108
32.324,-103.75,2043,ssp585,87
32.324,-98.75,2043,ssp585,73
32.324,-93.75,2043,ssp585,65
32.324,-88.75,2043,ssp585,47
32.324,-83.75,2043,ssp585,44
32.324,-78.75,2043,ssp585,2
32.324,-73.75,2043,ssp585,0
32.324,-68.75,2043,ssp585,0
34.859,-123.75,2043,ssp585,0
34.859,-118.75,2043,ssp585,49
34.859,-113.75,2043,ssp585,109
34.859,-108.75,2043,ssp585,99
34.859,-103.75,2043,ssp585,103
34.859,-98.75,2043,ssp585,76
34.859,-93.75,2043,ssp585,79
34.859,-88.75,2043,ssp585,68
34.859,-83.75,2043,ssp585,69
34.859,-78.75,2043,ssp585,57
34.859,-73.75,2043,ssp585,1
34.859,-68.75,2043,ssp585,0
37.394,-123.75,2043,ssp585,0
37.394,-118.75,2043,ssp585,130
37.394,-113.75,2043,ssp585,105
37.394,-108.75,2043,ssp585,91
37.394,-103.75,2043,ssp585,80
37.394,-98.75,2043,ssp585,84
37.394,-93.75,2043,ssp585,68
37.394,-88.75,2043,ssp585,61
37.394,-83.75,2043,ssp585,66
37.394,-78.75,2043,ssp585,62
37.394,-73.75,2043,ssp585,17
37.394,-68.75,2043,ssp585,0
39.93,-123.75,2043,ssp585,33
39.93,-118.75,2043,ssp585,97
39.93,-113.75,2043,ssp585,92
39.93,-108.75,2043,ssp585,67
39.93,-103.75,2043,ssp585,79
39.93,-98.75,2043,ssp585,76
39.93,-93.75,2043,ssp585,68
39.93,-88.75,2043,ssp585,65
39.93,-83.75,2043,ssp585,58
39.93,-78.75,2043,ssp585,65
39.93,-73.75,2043,ssp585,85
39.93,-68.75,2043,ssp585,36
42.465,-123.75,2043,ssp585,113
42.465,-118.75,2043,ssp585,85
42.465,-113.75,2043,ssp585,73
42.465,-108.75,2043,ssp585,61
42.465,-103.75,2043,ssp585,81
42.465,-98.75,2043,ssp585,68
42.465,-93.75,2043,ssp585,63
42.465,-88.75,2043,ssp585,67
42.465,-83.75,2043,ssp585,57
42.465,-78.75,2043,ssp585,72
42.465,-73.75,2043,ssp585,71
42.465,-68.75,2043,ssp585,98
45.0,-123.75,2043,ssp585,87
45.0,-118.75,2043,ssp585,113
45.0,-113.75,2043,ssp585,61
45.0,-108.75,2043,ssp585,59
45.0,-103.75,2043,ssp585,75
45.0,-98.75,2043,ssp585,71
45.0,-93.75,2043,ssp585,65
45.0,-88.75,2043,ssp585,79
45.0,-83.75,2043,ssp585,74
45.0,-78.75,2043,ssp585,75
45.0,-73.75,2043,ssp585,66
45.0,-68.75,2043,ssp585,75
47.535,-123.75,2043,ssp585,103
47.535,-118.75,2043,ssp585,107
47.535,-113.75,2043,ssp585,69
47.535,-108.75,2043,ssp585,68
47.535,-103.75,2043,ssp585,70
47.535,-98.75,2043,ssp585,64
47.535,-93.75,2043,ssp585,73
47.535,-88.75,2043,ssp585,67
47.535,-83.75,2043,ssp585,70
47.535,-78.75,2043,ssp585,56
47.535,-73.75,2043,ssp585,67
47.535,-68.75,2043,ssp585,58
24.718,-123.75,2044,ssp585,0
24.718,-118.75,2044,ssp585,0
24.718,-113.75,2044,ssp585,0
24.718,-108.75,2044,ssp585,0
24.718,-103.75,2044,ssp585,49
24.718,-98.75,2044,ssp585,3
24.718,-93.75,2044,ssp585,0
24.718,-88.75,2044,ssp585,0
24.718,-83.75,2044,ssp585,0
24.718,-78.75,2044,ssp585,0
24.718,-73.75,2044,ssp585,0
24.718,-68.75,2044,ssp585,0
27.254,-123.75,2044,ssp585,0
27.254,-118.75,2044,ssp585,0
27.254,-113.75,2044,ssp585,0
27.254,-108.75,2044,ssp585,42
27.254,-103.75,2044,ssp585,61
27.254,-98.75,2044,ssp585,20
27.254,-93.75,2044,ssp585,0
27.254,-88.75,2044,ssp585,0
27.254,-83.75,2044,ssp585,0
27.254,-78.75,2044,ssp585,0
27.254,-73.75,2044,ssp585,0
27.254,-68.75,2044,ssp585,0
29.789,-123.75,2044,ssp585,0
29.789,-118.75,2044,ssp585,0
29.789,-113.75,2044,ssp585,11
29.789,-108.75,2044,ssp585,104
29.789,-103.75,2044,ssp585,67
29.789,-98.75,2044,ssp585,41
29.789,-93.75,2044,ssp585,17
29.789,-88.75,2044,ssp585,3
29.789,-83.75,2044,ssp585,10
29.789,-78.75,2044,ssp585,0
29.789,-73.75,2044,ssp585,0
29.789,-68.75,2044,ssp585,0
32.324,-123.75,2044,ssp585,0
32.324,-118.75,2044,ssp585,1
32.324,-113.75,2044,ssp585,50
32.324,-108.75,2044,ssp585,122
32.324,-103.75,2044,ssp585,96
32.324,-98.75,2044,ssp585,69
32.324,-93.75,2044,ssp585,52
32.324,-88.75,2044,ssp585,44
32.324,-83.75,2044,ssp585,28
32.324,-78.75,2044,ssp585,6
32.324,-73.75,2044,ssp585,0
32.324,-68.75,2044,ssp585,0
34.859,-123.75,2044,ssp585,0
34.859,-118.75,2044,ssp585,49
34.859,-113.75,2044,ssp585,117
34.859,-108.75,2044,ssp585,89
34.859,-103.75,2044,ssp585,92
34.859,-98.75,2044,ssp585,86
34.859,-93.75,2044,ssp585,73
34.859,-88.75,2044,ssp585,64
34.859,-83.75,2044,ssp585,64
34.859,-78.75,2044,ssp585,38
34.859,-73.75,2044,ssp585,1
34.859,-68.75,2044,ssp585,0
37.394,-123.75,2044,ssp585,5
37.394,-118.75,2044,ssp585,131
37.394,-113.75,2044,ssp585,93
37.394,-108.75,2044,ssp585,76
37.394,-103.75,2044,ssp585,78
37.394,-98.75,2044,ssp585,88
37.394,-93.75,2044,ssp585,76
37.394,-88.75,2044,ssp585,83
37.394,-83.75,2044,ssp585,78
37.394,-78.75,2044,ssp585,75
37.394,-73.75,2044,ssp585,16
37.394,-68.75,2044,ssp585,0
39.93,-123.75,2044,ssp585,42
39.93,-118.75,2044,ssp585,110
39.93,-113.75,2044,ssp585,94
39.93,-108.75,2044,ssp585,77
39.93,-103.75,2044,ssp585,80
39.93,-98.75,2044,ssp585,77
39.93,-93.75,2044,ssp585,78
39.93,-88.75,2044,ssp585,99
39.93,-83.75,2044,ssp585,87
39.93,-78.75,2044,ssp585,92
39.93,-73.75,2044,ssp585,91
39.93,-68.75,2044,ssp585,33
42.465,-123.75,2044,ssp585,137
42.465,-118.75,2044,ssp585,92
42.465,-113.75,2044,ssp585,92
42.465,-108.75,2044,ssp585,75
42.465,-103.75,2044,ssp585,71
42.465,-98.75,2044,ssp585,70
42.465,-93.75,2044,ssp585,74
42.465,-88.75,2044,ssp585,103
42.465,-83.75,2044,ssp585,101
42.465,-78.75,2044,ssp585,97
42.465,-73.75,2044,ssp585,83
42.465,-68.75,2044,ssp585,106
45.0,-123.75,2044,ssp585,107
45.0,-118.75,2044,ssp585,97
45.0,-113.75,2044,ssp585,67
45.0,-108.75,2044,ssp585,71
45.0,-103.75,2044,ssp585,60
45.0,-98.75,2044,ssp585,53
45.0,-93.75,2044,ssp585,49
45.0,-88.75,2044,ssp585,66
45.0,-83.75,2044,ssp585,99
45.0,-78.75,2044,ssp585,90
45.0,-73.75,2044,ssp585,78
45.0,-68.75,2044,ssp585,80
47.535,-123.75,2044,ssp585,113
47.535,-118.75,2044,ssp585,84
47.535,-113.75,2044,ssp585,70
47.535,-108.75,2044,ssp585,71
47.535,-103.75,2044,ssp585,50
47.535,-98.75,2044,ssp585,45
47.535,-93.75,2044,ssp585,53
47.535,-88.75,2044,ssp585,53
47.535,-83.75,2044,ssp585,56
47.535,-78.75,2044,ssp585,57
47.535,-73.75,2044,ssp585,68
47.535,-68.75,2044,ssp585,67
24.718,-123.75,2045,ssp585,0
24.718,-118.75,2045,ssp585,0
24.718,-113.75,2045,ssp585,0
24.718,-108.75,2045,ssp585,0
24.718,-103.75,2045,ssp585,46
24.718,-98.75,2045,ssp585,5
24.718,-93.75,2045,ssp585,0
24.718,-88.75,2045,ssp585,0
24.718,-83.75,2045,ssp585,0
24.718,-78.75,2045,ssp585,0
24.718,-73.75,2045,ssp585,0
24.718,-68.75,2045,ssp585,0
27.254,-123.75,2045,ssp585,0
27.254,-118.75,2045,ssp585,0
27.254,-113.75,2045,ssp585,0
27.254,-108.75,2045,ssp585,44
27.254,-103.75,2045,ssp585,45
27.254,-98.75,2045,ssp585,20
27.254,-93.75,2045,ssp585,0
27.254,-88.75,2045,ssp585,0
27.254,-83.75,2045,ssp585,0
27.254,-78.75,2045,ssp585,0
27.254,-73.75,2045,ssp585,0
27.254,-68.75,2045,ssp585,0
29.789,-123.75,2045,ssp585,0
29.789,-118.75,2045,ssp585,0
29.789,-113.75,2045,ssp585,11
29.789,-108.75,2045,ssp585,74
29.789,-103.75,2045,ssp585,64
29.789,-98.75,2045,ssp585,48
29.789,-93.75,2045,ssp585,17
29.789,-88.75,2045,ssp585,5
29.789,-83.75,2045,ssp585,9
29.789,-78.75,2045,ssp585,0
29.789,-73.75,2045,ssp585,0
29.789,-68.75,2045,ssp585,0
32.324,-123.75,2045,ssp585,0
32.324,-118.75,2045,ssp585,0
32.324,-113.75,2045,ssp585,61
32.324,-108.75,2045,ssp585,87
32.324,-103.75,2045,ssp585,82
32.324,-98.75,2045,ssp585,70
32.324,-93.75,2045,ssp585,55
32.324,-88.75,2045,ssp585,41
32.324,-83.75,2045,ssp585,41
32.324,-78.75,2045,ssp585,8
32.324,-73.75,2045,ssp585,0
32.324,-68.75,2045,ssp585,0
34.859,-123.75,2045,ssp585,2
34.859,-118.75,2045,ssp585,65
34.859,-113.75,2045,ssp585,110
34.859,-108.75,2045,ssp585,80
34.859,-103.75,2045,ssp585,83
34.859,-98.75,2045,ssp585,80
34.859,-93.75,2045,ssp585,71
34.859,-88.75,2045,ssp585,65
34.859,-83.75,2045,ssp585,65
34.859,-78.75,2045,ssp585,49
34.859,-73.75,2045,ssp585,5
34.859,-68.75,2045,ssp585,0
37.394,-123.75,2045,ssp585,12
37.394,-118.75,2045,ssp585,101
37.394,-113.75,2045,ssp585,63
37.394,-108.75,2045,ssp585,72
37.394,-103.75,2045,ssp585,57
37.394,-98.75,2045,ssp585,74
37.394,-93.75,2045,ssp585,67
37.394,-88.75,2045,ssp585,77
37.394,-83.75,2045,ssp585,80
37.394,-78.75,2045,ssp585,74
37.394,-73.75,2045,ssp585,21
37.394,-68.75,2045,ssp585,3
39.93,-123.75,2045,ssp585,61
39.93,-118.75,2045,ssp585,72
39.93,-113.75,2045,ssp585,62
39.93,-108.75,2045,ssp585,84
39.93,-103.75,2045,ssp585,53
39.93,-98.75,2045,ssp585,55
39.93,-93.75,2045,ssp585,55
39.93,-88.75,2045,ssp585,66
39.93,-83.75,2045,ssp585,78
39.93,-78.75,2045,ssp585,78
39.93,-73.75,2045,ssp585,85
39.93,-68.75,2045,ssp585,31
42.465,-123.75,2045,ssp585,107
42.465,-118.75,2045,ssp585,79
42.465,-113.75,2045,ssp585,60
42.465,-108.75,2045,ssp585,83
42.465,-103.75,2045,ssp585,59
42.465,-98.75,2045,ssp585,45
42.465,-93.75,2045,ssp585,51
42.465,-88.75,2045,ssp585,65
42.465,-83.75,2045,ssp585,73
42.465,-78.75,2045,ssp585,73
42.465,-73.75,2045,ssp585,61
42.465,-68.75,2045,ssp585,97
45.0,-123.75,2045,ssp585,84
45.0,-118.75,2045,ssp585,87
45.0,-113.75,2045,ssp585,88
45.0,-108.75,2045,ssp585,65
45.0,-103.75,2045,ssp585,54
45.0,-98.75,2045,ssp585,37
45.0,-93.75,2045,ssp585,38
45.0,-88.75,2045,ssp585,44
45.0,-83.75,2045,ssp585,64
45.0,-78.75,2045,ssp585,64
45.0,-73.75,2045,ssp585,51
45.0,-68.75,2045,ssp585,67
47.535,-123.75,2045,ssp585,87
47.535,-118.75,2045,ssp585,76
47.535,-113.75,2045,ssp585,82
47.535,-108.75,2045,ssp585,54
47.535,-103.75,2045,ssp585,49
47.535,-98.75,2045,ssp585,38
47.535,-93.75,2045,ssp585,40
47.535,-88.75,2045,ssp585,41
47.535,-83.75,2045,ssp585,46
47.535,-78.75,2045,ssp585,48
47.535,-73.75,2045,ssp585,45
47.535,-68.75,2045,ssp585,40
24.718,-123.75,2046,ssp585,0
24.718,-118.75,2046,ssp585,0
24.718,-113.75,2046,ssp585,0
24.718,-108.75,2046,ssp585,0
24.718,-103.75,2046,ssp585,44
24.718,-98.75,2046,ssp585,6
24.718,-93.75,2046,ssp585,0
24.718,-88.75,2046,ssp585,0
24.718,-83.75,2046,ssp585,0
24.718,-78.75,2046,ssp585,0
24.718,-73.75,2046,ssp585,0
24.718,-68.75,2046,ssp585,0
27.254,-123.75,2046,ssp585,0
27.254,-118.75,2046,ssp585,0
27.254,-113.75,2046,ssp585,0
27.254,-108.75,2046,ssp585,27
27.254,-103.75,2046,ssp585,52
27.254,-98.75,2046,ssp585,18
27.254,-93.75,2046,ssp585,0
27.254,-88.75,2046,ssp585,0
27.254,-83.75,2046,ssp585,1
27.254,-78.75,2046,ssp585,0
27.254,-73.75,2046,ssp585,0
27.254,-68.75,2046,ssp585,0
29.789,-123.75,2046,ssp585,0
29.789,-118.75,2046,ssp585,0
29.789,-113.75,2046,ssp585,7
29.789,-108.75,2046,ssp585,96
29.789,-103.75,2046,ssp585,62
29.789,-98.75,2046,ssp585,52
29.789,-93.75,2046,ssp585,25
29.789,-88.75,2046,ssp585,9
29.789,-83.75,2046,ssp585,14
29.789,-78.75,2046,ssp585,0
29.789,-73.75,2046,ssp585,0
29.789,-68.75,2046,ssp585,0
32.324,-123.75,2046,ssp585,0
32.324,-118.75,2046,ssp585,0
32.324,-113.75,2046,ssp585,56
32.324,-108.75,2046,ssp585,118
32.324,-103.75,2046,ssp585,99
32.324,-98.75,2046,ssp585,71
32.324,-93.75,2046,ssp585,56
32.324,-88.75,2046,ssp585,58
32.324,-83.75,2046,ssp585,42
32.324,-78.75,2046,ssp585,8
32.324,-73.75,2046,ssp585,0
32.324,-68.75,2046,ssp585,0
34.859,-123.75,2046,ssp585,0
34.859,-118.75,2046,ssp585,61
34.859,-113.75,2046,ssp585,131
34.859,-108.75,2046,ssp585,76
34.859,-103.75,2046,ssp585,72
34.859,-98.75,2046,ssp585,75
34.859,-93.75,2046,ssp585,66
34.859,-88.75,2046,ssp585,51
34.859,-83.75,2046,ssp585,57
34.859,-78.75,2046,ssp585,58
34.859,-73.75,2046,ssp585,3
34.859,-68.75,2046,ssp585,0
37.394,-123.75,2046,ssp585,7
37.394,-118.75,2046,ssp585,138
37.394,-113.75,2046,ssp585,93
37.394,-108.75,2046,ssp585,84
37.394,-103.75,2046,ssp585,65
37.394,-98.75,2046,ssp585,61
37.394,-93.75,2046,ssp585,52
37.394,-88.75,2046,ssp585,56
37.394,-83.75,2046,ssp585,49
37.394,-78.75,2046,ssp585,55
37.394,-73.75,2046,ssp585,24
37.394,-68.75,2046,ssp585,0
39.93,-123.75,2046,ssp585,59
39.93,-118.75,2046,ssp585,124
39.93,-113.75,2046,ssp585,94
39.93,-108.75,2046,ssp585,84
39.93,-103.75,2046,ssp585,67
39.93,-98.75,2046,ssp585,54
39.93,-93.75,2046,ssp585,44
39.93,-88.75,2046,ssp585,50
39.93,-83.75,2046,ssp585,57
39.93,-78.75,2046,ssp585,65
39.93,-73.75,2046,ssp585,81
39.93,-68.75,2046,ssp585,30
42.465,-123.75,2046,ssp585,127
42.465,-118.75,2046,ssp585,110
42.465,-113.75,2046,ssp585,99
42.465,-108.75,2046,ssp585,84
42.465,-103.75,2046,ssp585,74
42.465,-98.75,2046,ssp585,52
42.465,-93.75,2046,ssp585,53
42.465,-88.75,2046,ssp585,59
42.465,-83.75,2046,ssp585,59
42.465,-78.75,2046,ssp585,63
42.465,-73.75,2046,ssp585,69
42.465,-68.75,2046,ssp585,115
45.0,-123.75,2046,ssp585,100
45.0,-118.75,2046,ssp585,128
45.0,-113.75,2046,ssp585,92
45.0,-108.75,2046,ssp585,75
45.0,-103.75,2046,ssp585,66
45.0,-98.75,2046,ssp585,57
45.0,-93.75,2046,ssp585,49
45.0,-88.75,2046,ssp585,50
45.0,-83.75,2046,ssp585,63
45.0,-78.75,2046,ssp585,65
45.0,-73.75,2046,ssp585,59
45.0,-68.75,2046,ssp585,74
47.535,-123.75,2046,ssp585,114
47.535,-118.75,2046,ssp585,106
47.535,-113.75,2046,ssp585,82
47.535,-108.75,2046,ssp585,75
47.535,-103.75,2046,ssp585,59
47.535,-98.75,2046,ssp585,47
47.535,-93.75,2046,ssp585,41
47.535,-88.75,2046,ssp585,42
47.535,-83.75,2046,ssp585,47
47.535,-78.75,2046,ssp585,49
47.535,-73.75,2046,ssp585,59
47.535,-68.75,2046,ssp585,62
24.718,-123.75,2047,ssp585,0
24.718,-118.75,2047,ssp585,0
24.718,-113.75,2047,ssp585,0
24.718,-108.75,2047,ssp585,0
24.718,-103.75,2047,ssp585,49
24.718,-98.75,2047,ssp585,13
24.718,-93.75,2047,ssp585,0
24.718,-88.75,2047,ssp585,0
24.718,-83.75,2047,ssp585,0
24.718,-78.75,2047,ssp585,0
24.718,-73.75,2047,ssp585,0
24.718,-68.75,2047,ssp585,0
27.254,-123.75,2047,ssp585,0
27.254,-118.75,2047,ssp585,0
27.254,-113.75,2047,ssp585,1
27.254,-108.75,2047,ssp585,57
27.254,-103.75,2047,ssp585,51
27.254,-98.75,2047,ssp585,33
27.254,-93.75,2047,ssp585,1
27.254,-88.75,2047,ssp585,0
27.254,-83.75,2047,ssp585,0
27.254,-78.75,2047,ssp585,0
27.254,-73.75,2047,ssp585,0
27.254,-68.75,2047,ssp585,0
29.789,-123.75,2047,ssp585,0
29.789,-118.75,2047,ssp585,0
29.789,-113.75,2047,ssp585,18
29.789,-108.75,2047,ssp585,75
29.789,-103.75,2047,ssp585,55
29.789,-98.75,2047,ssp585,40
29.789,-93.75,2047,ssp585,20
29.789,-88.75,2047,ssp585,10
29.789,-83.75,2047,ssp585,9
29.789,-78.75,2047,ssp585,0
29.789,-73.75,2047,ssp585,0
29.789,-68.75,2047,ssp585,0
32.324,-123.75,2047,ssp585,0
32.324,-118.75,2047,ssp585,2
32.324,-113.75,2047,ssp585,70
32.324,-108.75,2047,ssp585,71
32.324,-103.75,2047,ssp585,51
32.324,-98.75,2047,ssp585,44
32.324,-93.75,2047,ssp585,52
32.324,-88.75,2047,ssp585,41
32.324,-83.75,2047,ssp585,33
32.324,-78.75,2047,ssp585,7
32.324,-73.75,2047,ssp585,0
32.324,-68.75,2047,ssp585,0
34.859,-123.75,2047,ssp585,0
34.859,-118.75,2047,ssp585,80
34.859,-113.75,2047,ssp585,83
34.859,-108.75,2047,ssp585,79
34.859,-103.75,2047,ssp585,74
34.859,-98.75,2047,ssp585,47
34.859,-93.75,2047,ssp585,42
34.859,-88.75,2047,ssp585,42
34.859,-83.75,2047,ssp585,51
34.859,-78.75,2047,ssp585,40
34.859,-73.75,2047,ssp585,4
34.859,-68.75,2047,ssp585,0
37.394,-123.75,2047,ssp585,14
37.394,-118.75,2047,ssp585,92
37.394,-113.75,2047,ssp585,86
37.394,-108.75,2047,ssp585,82
37.394,-103.75,2047,ssp585,78
37.394,-98.75,2047,ssp585,59
37.394,-93.75,2047,ssp585,52
37.394,-88.75,2047,ssp585,45
37.394,-83.75,2047,ssp585,68
37.394,-78.75,2047,ssp585,68
37.394,-73.75,2047,ssp585,28
37.394,-68.75,2047,ssp585,2
39.93,-123.75,2047,ssp585,76
39.93,-118.75,2047,ssp585,102
39.93,-113.75,2047,ssp585,95
39.93,-108.75,2047,ssp585,85
39.93,-103.75,2047,ssp585,78
39.93,-98.75,2047,ssp585,58
39.93,-93.75,2047,ssp585,64
39.93,-88.75,2047,ssp585,62
39.93,-83.75,2047,ssp585,67
39.93,-78.75,2047,ssp585,74
39.93,-73.75,2047,ssp585,75
39.93,-68.75,2047,ssp585,50
42.465,-123.75,2047,ssp585,94
42.465,-118.75,2047,ssp585,105
42.465,-113.75,2047,ssp585,100
42.465,-108.75,2047,ssp585,74
42.465,-103.75,2047,ssp585,77
42.465,-98.75,2047,ssp585,54
42.465,-93.75,2047,ssp585,56
42.465,-88.75,2047,ssp585,77
42.465,-83.75,2047,ssp585,74
42.465,-78.75,2047,ssp585,61
42.465,-73.75,2047,ssp585,60
42.465,-68.75,2047,ssp585,108
45.0,-123.75,2047,ssp585,87
45.0,-118.75,2047,ssp585,81
45.0,-113.75,2047,ssp585,92
45.0,-108.75,2047,ssp585,77
45.0,-103.75,2047,ssp585,66
45.0,-98.75,2047,ssp585,47
45.0,-93.75,2047,ssp585,57
45.0,-88.75,2047,ssp585,69
45.0,-83.75,2047,ssp585,75
45.0,-78.75,2047,ssp585,64
45.0,-73.75,2047,ssp585,58
45.0,-68.75,2047,ssp585,59
47.535,-123.75,2047,ssp585,75
47.535,-118.75,2047,ssp585,74
47.535,-113.75,2047,ssp585,82
47.535,-108.75,2047,ssp585,65
47.535,-103.75,2047,ssp585,56
47.535,-98.75,2047,ssp585,41
47.535,-93.75,2047,ssp585,45
47.535,-88.75,2047,ssp585,60
47.535,-83.75,2047,ssp585,54
47.535,-78.75,2047,ssp585,50
47.535,-73.75,2047,ssp585,51
47.535,-68.75,2047,ssp585,39
24.718,-123.75,2048,ssp585,0
24.718,-118.75,2048,ssp585,0
24.718,-113.75,2048,ssp585,0
24.718,-108.75,2048,ssp585,0
24.718,-103.75,2048,ssp585,50
24.718,-98.75,2048,ssp585,2
24.718,-93.75,2048,ssp585,0
24.718,-88.75,2048,ssp585,0
24.718,-83.75,2048,ssp585,0
24.718,-78.75,2048,ssp585,0
24.718,-73.75,2048,ssp585,0
24.718,-68.75,2048,ssp585,0
27.254,-123.75,2048,ssp585,0
27.254,-118.75,2048,ssp585,0
27.254,-113.75,2048,ssp585,0
27.254,-108.75,2048,ssp585,18
27.254,-103.75,2048,ssp585,57
27.254,-98.75,2048,ssp585,19
27.254,-93.75,2048,ssp585,0
27.254,-88.75,2048,ssp585,0
27.254,-83.75,2048,ssp585,0
27.254,-78.75,2048,ssp585,0
27.254,-73.75,2048,ssp585,0
27.254,-68.75,2048,ssp585,0
29.789,-123.75,2048,ssp585,0
29.789,-118.75,2048,ssp585,0
29.789,-113.75,2048,ssp585,5
29.789,-108.75,2048,ssp585,99
29.789,-103.75,2048,ssp585,78
29.789,-98.75,2048,ssp585,57
29.789,-93.75,2048,ssp585,25
29.789,-88.75,2048,ssp585,9
29.789,-83.75,2048,ssp585,16
29.789,-78.75,2048,ssp585,0
29.789,-73.75,2048,ssp585,0
29.789,-68.75,2048,ssp585,0
32.324,-123.75,2048,ssp585,0
32.324,-118.75,2048,ssp585,0
32.324,-113.75,2048,ssp585,41
32.324,-108.75,2048,ssp585,114
32.324,-103.75,2048,ssp585,85
32.324,-98.75,2048,ssp585,70
32.324,-93.75,2048,ssp585,60
32.324,-88.75,2048,ssp585,52
32.324,-83.75,2048,ssp585,54
32.324,-78.75,2048,ssp585,5
32.324,-73.75,2048,ssp585,0
32.324,-68.75,2048,ssp585,0
34.859,-123.75,2048,ssp585,0
34.859,-118.75,2048,ssp585,50
34.859,-113.75,2048,ssp585,116
34.859,-108.75,2048,ssp585,109
34.859,-103.75,2048,ssp585,93
34.859,-98.75,2048,ssp585,79
34.859,-93.75,2048,ssp585,66
34.859,-88.75,2048,ssp585,57
34.859,-83.75,2048,ssp585,62
34.859,-78.75,2048,ssp585,53
34.859,-73.75,2048,ssp585,4
34.859,-68.75,2048,ssp585,0
37.394,-123.75,2048,ssp585,3
37.394,-118.75,2048,ssp585,149
37.394,-113.75,2048,ssp585,110
37.394,-108.75,2048,ssp585,96
37.394,-103.75,2048,ssp585,86
37.394,-98.75,2048,ssp585,77
37.394,-93.75,2048,ssp585,65
37.394,-88.75,2048,ssp585,62
37.394,-83.75,2048,ssp585,61
37.394,-78.75,2048,ssp585,56
37.394,-73.75,2048,ssp585,37
37.394,-68.75,2048,ssp585,1
39.93,-123.75,2048,ssp585,39
39.93,-118.75,2048,ssp585,121
39.93,-113.75,2048,ssp585,110
39.93,-108.75,2048,ssp585,85
39.93,-103.75,2048,ssp585,80
39.93,-98.75,2048,ssp585,66
39.93,-93.75,2048,ssp585,61
39.93,-88.75,2048,ssp585,69
39.93,-83.75,2048,ssp585,70
39.93,-78.75,2048,ssp585,71
39.93,-73.75,2048,ssp585,83
39.93,-68.75,2048,ssp585,63
42.465,-123.75,2048,ssp585,121
42.465,-118.75,2048,ssp585,121
42.465,-113.75,2048,ssp585,112
42.465,-108.75,2048,ssp585,83
42.465,-103.75,2048,ssp585,76
42.465,-98.75,2048,ssp585,70
42.465,-93.75,2048,ssp585,62
42.465,-88.75,2048,ssp585,77
42.465,-83.75,2048,ssp585,76
42.465,-78.75,2048,ssp585,82
42.465,-73.75,2048,ssp585,75
42.465,-68.75,2048,ssp585,101
45.0,-123.75,2048,ssp585,87
45.0,-118.75,2048,ssp585,115
45.0,-113.75,2048,ssp585,101
45.0,-108.75,2048,ssp585,79
45.0,-103.75,2048,ssp585,69
45.0,-98.75,2048,ssp585,56
45.0,-93.75,2048,ssp585,62
45.0,-88.75,2048,ssp585,69
45.0,-83.75,2048,ssp585,88
45.0,-78.75,2048,ssp585,79
45.0,-73.75,2048,ssp585,68
45.0,-68.75,2048,ssp585,82
47.535,-123.75,2048,ssp585,78
47.535,-118.75,2048,ssp585,94
47.535,-113.75,2048,ssp585,97
47.535,-108.75,2048,ssp585,77
47.535,-103.75,2048,ssp585,60
47.535,-98.75,2048,ssp585,56
47.535,-93.75,2048,ssp585,62
47.535,-88.75,2048,ssp585,72
47.535,-83.75,2048,ssp585,65
47.535,-78.75,2048,ssp585,68
47.535,-73.75,2048,ssp585,57
47.535,-68.75,2048,ssp585,63
24.718,-123.75,2049,ssp585,0
24.718,-118.75,2049,ssp585,0
24.718,-113.75,2049,ssp585,0
24.718,-108.75,2049,ssp585,0
24.718,-103.75,2049,ssp585,40
24.718,-98.75,2049,ssp585,2
24.718,-93.75,2049,ssp585,0
24.718,-88.75,2049,ssp585,0
24.718,-83.75,2049,ssp585,0
24.718,-78.75,2049,ssp585,0
24.718,-73.75,2049,ssp585,0
24.718,-68.75,2049,ssp585,0
27.254,-123.75,2049,ssp585,0
27.254,-118.75,2049,ssp585,0
27.254,-113.75,2049,ssp585,3
27.254,-108.75,2049,ssp585,30
27.254,-103.75,2049,ssp585,44
27.254,-98.75,2049,ssp585,9
27.254,-93.75,2049,ssp585,0
27.254,-88.75,2049,ssp585,0
27.254,-83.75,2049,ssp585,0
27.254,-78.75,2049,ssp585,0
27.254,-73.75,2049,ssp585,0
27.254,-68.75,2049,ssp585,0
29.789,-123.75,2049,ssp585,0
29.789,-118.75,2049,ssp585,0
29.789,-113.75,2049,ssp585,19
29.789,-108.75,2049,ssp585,81
29.789,-103.75,2049,ssp585,60
29.789,-98.75,2049,ssp585,22
29.789,-93.75,2049,ssp585,12
29.789,-88.75,2049,ssp585,7
29.789,-83.75,2049,ssp585,3
29.789,-78.75,2049,ssp585,0
29.789,-73.75,2049,ssp585,0
29.789,-68.75,2049,ssp585,0
32.324,-123.75,2049,ssp585,0
32.324,-118.75,2049,ssp585,2
32.324,-113.75,2049,ssp585,53
32.324,-108.75,2049,ssp585,85
32.324,-103.75,2049,ssp585,85
32.324,-98.75,2049,ssp585,56
32.324,-93.75,2049,ssp585,41
32.324,-88.75,2049,ssp585,37
32.324,-83.75,2049,ssp585,32
32.324,-78.75,2049,ssp585,0
32.324,-73.75,2049,ssp585,0
32.324,-68.75,2049,ssp585,0
34.859,-123.75,2049,ssp585,5
34.859,-118.75,2049,ssp585,50
34.859,-113.75,2049,ssp585,79
34.859,-108.75,2049,ssp585,107
34.859,-103.75,2049,ssp585,110
34.859,-98.75,2049,ssp585,70
34.859,-93.75,2049,ssp585,74
34.859,-88.75,2049,ssp585,63
34.859,-83.75,2049,ssp585,67
34.859,-78.75,2049,ssp585,40
34.859,-73.75,2049,ssp585,0
34.859,-68.75,2049,ssp585,0
37.394,-123.75,2049,ssp585,10
37.394,-118.75,2049,ssp585,95
37.394,-113.75,2049,ssp585,105
37.394,-108.75,2049,ssp585,82
37.394,-103.75,2049,ssp585,98
37.394,-98.75,2049,ssp585,69
37.394,-93.75,2049,ssp585,63
37.394,-88.75,2049,ssp585,69
37.394,-83.75,2049,ssp585,79
37.394,-78.75,2049,ssp585,65
37.394,-73.75,2049,ssp585,16
37.394,-68.75,2049,ssp585,1
39.93,-123.75,2049,ssp585,46
39.93,-118.75,2049,ssp585,99
39.93,-113.75,2049,ssp585,93
39.93,-108.75,2049,ssp585,83
39.93,-103.75,2049,ssp585,76
39.93,-98.75,2049,ssp585,58
39.93,-93.75,2049,ssp585,56
39.93,-88.75,2049,ssp585,68
39.93,-83.75,2049,ssp585,71
39.93,-78.75,2049,ssp585,78
39.93,-73.75,2049,ssp585,80
39.93,-68.75,2049,ssp585,40
42.465,-123.75,2049,ssp585,104
42.465,-118.75,2049,ssp585,95
42.465,-113.75,2049,ssp585,87
42.465,-108.75,2049,ssp585,79
42.465,-103.75,2049,ssp585,75
42.465,-98.75,2049,ssp585,51
42.465,-93.75,2049,ssp585,54
42.465,-88.75,2049,ssp585,63
42.465,-83.75,2049,ssp585,68
42.465,-78.75,2049,ssp585,74
42.465,-73.75,2049,ssp585,63
42.465,-68.75,2049,ssp585,101
45.0,-123.75,2049,ssp585,85
45.0,-118.75,2049,ssp585,87
45.0,-113.75,2049,ssp585,82
45.0,-108.75,2049,ssp585,85
45.0,-103.75,2049,ssp585,74
45.0,-98.75,2049,ssp585,59
45.0,-93.75,2049,ssp585,54
45.0,-88.75,2049,ssp585,52
45.0,-83.75,2049,ssp585,66
45.0,-78.75,2049,ssp585,63
45.0,-73.75,2049,ssp585,63
45.0,-68.75,2049,ssp585,73
47.535,-123.75,2049,ssp585,85
47.535,-118.75,2049,ssp585,66
47.535,-113.75,2049,ssp585,86
47.535,-108.75,2049,ssp585,64
47.535,-103.75,2049,ssp585,64
47.535,-98.75,2049,ssp585,49
47.535,-93.75,2049,ssp585,50
47.535,-88.75,2049,ssp585,58
47.535,-83.75,2049,ssp585,53
47.535,-78.75,2049,ssp585,52
47.535,-73.75,2049,ssp585,50
47.535,-68.75,2049,ssp585,45
24.718,-123.75,2050,ssp585,0
24.718,-118.75,2050,ssp585,0
24.718,-113.75,2050,ssp585,0
24.718,-108.75,2050,ssp585,0
24.718,-103.75,2050,ssp585,42
24.718,-98.75,2050,ssp585,3
24.718,-93.75,2050,ssp585,0
24.718,-88.75,2050,ssp585,0
24.718,-83.75,2050,ssp585,0
24.718,-78.75,2050,ssp585,0
24.718,-73.75,2050,ssp585,0
24.718,-68.75,2050,ssp585,0
27.254,-123.75,2050,ssp585,0
27.254,-118.75,2050,ssp585,0
27.254,-113.75,2050,ssp585,0
27.254,-108.75,2050,ssp585,13
27.254,-103.75,2050,ssp585,33
27.254,-98.75,2050,ssp585,10
27.254,-93.75,2050,ssp585,0
27.254,-88.75,2050,ssp585,0
27.254,-83.75,2050,ssp585,0
27.254,-78.75,2050,ssp585,0
27.254,-73.75,2050,ssp585,0
27.254,-68.75,2050,ssp585,0
29.789,-123.75,2050,ssp585,0
29.789,-118.75,2050,ssp585,0
29.789,-113.75,2050,ssp585,3
29.789,-108.75,2050,ssp585,77
29.789,-103.75,2050,ssp585,54
29.789,-98.75,2050,ssp585,23
29.789,-93.75,2050,ssp585,13
29.789,-88.75,2050,ssp585,6
29.789,-83.75,2050,ssp585,8
29.789,-78.75,2050,ssp585,0
29.789,-73.75,2050,ssp585,0
29.789,-68.75,2050,ssp585,0
32.324,-123.75,2050,ssp585,0
32.324,-118.75,2050,ssp585,0
32.324,-113.75,2050,ssp585,31
32.324,-108.75,2050,ssp585,93
32.324,-103.75,2050,ssp585,83
32.324,-98.75,2050,ssp585,46
32.324,-93.75,2050,ssp585,22
32.324,-88.75,2050,ssp585,35
32.324,-83.75,2050,ssp585,29
32.324,-78.75,2050,ssp585,1
32.324,-73.75,2050,ssp585,0
32.324,-68.75,2050,ssp585,0
34.859,-123.75,2050,ssp585,0
34.859,-118.75,2050,ssp585,46
34.859,-113.75,2050,ssp585,90
34.859,-108.75,2050,ssp585,84
34.859,-103.75,2050,ssp585,83
34.859,-98.75,2050,ssp585,69
34.859,-93.75,2050,ssp585,65
34.859,-88.75,2050,ssp585,59
34.859,-83.75,2050,ssp585,59
34.859,-78.75,2050,ssp585,38
34.859,-73.75,2050,ssp585,1
34.859,-68.75,2050,ssp585,0
37.394,-123.75,2050,ssp585,5
37.394,-118.75,2050,ssp585,112
37.394,-113.75,2050,ssp585,80
37.394,-108.75,2050,ssp585,70
37.394,-103.75,2050,ssp585,65
37.394,-98.75,2050,ssp585,81
37.394,-93.75,2050,ssp585,68
37.394,-88.75,2050,ssp585,74
37.394,-83.75,2050,ssp585,66
37.394,-78.75,2050,ssp585,67
37.394,-73.75,2050,ssp585,17
37.394,-68.75,2050,ssp585,1
39.93,-123.75,2050,ssp585,65
39.93,-118.75,2050,ssp585,90
39.93,-113.75,2050,ssp585,80
39.93,-108.75,2050,ssp585,80
39.93,-103.75,2050,ssp585,69
39.93,-98.75,2050,ssp585,69
39.93,-93.75,2050,ssp585,75
39.93,-88.75,2050,ssp585,72
39.93,-83.75,2050,ssp585,81
39.93,-78.75,2050,ssp585,78
39.93,-73.75,2050,ssp585,76
39.93,-68.75,2050,ssp585,39
42.465,-123.75,2050,ssp585,104
42.465,-118.75,2050,ssp585,83
42.465,-113.75,2050,ssp585,78
42.465,-108.75,2050,ssp585,85
42.465,-103.75,2050,ssp585,79
42.465,-98.75,2050,ssp585,78
42.465,-93.75,2050,ssp585,66
42.465,-88.75,2050,ssp585,85
42.465,-83.75,2050,ssp585,85
42.465,-78.75,2050,ssp585,87
42.465,-73.75,2050,ssp585,82
42.465,-68.75,2050,ssp585,104
45.0,-123.75,2050,ssp585,101
45.0,-118.75,2050,ssp585,99
45.0,-113.75,2050,ssp585,95
45.0,-108.75,2050,ssp585,90
45.0,-103.75,2050,ssp585,82
45.0,-98.75,2050,ssp585,67
45.0,-93.75,2050,ssp585,61
45.0,-88.75,2050,ssp585,75
45.0,-83.75,2050,ssp585,96
45.0,-78.75,2050,ssp585,87
45.0,-73.75,2050,ssp585,70
45.0,-68.75,2050,ssp585,80
47.535,-123.75,2050,ssp585,104
47.535,-118.75,2050,ssp585,94
47.535,-113.75,2050,ssp585,68
47.535,-108.75,2050,ssp585,78
47.535,-103.75,2050,ssp585,65
47.535,-98.75,2050,ssp585,59
47.535,-93.75,2050,ssp585,62
47.535,-88.75,2050,ssp585,73
47.535,-83.75,2050,ssp585,70
47.535,-78.75,2050,ssp585,72
47.535,-73.75,2050,ssp585,64
47.535,-68.75,2050,ssp585,55
24.718,-123.75,2051,ssp585,0
24.718,-118.75,2051,ssp585,0
24.718,-113.75,2051,ssp585,0
24.718,-108.75,2051,ssp585,0
24.718,-103.75,2051,ssp585,57
24.718,-98.75,2051,ssp585,4
24.718,-93.75,2051,ssp585,0
24.718,-88.75,2051,ssp585,0
24.718,-83.75,2051,ssp585,0
24.718,-78.75,2051,ssp585,0
24.718,-73.75,2051,ssp585,0
24.718,-68.75,2051,ssp585,0
27.254,-123.75,2051,ssp585,0
27.254,-118.75,2051,ssp585,0
27.254,-113.75,2051,ssp585,0
27.254,-108.75,2051,ssp585,19
27.254,-103.75,2051,ssp585,64
27.254,-98.75,2051,ssp585,15
27.254,-93.75,2051,ssp585,0
27.254,-88.75,2051,ssp585,0
27.254,-83.75,2051,ssp585,2
27.254,-78.75,2051,ssp585,0
27.254,-73.75,2051,ssp585,0
27.254,-68.75,2051,ssp585,0
29.789,-123.75,2051,ssp585,0
29.789,-118.75,2051,ssp585,0
29.789,-113.75,2051,ssp585,2
29.789,-108.75,2051,ssp585,81
29.789,-103.75,2051,ssp585,79
29.789,-98.75,2051,ssp585,67
29.789,-93.75,2051,ssp585,20
29.789,-88.75,2051,ssp585,17
29.789,-83.75,2051,ssp585,19
29.789,-78.75,2051,ssp585,0
29.789,-73.75,2051,ssp585,0
29.789,-68.75,2051,ssp585,0
32.324,-123.75,2051,ssp585,0
32.324,-118.75,2051,ssp585,0
32.324,-113.75,2051,ssp585,35
32.324,-108.75,2051,ssp585,114
32.324,-103.75,2051,ssp585,96
32.324,-98.75,2051,ssp585,82
32.324,-93.75,2051,ssp585,79
32.324,-88.75,2051,ssp585,67
32.324,-83.75,2051,ssp585,61
32.324,-78.75,2051,ssp585,11
32.324,-73.75,2051,ssp585,0
32.324,-68.75,2051,ssp585,0
34.859,-123.75,2051,ssp585,0
34.859,-118.75,2051,ssp585,33
34.859,-113.75,2051,ssp585,104
34.859,-108.75,2051,ssp585,101
34.859,-103.75,2051,ssp585,80
34.859,-98.75,2051,ssp585,81
34.859,-93.75,2051,ssp585,81
34.859,-88.75,2051,ssp585,83
34.859,-83.75,2051,ssp585,76
34.859,-78.75,2051,ssp585,65
34.859,-73.75,2051,ssp585,2
34.859,-68.75,2051,ssp585,1
37.394,-123.75,2051,ssp585,2
37.394,-118.75,2051,ssp585,122
37.394,-113.75,2051,ssp585,87
37.394,-108.75,2051,ssp585,73
37.394,-103.75,2051,ssp585,58
37.394,-98.75,2051,ssp585,76
37.394,-93.75,2051,ssp585,61
37.394,-88.75,2051,ssp585,67
37.394,-83.75,2051,ssp585,73
37.394,-78.75,2051,ssp585,75
37.394,-73.75,2051,ssp585,41
37.394,-68.75,2051,ssp585,3
39.93,-123.75,2051,ssp585,25
39.93,-118.75,2051,ssp585,98
39.93,-113.75,2051,ssp585,76
39.93,-108.75,2051,ssp585,80
39.93,-103.75,2051,ssp585,52
39.93,-98.75,2051,ssp585,59
39.93,-93.75,2051,ssp585,49
39.93,-88.75,2051,ssp585,64
39.93,-83.75,2051,ssp585,73
39.93,-78.75,2051,ssp585,68
39.93,-73.75,2051,ssp585,99
39.93,-68.75,2051,ssp585,50
42.465,-123.75,2051,ssp585,86
42.465,-118.75,2051,ssp585,106
42.465,-113.75,2051,ssp585,85
42.465,-108.75,2051,ssp585,82
42.465,-103.75,2051,ssp585,55
42.465,-98.75,2051,ssp585,53
42.465,-93.75,2051,ssp585,45
42.465,-88.75,2051,ssp585,67
42.465,-83.75,2051,ssp585,68
42.465,-78.75,2051,ssp585,78
42.465,-73.75,2051,ssp585,63
42.465,-68.75,2051,ssp585,113
45.0,-123.75,2051,ssp585,66
45.0,-118.75,2051,ssp585,120
45.0,-113.75,2051,ssp585,86
45.0,-108.75,2051,ssp585,68
45.0,-103.75,2051,ssp585,63
45.0,-98.75,2051,ssp585,51
45.0,-93.75,2051,ssp585,45
45.0,-88.75,2051,ssp585,58
45.0,-83.75,2051,ssp585,68
45.0,-78.75,2051,ssp585,61
45.0,-73.75,2051,ssp585,50
45.0,-68.75,2051,ssp585,64
47.535,-123.75,2051,ssp585,74
47.535,-118.75,2051,ssp585,110
47.535,-113.75,2051,ssp585,85
47.535,-108.75,2051,ssp585,71
47.535,-103.75,2051,ssp585,60
47.535,-98.75,2051,ssp585,50
47.535,-93.75,2051,ssp585,40
47.535,-88.75,2051,ssp585,58
47.535,-83.75,2051,ssp585,44
47.535,-78.75,2051,ssp585,52
47.535,-73.75,2051,ssp585,38
47.535,-68.75,2051,ssp585,49
24.718,-123.75,2052,ssp585,0
24.718,-118.75,2052,ssp585,0
24.718,-113.75,2052,ssp585,0
24.718,-108.75,2052,ssp585,0
24.718,-103.75,2052,ssp585,43
24.718,-98.75,2052,ssp585,5
24.718,-93.75,2052,ssp585,0
24.718,-88.75,2052,ssp585,0
24.718,-83.75,2052,ssp585,0
24.718,-78.75,2052,ssp585,0
24.718,-73.75,2052,ssp585,0
24.718,-68.75,2052,ssp585,0
27.254,-123.75,2052,ssp585,0
27.254,-118.75,2052,ssp585,0
27.254,-113.75,2052,ssp585,0
27.254,-108.75,2052,ssp585,29
27.254,-103.75,2052,ssp585,40
27.254,-98.75,2052,ssp585,15
27.254,-93.75,2052,ssp585,0
27.254,-88.75,2052,ssp585,0
27.254,-83.75,2052,ssp585,0
27.254,-78.75,2052,ssp585,0
27.254,-73.75,2052,ssp585,0
27.254,-68.75,2052,ssp585,0
29.789,-123.75,2052,ssp585,0
29.789,-118.75,2052,ssp585,0
29.789,-113.75,2052,ssp585,1
29.789,-108.75,2052,ssp585,86
29.789,-103.75,2052,ssp585,55
29.789,-98.75,2052,ssp585,46
29.789,-93.75,2052,ssp585,15
29.789,-88.75,2052,ssp585,3
29.789,-83.75,2052,ssp585,6
29.789,-78.75,2052,ssp585,0
29.789,-73.75,2052,ssp585,0
29.789,-68.75,2052,ssp585,0
32.324,-123.75,2052,ssp585,0
32.324,-118.75,2052,ssp585,0
32.324,-113.75,2052,ssp585,39
32.324,-108.75,2052,ssp585,104
32.324,-103.75,2052,ssp585,71
32.324,-98.75,2052,ssp585,64
32.324,-93.75,2052,ssp585,58
32.324,-88.75,2052,ssp585,60
32.324,-83.75,2052,ssp585,43
32.324,-78.75,2052,ssp585,0
32.324,-73.75,2052,ssp585,0
32.324,-68.75,2052,ssp585,0
34.859,-123.75,2052,ssp585,0
34.859,-118.75,2052,ssp585,42
34.859,-113.75,2052,ssp585,108
34.859,-108.75,2052,ssp585,105
34.859,-103.75,2052,ssp585,84
34.859,-98.75,2052,ssp585,81
34.859,-93.75,2052,ssp585,70
34.859,-88.75,2052,ssp585,78
34.859,-83.75,2052,ssp585,81
34.859,-78.75,2052,ssp585,63
34.859,-73.75,2052,ssp585,0
34.859,-68.75,2052,ssp585,0
37.394,-123.75,2052,ssp585,0
37.394,-118.75,2052,ssp585,146
37.394,-113.75,2052,ssp585,103
37.394,-108.75,2052,ssp585,84
37.394,-103.75,2052,ssp585,87
37.394,-98.75,2052,ssp585,81
37.394,-93.75,2052,ssp585,74
37.394,-88.75,2052,ssp585,74
37.394,-83.75,2052,ssp585,63
37.394,-78.75,2052,ssp585,87
37.394,-73.75,2052,ssp585,10
37.394,-68.75,2052,ssp585,0
39.93,-123.75,2052,ssp585,29
39.93,-118.75,2052,ssp585,122
39.93,-113.75,2052,ssp585,100
39.93,-108.75,2052,ssp585,74
39.93,-103.75,2052,ssp585,71
39.93,-98.75,2052,ssp585,79
39.93,-93.75,2052,ssp585,66
39.93,-88.75,2052,ssp585,62
39.93,-83.75,2052,ssp585,64
39.93,-78.75,2052,ssp585,68
39.93,-73.75,2052,ssp585,93
39.93,-68.75,2052,ssp585,32
42.465,-123.75,2052,ssp585,137
42.465,-118.75,2052,ssp585,114
42.465,-113.75,2052,ssp585,94
42.465,-108.75,2052,ssp585,77
42.465,-103.75,2052,ssp585,76
42.465,-98.75,2052,ssp585,65
42.465,-93.75,2052,ssp585,62
42.465,-88.75,2052,ssp585,64
42.465,-83.75,2052,ssp585,70
42.465,-78.75,2052,ssp585,73
42.465,-73.75,2052,ssp585,65
42.465,-68.75,2052,ssp585,96
45.0,-123.75,2052,ssp585,88
45.0,-118.75,2052,ssp585,145
45.0,-113.75,2052,ssp585,67
45.0,-108.75,2052,ssp585,71
45.0,-103.75,2052,ssp585,78
45.0,-98.75,2052,ssp585,56
45.0,-93.75,2052,ssp585,53
45.0,-88.75,2052,ssp585,62
45.0,-83.75,2052,ssp585,74
45.0,-78.75,2052,ssp585,71
45.0,-73.75,2052,ssp585,72
45.0,-68.75,2052,ssp585,74
47.535,-123.75,2052,ssp585,99
47.535,-118.75,2052,ssp585,136
47.535,-113.75,2052,ssp585,90
47.535,-108.75,2052,ssp585,81
47.535,-103.75,2052,ssp585,75
47.535,-98.75,2052,ssp585,56
47.535,-93.75,2052,ssp585,53
47.535,-88.75,2052,ssp585,67
47.535,-83.75,2052,ssp585,57
47.535,-78.75,2052,ssp585,52
47.535,-73.75,2052,ssp585,58
47.535,-68.75,2052,ssp585,56
24.718,-123.75,2053,ssp585,0
24.718,-118.75,2053,ssp585,0
24.718,-113.75,2053,ssp585,0
24.718,-108.75,2053,ssp585,0
24.718,-103.75,2053,ssp585,48
24.718,-98.75,2053,ssp585,1
24.718,-93.75,2053,ssp585,0
24.718,-88.75,2053,ssp585,0
24.718,-83.75,2053,ssp585,0
24.718,-78.75,2053,ssp585,0
24.718,-73.75,2053,ssp585,0
24.718,-68.75,2053,ssp585,0
27.254,-123.75,2053,ssp585,0
27.254,-118.75,2053,ssp585,0
27.254,-113.75,2053,ssp585,0
27.254,-108.75,2053,ssp585,14
27.254,-103.75,2053,ssp585,52
27.254,-98.75,2053,ssp585,19
27.254,-93.75,2053,ssp585,0
27.254,-88.75,2053,ssp585,0
27.254,-83.75,2053,ssp585,0
27.254,-78.75,2053,ssp585,0
27.254,-73.75,2053,ssp585,0
27.254,-68.75,2053,ssp585,0
29.789,-123.75,2053,ssp585,0
29.789,-118.75,2053,ssp585,0
29.789,-113.75,2053,ssp585,0
29.789,-108.75,2053,ssp585,69
29.789,-103.75,2053,ssp585,71
29.789,-98.75,2053,ssp585,45
29.789,-93.75,2053,ssp585,11
29.789,-88.75,2053,ssp585,3
29.789,-83.75,2053,ssp585,11
29.789,-78.75,2053,ssp585,0
29.789,-73.75,2053,ssp585,0
29.789,-68.75,2053,ssp585,0
32.324,-123.75,2053,ssp585,0
32.324,-118.75,2053,ssp585,0
32.324,-113.75,2053,ssp585,26
32.324,-108.75,2053,ssp585,128
32.324,-103.75,2053,ssp585,100
32.324,-98.75,2053,ssp585,71
32.324,-93.75,2053,ssp585,62
32.324,-88.75,2053,ssp585,53
32.324,-83.75,2053,ssp585,50
32.324,-78.75,2053,ssp585,1
32.324,-73.75,2053,ssp585,0
32.324,-68.75,2053,ssp585,0
34.859,-123.75,2053,ssp585,0
34.859,-118.75,2053,ssp585,22
34.859,-113.75,2053,ssp585,118
34.859,-108.75,2053,ssp585,126
34.859,-103.75,2053,ssp585,110
34.859,-98.75,2053,ssp585,84
34.859,-93.75,2053,ssp585,88
34.859,-88.75,2053,ssp585,74
34.859,-83.75,2053,ssp585,60
34.859,-78.75,2053,ssp585,64
34.859,-73.75,2053,ssp585,1
34.859,-68.75,2053,ssp585,0
37.394,-123.75,2053,ssp585,0
37.394,-118.75,2053,ssp585,167
37.394,-113.75,2053,ssp585,120
37.394,-108.75,2053,ssp585,83
37.394,-103.75,2053,ssp585,99
37.394,-98.75,2053,ssp585,87
37.394,-93.75,2053,ssp585,78
37.394,-88.75,2053,ssp585,60
37.394,-83.75,2053,ssp585,68
37.394,-78.75,2053,ssp585,65
37.394,-73.75,2053,ssp585,25
37.394,-68.75,2053,ssp585,1
39.93,-123.75,2053,ssp585,10
39.93,-118.75,2053,ssp585,132
39.93,-113.75,2053,ssp585,86
39.93,-108.75,2053,ssp585,67
39.93,-103.75,2053,ssp585,86
39.93,-98.75,2053,ssp585,80
39.93,-93.75,2053,ssp585,68
39.93,-88.75,2053,ssp585,68
39.93,-83.75,2053,ssp585,65
39.93,-78.75,2053,ssp585,64
39.93,-73.75,2053,ssp585,82
39.93,-68.75,2053,ssp585,40
42.465,-123.75,2053,ssp585,98
42.465,-118.75,2053,ssp585,121
42.465,-113.75,2053,ssp585,86
42.465,-108.75,2053,ssp585,58
42.465,-103.75,2053,ssp585,69
42.465,-98.75,2053,ssp585,61
42.465,-93.75,2053,ssp585,55
42.465,-88.75,2053,ssp585,68
42.465,-83.75,2053,ssp585,70
42.465,-78.75,2053,ssp585,75
42.465,-73.75,2053,ssp585,72
42.465,-68.75,2053,ssp585,98
45.0,-123.75,2053,ssp585,63
45.0,-118.75,2053,ssp585,138
45.0,-113.75,2053,ssp585,60
45.0,-108.75,2053,ssp585,60
45.0,-103.75,2053,ssp585,64
45.0,-98.75,2053,ssp585,49
45.0,-93.75,2053,ssp585,38
45.0,-88.75,2053,ssp585,54
45.0,-83.75,2053,ssp585,68
45.0,-78.75,2053,ssp585,65
45.0,-73.75,2053,ssp585,60
45.0,-68.75,2053,ssp585,77
47.535,-123.75,2053,ssp585,84
47.535,-118.75,2053,ssp585,127
47.535,-113.75,2053,ssp585,66
47.535,-108.75,2053,ssp585,53
47.535,-103.75,2053,ssp585,43
47.535,-98.75,2053,ssp585,37
47.535,-93.75,2053,ssp585,35
47.535,-88.75,2053,ssp585,48
47.535,-83.75,2053,ssp585,48
47.535,-78.75,2053,ssp585,50
47.535,-73.75,2053,ssp585,55
47.535,-68.75,2053,ssp585,58
24.718,-123.75,2054,ssp585,0
24.718,-118.75,2054,ssp585,0
24.718,-113.75,2054,ssp585,0
24.718,-108.75,2054,ssp585,0
24.718,-103.75,2054,ssp585,68
24.718,-98.75,2054,ssp585,6
24.718,-93.75,2054,ssp585,0
24.718,-88.75,2054,ssp585,0
24.718,-83.75,2054,ssp585,0
24.718,-78.75,2054,ssp585,0
24.718,-73.75,2054,ssp585,0
24.718,-68.75,2054,ssp585,0
27.254,-123.75,2054,ssp585,0
27.254,-118.75,2054,ssp585,0
27.254,-113.75,2054,ssp585,0
27.254,-108.75,2054,ssp585,20
27.254,-103.75,2054,ssp585,81
27.254,-98.75,2054,ssp585,16
27.254,-93.75,2054,ssp585,0
27.254,-88.75,2054,ssp585,0
27.254,-83.75,2054,ssp585,0
27.254,-78.75,2054,ssp585,0
27.254,-73.75,2054,ssp585,0
27.254,-68.75,2054,ssp585,0
29.789,-123.75,2054,ssp585,0
29.789,-118.75,2054,ssp585,0
29.789,-113.75,2054,ssp585,1
29.789,-108.75,2054,ssp585,101
29.789,-103.75,2054,ssp585,87
29.789,-98.75,2054,ssp585,44
29.789,-93.75,2054,ssp585,15
29.789,-88.75,2054,ssp585,8
29.789,-83.75,2054,ssp585,15
29.789,-78.75,2054,ssp585,0
29.789,-73.75,2054,ssp585,0
29.789,-68.75,2054,ssp585,0
32.324,-123.75,2054,ssp585,0
32.324,-118.75,2054,ssp585,0
32.324,-113.75,2054,ssp585,30
32.324,-108.75,2054,ssp585,106
32.324,-103.75,2054,ssp585,92
32.324,-98.75,2054,ssp585,72
32.324,-93.75,2054,ssp585,45
32.324,-88.75,2054,ssp585,40
32.324,-83.75,2054,ssp585,41
32.324,-78.75,2054,ssp585,9
32.324,-73.75,2054,ssp585,0
32.324,-68.75,2054,ssp585,0
34.859,-123.75,2054,ssp585,0
34.859,-118.75,2054,ssp585,30
34.859,-113.75,2054,ssp585,122
34.859,-108.75,2054,ssp585,89
34.859,-103.75,2054,ssp585,96
34.859,-98.75,2054,ssp585,94
34.859,-93.75,2054,ssp585,68
34.859,-88.75,2054,ssp585,61
34.859,-83.75,2054,ssp585,64
34.859,-78.75,2054,ssp585,42
34.859,-73.75,2054,ssp585,6
34.859,-68.75,2054,ssp585,0
37.394,-123.75,2054,ssp585,0
37.394,-118.75,2054,ssp585,145
37.394,-113.75,2054,ssp585,94
37.394,-108.75,2054,ssp585,78
37.394,-103.75,2054,ssp585,86
37.394,-98.75,2054,ssp585,99
37.394,-93.75,2054,ssp585,88
37.394,-88.75,2054,ssp585,76
37.394,-83.75,2054,ssp585,76
37.394,-78.75,2054,ssp585,77
37.394,-73.75,2054,ssp585,30
37.394,-68.75,2054,ssp585,1
39.93,-123.75,2054,ssp585,16
39.93,-118.75,2054,ssp585,122
39.93,-113.75,2054,ssp585,84
39.93,-108.75,2054,ssp585,64
39.93,-103.75,2054,ssp585,88
39.93,-98.75,2054,ssp585,91
39.93,-93.75,2054,ssp585,84
39.93,-88.75,2054,ssp585,81
39.93,-83.75,2054,ssp585,86
39.93,-78.75,2054,ssp585,79
39.93,-73.75,2054,ssp585,86
39.93,-68.75,2054,ssp585,52
42.465,-123.75,2054,ssp585,80
42.465,-118.75,2054,ssp585,115
42.465,-113.75,2054,ssp585,85
42.465,-108.75,2054,ssp585,59
42.465,-103.75,2054,ssp585,83
42.465,-98.75,2054,ssp585,89
42.465,-93.75,2054,ssp585,70
42.465,-88.75,2054,ssp585,78
42.465,-83.75,2054,ssp585,75
42.465,-78.75,2054,ssp585,74
42.465,-73.75,2054,ssp585,56
42.465,-68.75,2054,ssp585,91
45.0,-123.75,2054,ssp585,51
45.0,-118.75,2054,ssp585,134
45.0,-113.75,2054,ssp585,61
45.0,-108.75,2054,ssp585,69
45.0,-103.75,2054,ssp585,77
45.0,-98.75,2054,ssp585,75
45.0,-93.75,2054,ssp585,66
45.0,-88.75,2054,ssp585,68
45.0,-83.75,2054,ssp585,71
45.0,-78.75,2054,ssp585,62
45.0,-73.75,2054,ssp585,55
45.0,-68.75,2054,ssp585,60
47.535,-123.75,2054,ssp585,71
47.535,-118.75,2054,ssp585,114
47.535,-113.75,2054,ssp585,84
47.535,-108.75,2054,ssp585,85
47.535,-103.75,2054,ssp585,74
47.535,-98.75,2054,ssp585,62
47.535,-93.75,2054,ssp585,64
47.535,-88.75,2054,ssp585,54
47.535,-83.75,2054,ssp585,68
47.535,-78.75,2054,ssp585,66
47.535,-73.75,2054,ssp585,72
47.535,-68.75,2054,ssp585,63
24.718,-123.75,2055,ssp585,0
24.718,-118.75,2055,ssp585,0
24.718,-113.75,2055,ssp585,0
24.718,-108.75,2055,ssp585,0
24.718,-103.75,2055,ssp585,46
24.718,-98.75,2055,ssp585,4
24.718,-93.75,2055,ssp585,0
24.718,-88.75,2055,ssp585,0
24.718,-83.75,2055,ssp585,0
24.718,-78.75,2055,ssp585,0
24.718,-73.75,2055,ssp585,0
24.718,-68.75,2055,ssp585,0
27.254,-123.75,2055,ssp585,0
27.254,-118.75,2055,ssp585,0
27.254,-113.75,2055,ssp585,0
27.254,-108.75,2055,ssp585,19
27.254,-103.75,2055,ssp585,58
27.254,-98.75,2055,ssp585,12
27.254,-93.75,2055,ssp585,0
27.254,-88.75,2055,ssp585,0
27.254,-83.75,2055,ssp585,0
27.254,-78.75,2055,ssp585,0
27.254,-73.75,2055,ssp585,0
27.254,-68.75,2055,ssp585,0
29.789,-123.75,2055,ssp585,0
29.789,-118.75,2055,ssp585,0
29.789,-113.75,2055,ssp585,2
29.789,-108.75,2055,ssp585,78
29.789,-103.75,2055,ssp585,71
29.789,-98.75,2055,ssp585,34
29.789,-93.75,2055,ssp585,15
29.789,-88.75,2055,ssp585,7
29.789,-83.75,2055,ssp585,9
29.789,-78.75,2055,ssp585,0
29.789,-73.75,2055,ssp585,0
29.789,-68.75,2055,ssp585,0
32.324,-123.75,2055,ssp585,0
32.324,-118.75,2055,ssp585,0
32.324,-113.75,2055,ssp585,29
32.324,-108.75,2055,ssp585,110
32.324,-103.75,2055,ssp585,99
32.324,-98.75,2055,ssp585,68
32.324,-93.75,2055,ssp585,55
32.324,-88.75,2055,ssp585,60
32.324,-83.75,2055,ssp585,54
32.324,-78.75,2055,ssp585,2
32.324,-73.75,2055,ssp585,0
32.324,-68.75,2055,ssp585,0
34.859,-123.75,2055,ssp585,0
34.859,-118.75,2055,ssp585,32
34.859,-113.75,2055,ssp585,122
34.859,-108.75,2055,ssp585,90
34.859,-103.75,2055,ssp585,96
34.859,-98.75,2055,ssp585,89
34.859,-93.75,2055,ssp585,72
34.859,-88.75,2055,ssp585,66
34.859,-83.75,2055,ssp585,70
34.859,-78.75,2055,ssp585,71
34.859,-73.75,2055,ssp585,0
34.859,-68.75,2055,ssp585,0
37.394,-123.75,2055,ssp585,0
37.394,-118.75,2055,ssp585,136
37.394,-113.75,2055,ssp585,81
37.394,-108.75,2055,ssp585,65
37.394,-103.75,2055,ssp585,78
37.394,-98.75,2055,ssp585,91
37.394,-93.75,2055,ssp585,73
37.394,-88.75,2055,ssp585,70
37.394,-83.75,2055,ssp585,70
37.394,-78.75,2055,ssp585,75
37.394,-73.75,2055,ssp585,29
37.394,-68.75,2055,ssp585,3
39.93,-123.75,2055,ssp585,25
39.93,-118.75,2055,ssp585,99
39.93,-113.75,2055,ssp585,81
39.93,-108.75,2055,ssp585,73
39.93,-103.75,2055,ssp585,68
39.93,-98.75,2055,ssp585,86
39.93,-93.75,2055,ssp585,77
39.93,-88.75,2055,ssp585,68
39.93,-83.75,2055,ssp585,77
39.93,-78.75,2055,ssp585,73
39.93,-73.75,2055,ssp585,95
39.93,-68.75,2055,ssp585,54
42.465,-123.75,2055,ssp585,107
42.465,-118.75,2055,ssp585,99
42.465,-113.75,2055,ssp585,79
42.465,-108.75,2055,ssp585,63
42.465,-103.75,2055,ssp585,70
42.465,-98.75,2055,ssp585,72
42.465,-93.75,2055,ssp585,67
42.465,-88.75,2055,ssp585,88
42.465,-83.75,2055,ssp585,85
42.465,-78.75,2055,ssp585,75
42.465,-73.75,2055,ssp585,60
42.465,-68.75,2055,ssp585,112
45.0,-123.75,2055,ssp585,71
45.0,-118.75,2055,ssp585,124
45.0,-113.75,2055,ssp585,61
45.0,-108.75,2055,ssp585,67
45.0,-103.75,2055,ssp585,60
45.0,-98.75,2055,ssp585,62
45.0,-93.75,2055,ssp585,49
45.0,-88.75,2055,ssp585,72
45.0,-83.75,2055,ssp585,85
45.0,-78.75,2055,ssp585,66
45.0,-73.75,2055,ssp585,42
45.0,-68.75,2055,ssp585,67
47.535,-123.75,2055,ssp585,100
47.535,-118.75,2055,ssp585,103
47.535,-113.75,2055,ssp585,69
47.535,-108.75,2055,ssp585,72
47.535,-103.75,2055,ssp585,57
47.535,-98.75,2055,ssp585,40
47.535,-93.75,2055,ssp585,46
47.535,-88.75,2055,ssp585,67
47.535,-83.75,2055,ssp585,49
47.535,-78.75,2055,ssp585,38
47.535,-73.75,2055,ssp585,31
47.535,-68.75,2055,ssp585,33
24.718,-123.75,2056,ssp585,0
24.718,-118.75,2056,ssp585,0
24.718,-113.75,2056,ssp585,0
24.718,-108.75,2056,ssp585,0
24.718,-103.75,2056,ssp585,62
24.718,-98.75,2056,ssp585,7
24.718,-93.75,2056,ssp585,0
24.718,-88.75,2056,ssp585,0
24.718,-83.75,2056,ssp585,0
24.718,-78.75,2056,ssp585,0
24.718,-73.75,2056,ssp585,0
24.718,-68.75,2056,ssp585,0
27.254,-123.75,2056,ssp585,0
27.254,-118.75,2056,ssp585,0
27.254,-113.75,2056,ssp585,0
27.254,-108.75,2056,ssp585,28
27.254,-103.75,2056,ssp585,56
27.254,-98.75,2056,ssp585,20
27.254,-93.75,2056,ssp585,0
27.254,-88.75,2056,ssp585,0
27.254,-83.75,2056,ssp585,1
27.254,-78.75,2056,ssp585,0
27.254,-73.75,2056,ssp585,0
27.254,-68.75,2056,ssp585,0
29.789,-123.75,2056,ssp585,0
29.789,-118.75,2056,ssp585,0
29.789,-113.75,2056,ssp585,5
29.789,-108.75,2056,ssp585,89
29.789,-103.75,2056,ssp585,70
29.789,-98.75,2056,ssp585,46
29.789,-93.75,2056,ssp585,21
29.789,-88.75,2056,ssp585,8
29.789,-83.75,2056,ssp585,19
29.789,-78.75,2056,ssp585,0
29.789,-73.75,2056,ssp585,0
29.789,-68.75,2056,ssp585,0
32.324,-123.75,2056,ssp585,0
32.324,-118.75,2056,ssp585,0
32.324,-113.75,2056,ssp585,56
32.324,-108.75,2056,ssp585,100
32.324,-103.75,2056,ssp585,73
32.324,-98.75,2056,ssp585,67
32.324,-93.75,2056,ssp585,60
32.324,-88.75,2056,ssp585,54
32.324,-83.75,2056,ssp585,47
32.324,-78.75,2056,ssp585,3
32.324,-73.75,2056,ssp585,0
32.324,-68.75,2056,ssp585,0
34.859,-123.75,2056,ssp585,0
34.859,-118.75,2056,ssp585,41
34.859,-113.75,2056,ssp585,105
34.859,-108.75,2056,ssp585,97
34.859,-103.75,2056,ssp585,79
34.859,-98.75,2056,ssp585,69
34.859,-93.75,2056,ssp585,64
34.859,-88.75,2056,ssp585,67
34.859,-83.75,2056,ssp585,67
34.859,-78.75,2056,ssp585,57
34.859,-73.75,2056,ssp585,3
34.859,-68.75,2056,ssp585,0
37.394,-123.75,2056,ssp585,2
37.394,-118.75,2056,ssp585,139
37.394,-113.75,2056,ssp585,104
37.394,-108.75,2056,ssp585,92
37.394,-103.75,2056,ssp585,78
37.394,-98.75,2056,ssp585,69
37.394,-93.75,2056,ssp585,68
37.394,-88.75,2056,ssp585,66
37.394,-83.75,2056,ssp585,67
37.394,-78.75,2056,ssp585,62
37.394,-73.75,2056,ssp585,21
37.394,-68.75,2056,ssp585,0
39.93,-123.75,2056,ssp585,29
39.93,-118.75,2056,ssp585,120
39.93,-113.75,2056,ssp585,98
39.93,-108.75,2056,ssp585,87
39.93,-103.75,2056,ssp585,81
39.93,-98.75,2056,ssp585,63
39.93,-93.75,2056,ssp585,54
39.93,-88.75,2056,ssp585,56
39.93,-83.75,2056,ssp585,66
39.93,-78.75,2056,ssp585,64
39.93,-73.75,2056,ssp585,91
39.93,-68.75,2056,ssp585,28
42.465,-123.75,2056,ssp585,105
42.465,-118.75,2056,ssp585,117
42.465,-113.75,2056,ssp585,82
42.465,-108.75,2056,ssp585,84
42.465,-103.75,2056,ssp585,79
42.465,-98.75,2056,ssp585,60
42.465,-93.75,2056,ssp585,49
42.465,-88.75,2056,ssp585,56
42.465,-83.75,2056,ssp585,62
42.465,-78.75,2056,ssp585,59
42.465,-73.75,2056,ssp585,42
42.465,-68.75,2056,ssp585,109
45.0,-123.75,2056,ssp585,72
45.0,-118.75,2056,ssp585,137
45.0,-113.75,2056,ssp585,83
45.0,-108.75,2056,ssp585,73
45.0,-103.75,2056,ssp585,70
45.0,-98.75,2056,ssp585,51
45.0,-93.75,2056,ssp585,50
45.0,-88.75,2056,ssp585,44
45.0,-83.75,2056,ssp585,56
45.0,-78.75,2056,ssp585,45
45.0,-73.75,2056,ssp585,37
45.0,-68.75,2056,ssp585,39
47.535,-123.75,2056,ssp585,85
47.535,-118.75,2056,ssp585,114
47.535,-113.75,2056,ssp585,91
47.535,-108.75,2056,ssp585,80
47.535,-103.75,2056,ssp585,64
47.535,-98.75,2056,ssp585,57
47.535,-93.75,2056,ssp585,45
47.535,-88.75,2056,ssp585,46
47.535,-83.75,2056,ssp585,64
47.535,-78.75,2056,ssp585,56
47.535,-73.75,2056,ssp585,50
47.535,-68.75,2056,ssp585,49
24.718,-123.75,2057,ssp585,0
24.718,-118.75,2057,ssp585,0
24.718,-113.75,2057,ssp585,0
24.718,-108.75,2057,ssp585,0
24.718,-103.75,2057,ssp585,30
24.718,-98.75,2057,ssp585,0
24.718,-93.75,2057,ssp585,0
24.718,-88.75,2057,ssp585,0
24.718,-83.75,2057,ssp585,0
24.718,-78.75,2057,ssp585,0
24.718,-73.75,2057,ssp585,0
24.718,-68.75,2057,ssp585,0
27.254,-123.75,2057,ssp585,0
27.254,-118.75,2057,ssp585,0
27.254,-113.75,2057,ssp585,0
27.254,-108.75,2057,ssp585,6
27.254,-103.75,2057,ssp585,32
27.254,-98.75,2057,ssp585,6
27.254,-93.75,2057,ssp585,0
27.254,-88.75,2057,ssp585,0
27.254,-83.75,2057,ssp585,0
27.254,-78.75,2057,ssp585,0
27.254,-73.75,2057,ssp585,0
27.254,-68.75,2057,ssp585,0
29.789,-123.75,2057,ssp585,0
29.789,-118.75,2057,ssp585,0
29.789,-113.75,2057,ssp585,0
29.789,-108.75,2057,ssp585,72
29.789,-103.75,2057,ssp585,64
29.789,-98.75,2057,ssp585,31
29.789,-93.75,2057,ssp585,11
29.789,-88.75,2057,ssp585,3
29.789,-83.75,2057,ssp585,6
29.789,-78.75,2057,ssp585,0
29.789,-73.75,2057,ssp585,0
29.789,-68.75,2057,ssp585,0
32.324,-123.75,2057,ssp585,0
32.324,-118.75,2057,ssp585,0
32.324,-113.75,2057,ssp585,24
32.324,-108.75,2057,ssp585,129
32.324,-103.75,2057,ssp585,102
32.324,-98.75,2057,ssp585,59
32.324,-93.75,2057,ssp585,40
32.324,-88.75,2057,ssp585,36
32.324,-83.75,2057,ssp585,34
32.324,-78.75,2057,ssp585,1
32.324,-73.75,2057,ssp585,0
32.324,-68.75,2057,ssp585,0
34.859,-123.75,2057,ssp585,0
34.859,-118.75,2057,ssp585,27
34.859,-113.75,2057,ssp585,106
34.859,-108.75,2057,ssp585,127
34.859,-103.75,2057,ssp585,116
34.859,-98.75,2057,ssp585,83
34.859,-93.75,2057,ssp585,68
34.859,-88.75,2057,ssp585,59
34.859,-83.75,2057,ssp585,58
34.859,-78.75,2057,ssp585,33
34.859,-73.75,2057,ssp585,2
34.859,-68.75,2057,ssp585,0
37.394,-123.75,2057,ssp585,0
37.394,-118.75,2057,ssp585,160
37.394,-113.75,2057,ssp585,121
37.394,-108.75,2057,ssp585,82
37.394,-103.75,2057,ssp585,109
37.394,-98.75,2057,ssp585,96
37.394,-93.75,2057,ssp585,87
37.394,-88.75,2057,ssp585,77
37.394,-83.75,2057,ssp585,73
37.394,-78.75,2057,ssp585,59
37.394,-73.75,2057,ssp585,20
37.394,-68.75,2057,ssp585,2
39.93,-123.75,2057,ssp585,20
39.93,-118.75,2057,ssp585,126
39.93,-113.75,2057,ssp585,97
39.93,-108.75,2057,ssp585,44
39.93,-103.75,2057,ssp585,91
39.93,-98.75,2057,ssp585,94
39.93,-93.75,2057,ssp585,86
39.93,-88.75,2057,ssp585,92
39.93,-83.75,2057,ssp585,87
39.93,-78.75,2057,ssp585,87
39.93,-73.75,2057,ssp585,59
39.93,-68.75,2057,ssp585,37
42.465,-123.75,2057,ssp585,100
42.465,-118.75,2057,ssp585,118
42.465,-113.75,2057,ssp585,99
42.465,-108.75,2057,ssp585,45
42.465,-103.75,2057,ssp585,82
42.465,-98.75,2057,ssp585,78
42.465,-93.75,2057,ssp585,78
42.465,-88.75,2057,ssp585,103
42.465,-83.75,2057,ssp585,87
42.465,-78.75,2057,ssp585,98
42.465,-73.75,2057,ssp585,79
42.465,-68.75,2057,ssp585,77
45.0,-123.75,2057,ssp585,56
45.0,-118.75,2057,ssp585,142
45.0,-113.75,2057,ssp585,52
45.0,-108.75,2057,ssp585,60
45.0,-103.75,2057,ssp585,70
45.0,-98.75,2057,ssp585,66
45.0,-93.75,2057,ssp585,64
45.0,-88.75,2057,ssp585,92
45.0,-83.75,2057,ssp585,103
45.0,-78.75,2057,ssp585,89
45.0,-73.75,2057,ssp585,81
45.0,-68.75,2057,ssp585,91
47.535,-123.75,2057,ssp585,80
47.535,-118.75,2057,ssp585,114
47.535,-113.75,2057,ssp585,79
47.535,-108.75,2057,ssp585,66
47.535,-103.75,2057,ssp585,57
47.535,-98.75,2057,ssp585,50
47.535,-93.75,2057,ssp585,50
47.535,-88.75,2057,ssp585,97
47.535,-83.75,2057,ssp585,94
47.535,-78.75,2057,ssp585,81
47.535,-73.75,2057,ssp585,75
47.535,-68.75,2057,ssp585,84
24.718,-123.75,2058,ssp585,0
24.718,-118.75,2058,ssp585,0
24.718,-113.75,2058,ssp585,0
24.718,-108.75,2058,ssp585,0
24.718,-103.75,2058,ssp585,32
24.718,-98.75,2058,ssp585,4
24.718,-93.75,2058,ssp585,0
24.718,-88.75,2058,ssp585,0
24.718,-83.75,2058,ssp585,0
24.718,-78.75,2058,ssp585,0
24.718,-73.75,2058,ssp585,0
24.718,-68.75,2058,ssp585,0
27.254,-123.75,2058,ssp585,0
27.254,-118.75,2058,ssp585,0
27.254,-113.75,2058,ssp585,0
27.254,-108.75,2058,ssp585,19
27.254,-103.75,2058,ssp585,34
27.254,-98.75,2058,ssp585,7
27.254,-93.75,2058,ssp585,0
27.254,-88.75,2058,ssp585,0
27.254,-83.75,2058,ssp585,0
27.254,-78.75,2058,ssp585,0
27.254,-73.75,2058,ssp585,0
27.254,-68.75,2058,ssp585,0
29.789,-123.75,2058,ssp585,0
29.789,-118.75,2058,ssp585,0
29.789,-113.75,2058,ssp585,3
29.789,-108.75,2058,ssp585,65
29.789,-103.75,2058,ssp585,52
29.789,-98.75,2058,ssp585,31
29.789,-93.75,2058,ssp585,13
29.789,-88.75,2058,ssp585,5
29.789,-83.75,2058,ssp585,5
29.789,-78.75,2058,ssp585,0
29.789,-73.75,2058,ssp585,0
29.789,-68.75,2058,ssp585,0
32.324,-123.75,2058,ssp585,0
32.324,-118.75,2058,ssp585,0
32.324,-113.75,2058,ssp585,43
32.324,-108.75,2058,ssp585,92
32.324,-103.75,2058,ssp585,70
32.324,-98.75,2058,ssp585,58
32.324,-93.75,2058,ssp585,45
32.324,-88.75,2058,ssp585,40
32.324,-83.75,2058,ssp585,33
32.324,-78.75,2058,ssp585,1
32.324,-73.75,2058,ssp585,0
32.324,-68.75,2058,ssp585,0
34.859,-123.75,2058,ssp585,0
34.859,-118.75,2058,ssp585,46
34.859,-113.75,2058,ssp585,95
34.859,-108.75,2058,ssp585,108
34.859,-103.75,2058,ssp585,96
34.859,-98.75,2058,ssp585,72
34.859,-93.75,2058,ssp585,65
34.859,-88.75,2058,ssp585,61
34.859,-83.75,2058,ssp585,57
34.859,-78.75,2058,ssp585,37
34.859,-73.75,2058,ssp585,4
34.859,-68.75,2058,ssp585,0
37.394,-123.75,2058,ssp585,2
37.394,-118.75,2058,ssp585,148
37.394,-113.75,2058,ssp585,108
37.394,-108.75,2058,ssp585,96
37.394,-103.75,2058,ssp585,86
37.394,-98.75,2058,ssp585,79
37.394,-93.75,2058,ssp585,72
37.394,-88.75,2058,ssp585,71
37.394,-83.75,2058,ssp585,79
37.394,-78.75,2058,ssp585,73
37.394,-73.75,2058,ssp585,14
37.394,-68.75,2058,ssp585,1
39.93,-123.75,2058,ssp585,20
39.93,-118.75,2058,ssp585,124
39.93,-113.75,2058,ssp585,106
39.93,-108.75,2058,ssp585,77
39.93,-103.75,2058,ssp585,78
39.93,-98.75,2058,ssp585,84
39.93,-93.75,2058,ssp585,73
39.93,-88.75,2058,ssp585,78
39.93,-83.75,2058,ssp585,73
39.93,-78.75,2058,ssp585,70
39.93,-73.75,2058,ssp585,88
39.93,-68.75,2058,ssp585,28
42.465,-123.75,2058,ssp585,99
42.465,-118.75,2058,ssp585,129
42.465,-113.75,2058,ssp585,103
42.465,-108.75,2058,ssp585,69
42.465,-103.75,2058,ssp585,84
42.465,-98.75,2058,ssp585,72
42.465,-93.75,2058,ssp585,68
42.465,-88.75,2058,ssp585,78
42.465,-83.75,2058,ssp585,81
42.465,-78.75,2058,ssp585,82
42.465,-73.75,2058,ssp585,69
42.465,-68.75,2058,ssp585,96
45.0,-123.75,2058,ssp585,67
45.0,-118.75,2058,ssp585,146
45.0,-113.75,2058,ssp585,82
45.0,-108.75,2058,ssp585,75
45.0,-103.75,2058,ssp585,71
45.0,-98.75,2058,ssp585,61
45.0,-93.75,2058,ssp585,52
45.0,-88.75,2058,ssp585,70
45.0,-83.75,2058,ssp585,90
45.0,-78.75,2058,ssp585,74
45.0,-73.75,2058,ssp585,50
45.0,-68.75,2058,ssp585,69
47.535,-123.75,2058,ssp585,87
47.535,-118.75,2058,ssp585,118
47.535,-113.75,2058,ssp585,84
47.535,-108.75,2058,ssp585,64
47.535,-103.75,2058,ssp585,57
47.535,-98.75,2058,ssp585,51
47.535,-93.75,2058,ssp585,41
47.535,-88.75,2058,ssp585,92
47.535,-83.75,2058,ssp585,61
47.535,-78.75,2058,ssp585,49
47.535,-73.75,2058,ssp585,40
47.535,-68.75,2058,ssp585,41
24.718,-123.75,2059,ssp585,0
24.718,-118.75,2059,ssp585,0
24.718,-113.75,2059,ssp585,0
24.718,-108.75,2059,ssp585,0
24.718,-103.75,2059,ssp585,43
24.718,-98.75,2059,ssp585,11
24.718,-93.75,2059,ssp585,0
24.718,-88.75,2059,ssp585,0
24.718,-83.75,2059,ssp585,0
24.718,-78.75,2059,ssp585,0
24.718,-73.75,2059,ssp585,0
24.718,-68.75,2059,ssp585,0
27.254,-123.75,2059,ssp585,0
27.254,-118.75,2059,ssp585,0
27.254,-113.75,2059,ssp585,0
27.254,-108.75,2059,ssp585,36
27.254,-103.75,2059,ssp585,51
27.254,-98.75,2059,ssp585,26
27.254,-93.75,2059,ssp585,0
27.254,-88.75,2059,ssp585,0
27.254,-83.75,2059,ssp585,0
27.254,-78.75,2059,ssp585,0
27.254,-73.75,2059,ssp585,0
27.254,-68.75,2059,ssp585,0
29.789,-123.75,2059,ssp585,0
29.789,-118.75,2059,ssp585,0
29.789,-113.75,2059,ssp585,15
29.789,-108.75,2059,ssp585,90
29.789,-103.75,2059,ssp585,62
29.789,-98.75,2059,ssp585,52
29.789,-93.75,2059,ssp585,30
29.789,-88.75,2059,ssp585,11
29.789,-83.75,2059,ssp585,20
29.789,-78.75,2059,ssp585,0
29.789,-73.75,2059,ssp585,0
29.789,-68.75,2059,ssp585,0
32.324,-123.75,2059,ssp585,0
32.324,-118.75,2059,ssp585,0
32.324,-113.75,2059,ssp585,45
32.324,-108.75,2059,ssp585,99
32.324,-103.75,2059,ssp585,71
32.324,-98.75,2059,ssp585,56
32.324,-93.75,2059,ssp585,53
32.324,-88.75,2059,ssp585,49
32.324,-83.75,2059,ssp585,41
32.324,-78.75,2059,ssp585,6
32.324,-73.75,2059,ssp585,0
32.324,-68.75,2059,ssp585,0
34.859,-123.75,2059,ssp585,0
34.859,-118.75,2059,ssp585,45
34.859,-113.75,2059,ssp585,102
34.859,-108.75,2059,ssp585,82
34.859,-103.75,2059,ssp585,80
34.859,-98.75,2059,ssp585,66
34.859,-93.75,2059,ssp585,57
34.859,-88.75,2059,ssp585,54
34.859,-83.75,2059,ssp585,55
34.859,-78.75,2059,ssp585,41
34.859,-73.75,2059,ssp585,3
34.859,-68.75,2059,ssp585,0
37.394,-123.75,2059,ssp585,3
37.394,-118.75,2059,ssp585,125
37.394,-113.75,2059,ssp585,86
37.394,-108.75,2059,ssp585,77
37.394,-103.75,2059,ssp585,81
37.394,-98.75,2059,ssp585,64
37.394,-93.75,2059,ssp585,60
37.394,-88.75,2059,ssp585,73
37.394,-83.75,2059,ssp585,72
37.394,-78.75,2059,ssp585,72
37.394,-73.75,2059,ssp585,38
37.394,-68.75,2059,ssp585,1
39.93,-123.75,2059,ssp585,25
39.93,-118.75,2059,ssp585,117
39.93,-113.75,2059,ssp585,81
39.93,-108.75,2059,ssp585,66
39.93,-103.75,2059,ssp585,70
39.93,-98.75,2059,ssp585,66
39.93,-93.75,2059,ssp585,64
39.93,-88.75,2059,ssp585,72
39.93,-83.75,2059,ssp585,77
39.93,-78.75,2059,ssp585,63
39.93,-73.75,2059,ssp585,74
39.93,-68.75,2059,ssp585,63
42.465,-123.75,2059,ssp585,78
42.465,-118.75,2059,ssp585,111
42.465,-113.75,2059,ssp585,84
42.465,-108.75,2059,ssp585,69
42.465,-103.75,2059,ssp585,68
42.465,-98.75,2059,ssp585,54
42.465,-93.75,2059,ssp585,58
42.465,-88.75,2059,ssp585,66
42.465,-83.75,2059,ssp585,70
42.465,-78.75,2059,ssp585,72
42.465,-73.75,2059,ssp585,72
42.465,-68.75,2059,ssp585,90
45.0,-123.75,2059,ssp585,44
45.0,-118.75,2059,ssp585,112
45.0,-113.75,2059,ssp585,75
45.0,-108.75,2059,ssp585,64
45.0,-103.75,2059,ssp585,65
45.0,-98.75,2059,ssp585,53
45.0,-93.75,2059,ssp585,50
45.0,-88.75,2059,ssp585,59
45.0,-83.75,2059,ssp585,63
45.0,-78.75,2059,ssp585,71
45.0,-73.75,2059,ssp585,68
45.0,-68.75,2059,ssp585,62
47.535,-123.75,2059,ssp585,54
47.535,-118.75,2059,ssp585,93
47.535,-113.75,2059,ssp585,71
47.535,-108.75,2059,ssp585,65
47.535,-103.75,2059,ssp585,60
47.535,-98.75,2059,ssp585,56
47.535,-93.75,2059,ssp585,45
47.535,-88.75,2059,ssp585,67
47.535,-83.75,2059,ssp585,60
47.535,-78.75,2059,ssp585,54
47.535,-73.75,2059,ssp585,53
47.535,-68.75,2059,ssp585,59
24.718,-123.75,2060,ssp585,0
24.718,-118.75,2060,ssp585,0
24.718,-113.75,2060,ssp585,0
24.718,-108.75,2060,ssp585,0
24.718,-103.75,2060,ssp585,71
24.718,-98.75,2060,ssp585,5
24.718,-93.75,2060,ssp585,0
24.718,-88.75,2060,ssp585,0
24.718,-83.75,2060,ssp585,0
24.718,-78.75,2060,ssp585,0
24.718,-73.75,2060,ssp585,0
24.718,-68.75,2060,ssp585,0
27.254,-123.75,2060,ssp585,0
27.254,-118.75,2060,ssp585,0
27.254,-113.75,2060,ssp585,0
27.254,-108.75,2060,ssp585,42
27.254,-103.75,2060,ssp585,63
27.254,-98.75,2060,ssp585,20
27.254,-93.75,2060,ssp585,0
27.254,-88.75,2060,ssp585,0
27.254,-83.75,2060,ssp585,0
27.254,-78.75,2060,ssp585,0
27.254,-73.75,2060,ssp585,0
27.254,-68.75,2060,ssp585,0
29.789,-123.75,2060,ssp585,0
29.789,-118.75,2060,ssp585,0
29.789,-113.75,2060,ssp585,11
29.789,-108.75,2060,ssp585,71
29.789,-103.75,2060,ssp585,74
29.789,-98.75,2060,ssp585,45
29.789,-93.75,2060,ssp585,29
29.789,-88.75,2060,ssp585,8
29.789,-83.75,2060,ssp585,16
29.789,-78.75,2060,ssp585,0
29.789,-73.75,2060,ssp585,0
29.789,-68.75,2060,ssp585,0
32.324,-123.75,2060,ssp585,0
32.324,-118.75,2060,ssp585,0
32.324,-113.75,2060,ssp585,39
32.324,-108.75,2060,ssp585,99
32.324,-103.75,2060,ssp585,79
32.324,-98.75,2060,ssp585,73
32.324,-93.75,2060,ssp585,60
32.324,-88.75,2060,ssp585,65
32.324,-83.75,2060,ssp585,66
32.324,-78.75,2060,ssp585,3
32.324,-73.75,2060,ssp585,0
32.324,-68.75,2060,ssp585,0
34.859,-123.75,2060,ssp585,0
34.859,-118.75,2060,ssp585,57
34.859,-113.75,2060,ssp585,86
34.859,-108.75,2060,ssp585,104
34.859,-103.75,2060,ssp585,80
34.859,-98.75,2060,ssp585,73
34.859,-93.75,2060,ssp585,83
34.859,-88.75,2060,ssp585,89
34.859,-83.75,2060,ssp585,91
34.859,-78.75,2060,ssp585,80
34.859,-73.75,2060,ssp585,3
34.859,-68.75,2060,ssp585,0
37.394,-123.75,2060,ssp585,0
37.394,-118.75,2060,ssp585,129
37.394,-113.75,2060,ssp585,115
37.394,-108.75,2060,ssp585,93
37.394,-103.75,2060,ssp585,85
37.394,-98.75,2060,ssp585,63
37.394,-93.75,2060,ssp585,72
37.394,-88.75,2060,ssp585,83
37.394,-83.75,2060,ssp585,79
37.394,-78.75,2060,ssp585,78
37.394,-73.75,2060,ssp585,19
37.394,-68.75,2060,ssp585,2
39.93,-123.75,2060,ssp585,38
39.93,-118.75,2060,ssp585,120
39.93,-113.75,2060,ssp585,97
39.93,-108.75,2060,ssp585,86
39.93,-103.75,2060,ssp585,85
39.93,-98.75,2060,ssp585,51
39.93,-93.75,2060,ssp585,68
39.93,-88.75,2060,ssp585,68
39.93,-83.75,2060,ssp585,63
39.93,-78.75,2060,ssp585,62
39.93,-73.75,2060,ssp585,107
39.93,-68.75,2060,ssp585,42
42.465,-123.75,2060,ssp585,107
42.465,-118.75,2060,ssp585,118
42.465,-113.75,2060,ssp585,106
42.465,-108.75,2060,ssp585,84
42.465,-103.75,2060,ssp585,76
42.465,-98.75,2060,ssp585,59
42.465,-93.75,2060,ssp585,49
42.465,-88.75,2060,ssp585,62
42.465,-83.75,2060,ssp585,76
42.465,-78.75,2060,ssp585,77
42.465,-73.75,2060,ssp585,48
42.465,-68.75,2060,ssp585,123
45.0,-123.75,2060,ssp585,79
45.0,-118.75,2060,ssp585,126
45.0,-113.75,2060,ssp585,87
45.0,-108.75,2060,ssp585,98
45.0,-103.75,2060,ssp585,74
45.0,-98.75,2060,ssp585,46
45.0,-93.75,2060,ssp585,41
45.0,-88.75,2060,ssp585,46
45.0,-83.75,2060,ssp585,85
45.0,-78.75,2060,ssp585,73
45.0,-73.75,2060,ssp585,45
45.0,-68.75,2060,ssp585,70
47.535,-123.75,2060,ssp585,89
47.535,-118.75,2060,ssp585,105
47.535,-113.75,2060,ssp585,101
47.535,-108.75,2060,ssp585,82
47.535,-103.75,2060,ssp585,63
47.535,-98.75,2060,ssp585,54
47.535,-93.75,2060,ssp585,37
47.535,-88.75,2060,ssp585,67
47.535,-83.75,2060,ssp585,43
47.535,-78.75,2060,ssp585,34
47.535,-73.75,2060,ssp585,42
47.535,-68.75,2060,ssp585,51
24.718,-123.75,2061,ssp585,0
24.718,-118.75,2061,ssp585,0
24.718,-113.75,2061,ssp585,0
24.718,-108.75,2061,ssp585,0
24.718,-103.75,2061,ssp585,16
24.718,-98.75,2061,ssp585,4
24.718,-93.75,2061,ssp585,0
24.718,-88.75,2061,ssp585,0
24.718,-83.75,2061,ssp585,0
24.718,-78.75,2061,ssp585,0
24.718,-73.75,2061,ssp585,0
24.718,-68.75,2061,ssp585,0
27.254,-123.75,2061,ssp585,0
27.254,-118.75,2061,ssp585,0
27.254,-113.75,2061,ssp585,0
27.254,-108.75,2061,ssp585,30
27.254,-103.75,2061,ssp585,34
27.254,-98.75,2061,ssp585,13
27.254,-93.75,2061,ssp585,0
27.254,-88.75,2061,ssp585,0
27.254,-83.75,2061,ssp585,0
27.254,-78.75,2061,ssp585,0
27.254,-73.75,2061,ssp585,0
27.254,-68.75,2061,ssp585,0
29.789,-123.75,2061,ssp585,0
29.789,-118.75,2061,ssp585,0
29.789,-113.75,2061,ssp585,17
29.789,-108.75,2061,ssp585,63
29.789,-103.75,2061,ssp585,56
29.789,-98.75,2061,ssp585,23
29.789,-93.75,2061,ssp585,9
29.789,-88.75,2061,ssp585,4
29.789,-83.75,2061,ssp585,5
29.789,-78.75,2061,ssp585,0
29.789,-73.75,2061,ssp585,0
29.789,-68.75,2061,ssp585,0
32.324,-123.75,2061,ssp585,0
32.324,-118.75,2061,ssp585,0
32.324,-113.75,2061,ssp585,38
32.324,-108.75,2061,ssp585,105
32.324,-103.75,2061,ssp585,79
32.324,-98.75,2061,ssp585,41
32.324,-93.75,2061,ssp585,34
32.324,-88.75,2061,ssp585,35
32.324,-83.75,2061,ssp585,30
32.324,-78.75,2061,ssp585,2
32.324,-73.75,2061,ssp585,0
32.324,-68.75,2061,ssp585,0
34.859,-123.75,2061,ssp585,0
34.859,-118.75,2061,ssp585,58
34.859,-113.75,2061,ssp585,90
34.859,-108.75,2061,ssp585,110
34.859,-103.75,2061,ssp585,87
34.859,-98.75,2061,ssp585,58
34.859,-93.75,2061,ssp585,52
34.859,-88.75,2061,ssp585,60
34.859,-83.75,2061,ssp585,63
34.859,-78.75,2061,ssp585,31
34.859,-73.75,2061,ssp585,1
34.859,-68.75,2061,ssp585,0
37.394,-123.75,2061,ssp585,12
37.394,-118.75,2061,ssp585,128
37.394,-113.75,2061,ssp585,115
37.394,-108.75,2061,ssp585,101
37.394,-103.75,2061,ssp585,107
37.394,-98.75,2061,ssp585,72
37.394,-93.75,2061,ssp585,60
37.394,-88.75,2061,ssp585,70
37.394,-83.75,2061,ssp585,65
37.394,-78.75,2061,ssp585,68
37.394,-73.75,2061,ssp585,18
37.394,-68.75,2061,ssp585,0
39.93,-123.75,2061,ssp585,50
39.93,-118.75,2061,ssp585,131
39.93,-113.75,2061,ssp585,110
39.93,-108.75,2061,ssp585,82
39.93,-103.75,2061,ssp585,103
39.93,-98.75,2061,ssp585,81
39.93,-93.75,2061,ssp585,66
39.93,-88.75,2061,ssp585,70
39.93,-83.75,2061,ssp585,68
39.93,-78.75,2061,ssp585,75
39.93,-73.75,2061,ssp585,69
39.93,-68.75,2061,ssp585,38
42.465,-123.75,2061,ssp585,99
42.465,-118.75,2061,ssp585,132
42.465,-113.75,2061,ssp585,124
42.465,-108.75,2061,ssp585,83
42.465,-103.75,2061,ssp585,101
42.465,-98.75,2061,ssp585,75
42.465,-93.75,2061,ssp585,71
42.465,-88.75,2061,ssp585,79
42.465,-83.75,2061,ssp585,77
42.465,-78.75,2061,ssp585,90
42.465,-73.75,2061,ssp585,76
42.465,-68.75,2061,ssp585,79
45.0,-123.75,2061,ssp585,79
45.0,-118.75,2061,ssp585,131
45.0,-113.75,2061,ssp585,91
45.0,-108.75,2061,ssp585,105
45.0,-103.75,2061,ssp585,95
45.0,-98.75,2061,ssp585,63
45.0,-93.75,2061,ssp585,67
45.0,-88.75,2061,ssp585,84
45.0,-83.75,2061,ssp585,101
45.0,-78.75,2061,ssp585,88
45.0,-73.75,2061,ssp585,71
45.0,-68.75,2061,ssp585,81
47.535,-123.75,2061,ssp585,81
47.535,-118.75,2061,ssp585,111
47.535,-113.75,2061,ssp585,113
47.535,-108.75,2061,ssp585,104
47.535,-103.75,2061,ssp585,81
47.535,-98.75,2061,ssp585,72
47.535,-93.75,2061,ssp585,72
47.535,-88.75,2061,ssp585,91
47.535,-83.75,2061,ssp585,74
47.535,-78.75,2061,ssp585,69
47.535,-73.75,2061,ssp585,74
47.535,-68.75,2061,ssp585,63
24.718,-123.75,2062,ssp585,0
24.718,-118.75,2062,ssp585,0
24.718,-113.75,2062,ssp585,0
24.718,-108.75,2062,ssp585,0
24.718,-103.75,2062,ssp585,33
24.718,-98.75,2062,ssp585,4
24.718,-93.75,2062,ssp585,0
24.718,-88.75,2062,ssp585,0
24.718,-83.75,2062,ssp585,0
24.718,-78.75,2062,ssp585,0
24.718,-73.75,2062,ssp585,0
24.718,-68.75,2062,ssp585,0
27.254,-123.75,2062,ssp585,0
27.254,-118.75,2062,ssp585,0
27.254,-113.75,2062,ssp585,0
27.254,-108.75,2062,ssp585,29
27.254,-103.75,2062,ssp585,40
27.254,-98.75,2062,ssp585,11
27.254,-93.75,2062,ssp585,0
27.254,-88.75,2062,ssp585,0
27.254,-83.75,2062,ssp585,0
27.254,-78.75,2062,ssp585,0
27.254,-73.75,2062,ssp585,0
27.254,-68.75,2062,ssp585,0
29.789,-123.75,2062,ssp585,0
29.789,-118.75,2062,ssp585,0
29.789,-113.75,2062,ssp585,15
29.789,-108.75,2062,ssp585,76
29.789,-103.75,2062,ssp585,47
29.789,-98.75,2062,ssp585,31
29.789,-93.75,2062,ssp585,14
29.789,-88.75,2062,ssp585,4
29.789,-83.75,2062,ssp585,6
29.789,-78.75,2062,ssp585,0
29.789,-73.75,2062,ssp585,0
29.789,-68.75,2062,ssp585,0
32.324,-123.75,2062,ssp585,0
32.324,-118.75,2062,ssp585,0
32.324,-113.75,2062,ssp585,55
32.324,-108.75,2062,ssp585,80
32.324,-103.75,2062,ssp585,60
32.324,-98.75,2062,ssp585,48
32.324,-93.75,2062,ssp585,32
32.324,-88.75,2062,ssp585,33
32.324,-83.75,2062,ssp585,19
32.324,-78.75,2062,ssp585,1
32.324,-73.75,2062,ssp585,0
32.324,-68.75,2062,ssp585,0
34.859,-123.75,2062,ssp585,1
34.859,-118.75,2062,ssp585,64
34.859,-113.75,2062,ssp585,95
34.859,-108.75,2062,ssp585,84
34.859,-103.75,2062,ssp585,65
34.859,-98.75,2062,ssp585,52
34.859,-93.75,2062,ssp585,53
34.859,-88.75,2062,ssp585,50
34.859,-83.75,2062,ssp585,52
34.859,-78.75,2062,ssp585,35
34.859,-73.75,2062,ssp585,0
34.859,-68.75,2062,ssp585,0
37.394,-123.75,2062,ssp585,11
37.394,-118.75,2062,ssp585,93
37.394,-113.75,2062,ssp585,73
37.394,-108.75,2062,ssp585,90
37.394,-103.75,2062,ssp585,76
37.394,-98.75,2062,ssp585,47
37.394,-93.75,2062,ssp585,47
37.394,-88.75,2062,ssp585,49
37.394,-83.75,2062,ssp585,66
37.394,-78.75,2062,ssp585,63
37.394,-73.75,2062,ssp585,15
37.394,-68.75,2062,ssp585,0
39.93,-123.75,2062,ssp585,80
39.93,-118.75,2062,ssp585,82
39.93,-113.75,2062,ssp585,70
39.93,-108.75,2062,ssp585,72
39.93,-103.75,2062,ssp585,84
39.93,-98.75,2062,ssp585,58
39.93,-93.75,2062,ssp585,53
39.93,-88.75,2062,ssp585,74
39.93,-83.75,2062,ssp585,66
39.93,-78.75,2062,ssp585,71
39.93,-73.75,2062,ssp585,77
39.93,-68.75,2062,ssp585,37
42.465,-123.75,2062,ssp585,122
42.465,-118.75,2062,ssp585,75
42.465,-113.75,2062,ssp585,75
42.465,-108.75,2062,ssp585,71
42.465,-103.75,2062,ssp585,77
42.465,-98.75,2062,ssp585,61
42.465,-93.75,2062,ssp585,67
42.465,-88.75,2062,ssp585,71
42.465,-83.75,2062,ssp585,81
42.465,-78.75,2062,ssp585,90
42.465,-73.75,2062,ssp585,77
42.465,-68.75,2062,ssp585,100
45.0,-123.75,2062,ssp585,109
45.0,-118.75,2062,ssp585,74
45.0,-113.75,2062,ssp585,74
45.0,-108.75,2062,ssp585,73
45.0,-103.75,2062,ssp585,75
45.0,-98.75,2062,ssp585,61
45.0,-93.75,2062,ssp585,58
45.0,-88.75,2062,ssp585,77
45.0,-83.75,2062,ssp585,87
45.0,-78.75,2062,ssp585,80
45.0,-73.75,2062,ssp585,54
45.0,-68.75,2062,ssp585,68
47.535,-123.75,2062,ssp585,95
47.535,-118.75,2062,ssp585,76
47.535,-113.75,2062,ssp585,71
47.535,-108.75,2062,ssp585,68
47.535,-103.75,2062,ssp585,68
47.535,-98.75,2062,ssp585,61
47.535,-93.75,2062,ssp585,57
47.535,-88.75,2062,ssp585,78
47.535,-83.75,2062,ssp585,62
47.535,-78.75,2062,ssp585,57
47.535,-73.75,2062,ssp585,49
47.535,-68.75,2062,ssp585,50
24.718,-123.75,2063,ssp585,0
24.718,-118.75,2063,ssp585,0
24.718,-113.75,2063,ssp585,0
24.718,-108.75,2063,ssp585,0
24.718,-103.75,2063,ssp585,32
24.718,-98.75,2063,ssp585,10
24.718,-93.75,2063,ssp585,0
24.718,-88.75,2063,ssp585,0
24.718,-83.75,2063,ssp585,0
24.718,-78.75,2063,ssp585,0
24.718,-73.75,2063,ssp585,0
24.718,-68.75,2063,ssp585,0
27.254,-123.75,2063,ssp585,0
27.254,-118.75,2063,ssp585,0
27.254,-113.75,2063,ssp585,0
27.254,-108.75,2063,ssp585,25
27.254,-103.75,2063,ssp585,44
27.254,-98.75,2063,ssp585,25
27.254,-93.75,2063,ssp585,0
27.254,-88.75,2063,ssp585,0
27.254,-83.75,2063,ssp585,0
27.254,-78.75,2063,ssp585,0
27.254,-73.75,2063,ssp585,0
27.254,-68.75,2063,ssp585,0
29.789,-123.75,2063,ssp585,0
29.789,-118.75,2063,ssp585,0
29.789,-113.75,2063,ssp585,11
29.789,-108.75,2063,ssp585,76
29.789,-103.75,2063,ssp585,57
29.789,-98.75,2063,ssp585,46
29.789,-93.75,2063,ssp585,24
29.789,-88.75,2063,ssp585,8
29.789,-83.75,2063,ssp585,19
29.789,-78.75,2063,ssp585,0
29.789,-73.75,2063,ssp585,0
29.789,-68.75,2063,ssp585,0
32.324,-123.75,2063,ssp585,0
32.324,-118.75,2063,ssp585,0
32.324,-113.75,2063,ssp585,43
32.324,-108.75,2063,ssp585,81
32.324,-103.75,2063,ssp585,59
32.324,-98.75,2063,ssp585,64
32.324,-93.75,2063,ssp585,70
32.324,-88.75,2063,ssp585,67
32.324,-83.75,2063,ssp585,57
32.324,-78.75,2063,ssp585,12
32.324,-73.75,2063,ssp585,0
32.324,-68.75,2063,ssp585,0
34.859,-123.75,2063,ssp585,0
34.859,-118.75,2063,ssp585,43
34.859,-113.75,2063,ssp585,89
34.859,-108.75,2063,ssp585,83
34.859,-103.75,2063,ssp585,73
34.859,-98.75,2063,ssp585,60
34.859,-93.75,2063,ssp585,67
34.859,-88.75,2063,ssp585,77
34.859,-83.75,2063,ssp585,67
34.859,-78.75,2063,ssp585,70
34.859,-73.75,2063,ssp585,7
34.859,-68.75,2063,ssp585,0
37.394,-123.75,2063,ssp585,1
37.394,-118.75,2063,ssp585,113
37.394,-113.75,2063,ssp585,92
37.394,-108.75,2063,ssp585,72
37.394,-103.75,2063,ssp585,67
37.394,-98.75,2063,ssp585,70
37.394,-93.75,2063,ssp585,49
37.394,-88.75,2063,ssp585,49
37.394,-83.75,2063,ssp585,48
37.394,-78.75,2063,ssp585,53
37.394,-73.75,2063,ssp585,39
37.394,-68.75,2063,ssp585,1
39.93,-123.75,2063,ssp585,25
39.93,-118.75,2063,ssp585,98
39.93,-113.75,2063,ssp585,85
39.93,-108.75,2063,ssp585,66
39.93,-103.75,2063,ssp585,63
39.93,-98.75,2063,ssp585,62
39.93,-93.75,2063,ssp585,49
39.93,-88.75,2063,ssp585,47
39.93,-83.75,2063,ssp585,39
39.93,-78.75,2063,ssp585,41
39.93,-73.75,2063,ssp585,85
39.93,-68.75,2063,ssp585,49
42.465,-123.75,2063,ssp585,98
42.465,-118.75,2063,ssp585,108
42.465,-113.75,2063,ssp585,89
42.465,-108.75,2063,ssp585,68
42.465,-103.75,2063,ssp585,59
42.465,-98.75,2063,ssp585,51
42.465,-93.75,2063,ssp585,46
42.465,-88.75,2063,ssp585,50
42.465,-83.75,2063,ssp585,50
42.465,-78.75,2063,ssp585,58
42.465,-73.75,2063,ssp585,53
42.465,-68.75,2063,ssp585,109
45.0,-123.75,2063,ssp585,74
45.0,-118.75,2063,ssp585,115
45.0,-113.75,2063,ssp585,76
45.0,-108.75,2063,ssp585,68
45.0,-103.75,2063,ssp585,53
45.0,-98.75,2063,ssp585,47
45.0,-93.75,2063,ssp585,41
45.0,-88.75,2063,ssp585,53
45.0,-83.75,2063,ssp585,57
45.0,-78.75,2063,ssp585,61
45.0,-73.75,2063,ssp585,53
45.0,-68.75,2063,ssp585,63
47.535,-123.75,2063,ssp585,90
47.535,-118.75,2063,ssp585,109
47.535,-113.75,2063,ssp585,71
47.535,-108.75,2063,ssp585,70
47.535,-103.75,2063,ssp585,60
47.535,-98.75,2063,ssp585,43
47.535,-93.75,2063,ssp585,45
47.535,-88.75,2063,ssp585,65
47.535,-83.75,2063,ssp585,50
47.535,-78.75,2063,ssp585,47
47.535,-73.75,2063,ssp585,49
47.535,-68.75,2063,ssp585,54
24.718,-123.75,2064,ssp585,0
24.718,-118.75,2064,ssp585,0
24.718,-113.75,2064,ssp585,0
24.718,-108.75,2064,ssp585,0
24.718,-103.75,2064,ssp585,43
24.718,-98.75,2064,ssp585,3
24.718,-93.75,2064,ssp585,0
24.718,-88.75,2064,ssp585,0
24.718,-83.75,2064,ssp585,0
24.718,-78.75,2064,ssp585,0
24.718,-73.75,2064,ssp585,0
24.718,-68.75,2064,ssp585,0
27.254,-123.75,2064,ssp585,0
27.254,-118.75,2064,ssp585,0
27.254,-113.75,2064,ssp585,0
27.254,-108.75,2064,ssp585,34
27.254,-103.75,2064,ssp585,66
27.254,-98.75,2064,ssp585,14
27.254,-93.75,2064,ssp585,0
27.254,-88.75,2064,ssp585,0
27.254,-83.75,2064,ssp585,0
27.254,-78.75,2064,ssp585,0
27.254,-73.75,2064,ssp585,0
27.254,-68.75,2064,ssp585,0
29.789,-123.75,2064,ssp585,0
29.789,-118.75,2064,ssp585,0
29.789,-113.75,2064,ssp585,9
29.789,-108.75,2064,ssp585,84
29.789,-103.75,2064,ssp585,81
29.789,-98.75,2064,ssp585,50
29.789,-93.75,2064,ssp585,22
29.789,-88.75,2064,ssp585,9
29.789,-83.75,2064,ssp585,16
29.789,-78.75,2064,ssp585,0
29.789,-73.75,2064,ssp585,0
29.789,-68.75,2064,ssp585,0
32.324,-123.75,2064,ssp585,0
32.324,-118.75,2064,ssp585,1
32.324,-113.75,2064,ssp585,53
32.324,-108.75,2064,ssp585,84
32.324,-103.75,2064,ssp585,78
32.324,-98.75,2064,ssp585,70
32.324,-93.75,2064,ssp585,55
32.324,-88.75,2064,ssp585,47
32.324,-83.75,2064,ssp585,45
32.324,-78.75,2064,ssp585,6
32.324,-73.75,2064,ssp585,0
32.324,-68.75,2064,ssp585,0
34.859,-123.75,2064,ssp585,0
34.859,-118.75,2064,ssp585,49
34.859,-113.75,2064,ssp585,93
34.859,-108.75,2064,ssp585,56
34.859,-103.75,2064,ssp585,62
34.859,-98.75,2064,ssp585,81
34.859,-93.75,2064,ssp585,63
34.859,-88.75,2064,ssp585,66
34.859,-83.75,2064,ssp585,61
34.859,-78.75,2064,ssp585,56
34.859,-73.75,2064,ssp585,4
34.859,-68.75,2064,ssp585,0
37.394,-123.75,2064,ssp585,7
37.394,-118.75,2064,ssp585,104
37.394,-113.75,2064,ssp585,80
37.394,-108.75,2064,ssp585,59
37.394,-103.75,2064,ssp585,56
37.394,-98.75,2064,ssp585,71
37.394,-93.75,2064,ssp585,60
37.394,-88.75,2064,ssp585,64
37.394,-83.75,2064,ssp585,61
37.394,-78.75,2064,ssp585,69
37.394,-73.75,2064,ssp585,33
37.394,-68.75,2064,ssp585,6
39.93,-123.75,2064,ssp585,25
39.93,-118.75,2064,ssp585,79
39.93,-113.75,2064,ssp585,74
39.93,-108.75,2064,ssp585,71
39.93,-103.75,2064,ssp585,65
39.93,-98.75,2064,ssp585,66
39.93,-93.75,2064,ssp585,55
39.93,-88.75,2064,ssp585,66
39.93,-83.75,2064,ssp585,55
39.93,-78.75,2064,ssp585,64
39.93,-73.75,2064,ssp585,91
39.93,-68.75,2064,ssp585,51
42.465,-123.75,2064,ssp585,86
42.465,-118.75,2064,ssp585,84
42.465,-113.75,2064,ssp585,68
42.465,-108.75,2064,ssp585,62
42.465,-103.75,2064,ssp585,60
42.465,-98.75,2064,ssp585,60
42.465,-93.75,2064,ssp585,51
42.465,-88.75,2064,ssp585,67
42.465,-83.75,2064,ssp585,75
42.465,-78.75,2064,ssp585,78
42.465,-73.75,2064,ssp585,60
42.465,-68.75,2064,ssp585,124
45.0,-123.75,2064,ssp585,63
45.0,-118.75,2064,ssp585,109
45.0,-113.75,2064,ssp585,57
45.0,-108.75,2064,ssp585,54
45.0,-103.75,2064,ssp585,66
45.0,-98.75,2064,ssp585,50
45.0,-93.75,2064,ssp585,43
45.0,-88.75,2064,ssp585,66
45.0,-83.75,2064,ssp585,80
45.0,-78.75,2064,ssp585,77
45.0,-73.75,2064,ssp585,60
45.0,-68.75,2064,ssp585,66
47.535,-123.75,2064,ssp585,76
47.535,-118.75,2064,ssp585,97
47.535,-113.75,2064,ssp585,62
47.535,-108.75,2064,ssp585,62
47.535,-103.75,2064,ssp585,56
47.535,-98.75,2064,ssp585,36
47.535,-93.75,2064,ssp585,36
47.535,-88.75,2064,ssp585,63
47.535,-83.75,2064,ssp585,56
47.535,-78.75,2064,ssp585,54
47.535,-73.75,2064,ssp585,47
47.535,-68.75,2064,ssp585,46
24.718,-123.75,2065,ssp585,0
24.718,-118.75,2065,ssp585,0
24.718,-113.75,2065,ssp585,0
24.718,-108.75,2065,ssp585,0
24.718,-103.75,2065,ssp585,30
24.718,-98.75,2065,ssp585,6
24.718,-93.75,2065,ssp585,0
24.718,-88.75,2065,ssp585,0
24.718,-83.75,2065,ssp585,0
24.718,-78.75,2065,ssp585,0
24.718,-73.75,2065,ssp585,0
24.718,-68.75,2065,ssp585,0
27.254,-123.75,2065,ssp585,0
27.254,-118.75,2065,ssp585,0
27.254,-113.75,2065,ssp585,0
27.254,-108.75,2065,ssp585,17
27.254,-103.75,2065,ssp585,31
27.254,-98.75,2065,ssp585,9
27.254,-93.75,2065,ssp585,0
27.254,-88.75,2065,ssp585,0
27.254,-83.75,2065,ssp585,0
27.254,-78.75,2065,ssp585,0
27.254,-73.75,2065,ssp585,0
27.254,-68.75,2065,ssp585,0
29.789,-123.75,2065,ssp585,0
29.789,-118.75,2065,ssp585,0
29.789,-113.75,2065,ssp585,7
29.789,-108.75,2065,ssp585,50
29.789,-103.75,2065,ssp585,45
29.789,-98.75,2065,ssp585,31
29.789,-93.75,2065,ssp585,7
29.789,-88.75,2065,ssp585,2
29.789,-83.75,2065,ssp585,6
29.789,-78.75,2065,ssp585,0
29.789,-73.75,2065,ssp585,0
29.789,-68.75,2065,ssp585,0
32.324,-123.75,2065,ssp585,0
32.324,-118.75,2065,ssp585,1
32.324,-113.75,2065,ssp585,33
32.324,-108.75,2065,ssp585,93
32.324,-103.75,2065,ssp585,71
32.324,-98.75,2065,ssp585,51
32.324,-93.75,2065,ssp585,31
32.324,-88.75,2065,ssp585,29
32.324,-83.75,2065,ssp585,23
32.324,-78.75,2065,ssp585,2
32.324,-73.75,2065,ssp585,0
32.324,-68.75,2065,ssp585,0
34.859,-123.75,2065,ssp585,1
34.859,-118.75,2065,ssp585,49
34.859,-113.75,2065,ssp585,85
34.859,-108.75,2065,ssp585,84
34.859,-103.75,2065,ssp585,77
34.859,-98.75,2065,ssp585,73
34.859,-93.75,2065,ssp585,56
34.859,-88.75,2065,ssp585,54
34.859,-83.75,2065,ssp585,59
34.859,-78.75,2065,ssp585,38
34.859,-73.75,2065,ssp585,0
34.859,-68.75,2065,ssp585,0
37.394,-123.75,2065,ssp585,8
37.394,-118.75,2065,ssp585,114
37.394,-113.75,2065,ssp585,102
37.394,-108.75,2065,ssp585,79
37.394,-103.75,2065,ssp585,80
37.394,-98.75,2065,ssp585,78
37.394,-93.75,2065,ssp585,71
37.394,-88.75,2065,ssp585,70
37.394,-83.75,2065,ssp585,75
37.394,-78.75,2065,ssp585,70
37.394,-73.75,2065,ssp585,18
37.394,-68.75,2065,ssp585,1
39.93,-123.75,2065,ssp585,49
39.93,-118.75,2065,ssp585,124
39.93,-113.75,2065,ssp585,98
39.93,-108.75,2065,ssp585,81
39.93,-103.75,2065,ssp585,93
39.93,-98.75,2065,ssp585,71
39.93,-93.75,2065,ssp585,82
39.93,-88.75,2065,ssp585,78
39.93,-83.75,2065,ssp585,80
39.93,-78.75,2065,ssp585,78
39.93,-73.75,2065,ssp585,85
39.93,-68.75,2065,ssp585,46
42.465,-123.75,2065,ssp585,90
42.465,-118.75,2065,ssp585,118
42.465,-113.75,2065,ssp585,108
42.465,-108.75,2065,ssp585,85
42.465,-103.75,2065,ssp585,87
42.465,-98.75,2065,ssp585,78
42.465,-93.75,2065,ssp585,71
42.465,-88.75,2065,ssp585,87
42.465,-83.75,2065,ssp585,88
42.465,-78.75,2065,ssp585,94
42.465,-73.75,2065,ssp585,65
42.465,-68.75,2065,ssp585,109
45.0,-123.75,2065,ssp585,68
45.0,-118.75,2065,ssp585,105
45.0,-113.75,2065,ssp585,86
45.0,-108.75,2065,ssp585,93
45.0,-103.75,2065,ssp585,76
45.0,-98.75,2065,ssp585,73
45.0,-93.75,2065,ssp585,66
45.0,-88.75,2065,ssp585,70
45.0,-83.75,2065,ssp585,91
45.0,-78.75,2065,ssp585,75
45.0,-73.75,2065,ssp585,58
45.0,-68.75,2065,ssp585,54
47.535,-123.75,2065,ssp585,73
47.535,-118.75,2065,ssp585,98
47.535,-113.75,2065,ssp585,93
47.535,-108.75,2065,ssp585,79
47.535,-103.75,2065,ssp585,76
47.535,-98.75,2065,ssp585,75
47.535,-93.75,2065,ssp585,70
47.535,-88.75,2065,ssp585,81
47.535,-83.75,2065,ssp585,63
47.535,-78.75,2065,ssp585,52
47.535,-73.75,2065,ssp585,46
47.535,-68.75,2065,ssp585,49
24.718,-123.75,2066,ssp585,0
24.718,-118.75,2066,ssp585,0
24.718,-113.75,2066,ssp585,0
24.718,-108.75,2066,ssp585,0
24.718,-103.75,2066,ssp585,34
24.718,-98.75,2066,ssp585,6
24.718,-93.75,2066,ssp585,0
24.718,-88.75,2066,ssp585,0
24.718,-83.75,2066,ssp585,0
24.718,-78.75,2066,ssp585,0
24.718,-73.75,2066,ssp585,0
24.718,-68.75,2066,ssp585,0
27.254,-123.75,2066,ssp585,0
27.254,-118.75,2066,ssp585,0
27.254,-113.75,2066,ssp585,0
27.254,-108.75,2066,ssp585,12
27.254,-103.75,2066,ssp585,31
27.254,-98.75,2066,ssp585,11
27.254,-93.75,2066,ssp585,0
27.254,-88.75,2066,ssp585,0
27.254,-83.75,2066,ssp585,0
27.254,-78.75,2066,ssp585,0
27.254,-73.75,2066,ssp585,0
27.254,-68.75,2066,ssp585,0
29.789,-123.75,2066,ssp585,0
29.789,-118.75,2066,ssp585,0
29.789,-113.75,2066,ssp585,0
29.789,-108.75,2066,ssp585,67
29.789,-103.75,2066,ssp585,66
29.789,-98.75,2066,ssp585,36
29.789,-93.75,2066,ssp585,15
29.789,-88.75,2066,ssp585,5
29.789,-83.75,2066,ssp585,9
29.789,-78.75,2066,ssp585,0
29.789,-73.75,2066,ssp585,0
29.789,-68.75,2066,ssp585,0
32.324,-123.75,2066,ssp585,0
32.324,-118.75,2066,ssp585,0
32.324,-113.75,2066,ssp585,26
32.324,-108.75,2066,ssp585,111
32.324,-103.75,2066,ssp585,88
32.324,-98.75,2066,ssp585,63
32.324,-93.75,2066,ssp585,46
32.324,-88.75,2066,ssp585,45
32.324,-83.75,2066,ssp585,42
32.324,-78.75,2066,ssp585,0
32.324,-73.75,2066,ssp585,0
32.324,-68.75,2066,ssp585,0
34.859,-123.75,2066,ssp585,0
34.859,-118.75,2066,ssp585,23
34.859,-113.75,2066,ssp585,115
34.859,-108.75,2066,ssp585,90
34.859,-103.75,2066,ssp585,79
34.859,-98.75,2066,ssp585,86
34.859,-93.75,2066,ssp585,62
34.859,-88.75,2066,ssp585,60
34.859,-83.75,2066,ssp585,66
34.859,-78.75,2066,ssp585,58
34.859,-73.75,2066,ssp585,0
34.859,-68.75,2066,ssp585,0
37.394,-123.75,2066,ssp585,0
37.394,-118.75,2066,ssp585,138
37.394,-113.75,2066,ssp585,86
37.394,-108.75,2066,ssp585,80
37.394,-103.75,2066,ssp585,58
37.394,-98.75,2066,ssp585,83
37.394,-93.75,2066,ssp585,83
37.394,-88.75,2066,ssp585,79
37.394,-83.75,2066,ssp585,72
37.394,-78.75,2066,ssp585,66
37.394,-73.75,2066,ssp585,16
37.394,-68.75,2066,ssp585,1
39.93,-123.75,2066,ssp585,14
39.93,-118.75,2066,ssp585,103
39.93,-113.75,2066,ssp585,74
39.93,-108.75,2066,ssp585,72
39.93,-103.75,2066,ssp585,58
39.93,-98.75,2066,ssp585,58
39.93,-93.75,2066,ssp585,79
39.93,-88.75,2066,ssp585,89
39.93,-83.75,2066,ssp585,80
39.93,-78.75,2066,ssp585,77
39.93,-73.75,2066,ssp585,84
39.93,-68.75,2066,ssp585,37
42.465,-123.75,2066,ssp585,95
42.465,-118.75,2066,ssp585,100
42.465,-113.75,2066,ssp585,76
42.465,-108.75,2066,ssp585,72
42.465,-103.75,2066,ssp585,60
42.465,-98.75,2066,ssp585,53
42.465,-93.75,2066,ssp585,61
42.465,-88.75,2066,ssp585,93
42.465,-83.75,2066,ssp585,92
42.465,-78.75,2066,ssp585,88
42.465,-73.75,2066,ssp585,67
42.465,-68.75,2066,ssp585,107
45.0,-123.75,2066,ssp585,64
45.0,-118.75,2066,ssp585,120
45.0,-113.75,2066,ssp585,75
45.0,-108.75,2066,ssp585,68
45.0,-103.75,2066,ssp585,57
45.0,-98.75,2066,ssp585,53
45.0,-93.75,2066,ssp585,59
45.0,-88.75,2066,ssp585,66
45.0,-83.75,2066,ssp585,91
45.0,-78.75,2066,ssp585,75
45.0,-73.75,2066,ssp585,50
45.0,-68.75,2066,ssp585,64
47.535,-123.75,2066,ssp585,78
47.535,-118.75,2066,ssp585,117
47.535,-113.75,2066,ssp585,75
47.535,-108.75,2066,ssp585,65
47.535,-103.75,2066,ssp585,53
47.535,-98.75,2066,ssp585,42
47.535,-93.75,2066,ssp585,46
47.535,-88.75,2066,ssp585,82
47.535,-83.75,2066,ssp585,54
47.535,-78.75,2066,ssp585,43
47.535,-73.75,2066,ssp585,44
47.535,-68.75,2066,ssp585,54
24.718,-123.75,2067,ssp585,0
24.718,-118.75,2067,ssp585,0
24.718,-113.75,2067,ssp585,0
24.718,-108.75,2067,ssp585,0
24.718,-103.75,2067,ssp585,19
24.718,-98.75,2067,ssp585,3
24.718,-93.75,2067,ssp585,0
24.718,-88.75,2067,ssp585,0
24.718,-83.75,2067,ssp585,0
24.718,-78.75,2067,ssp585,0
24.718,-73.75,2067,ssp585,0
24.718,-68.75,2067,ssp585,0
27.254,-123.75,2067,ssp585,0
27.254,-118.75,2067,ssp585,0
27.254,-113.75,2067,ssp585,0
27.254,-108.75,2067,ssp585,11
27.254,-103.75,2067,ssp585,19
27.254,-98.75,2067,ssp585,5
27.254,-93.75,2067,ssp585,0
27.254,-88.75,2067,ssp585,0
27.254,-83.75,2067,ssp585,0
27.254,-78.75,2067,ssp585,0
27.254,-73.75,2067,ssp585,0
27.254,-68.75,2067,ssp585,0
29.789,-123.75,2067,ssp585,0
29.789,-118.75,2067,ssp585,0
29.789,-113.75,2067,ssp585,6
29.789,-108.75,2067,ssp585,48
29.789,-103.75,2067,ssp585,34
29.789,-98.75,2067,ssp585,14
29.789,-93.75,2067,ssp585,7
29.789,-88.75,2067,ssp585,3
29.789,-83.75,2067,ssp585,8
29.789,-78.75,2067,ssp585,0
29.789,-73.75,2067,ssp585,0
29.789,-68.75,2067,ssp585,0
32.324,-123.75,2067,ssp585,0
32.324,-118.75,2067,ssp585,0
32.324,-113.75,2067,ssp585,9
32.324,-108.75,2067,ssp585,99
32.324,-103.75,2067,ssp585,80
32.324,-98.75,2067,ssp585,38
32.324,-93.75,2067,ssp585,28
32.324,-88.75,2067,ssp585,35
32.324,-83.75,2067,ssp585,33
32.324,-78.75,2067,ssp585,0
32.324,-73.75,2067,ssp585,0
32.324,-68.75,2067,ssp585,0
34.859,-123.75,2067,ssp585,0
34.859,-118.75,2067,ssp585,20
34.859,-113.75,2067,ssp585,94
34.859,-108.75,2067,ssp585,102
34.859,-103.75,2067,ssp585,109
34.859,-98.75,2067,ssp585,76
34.859,-93.75,2067,ssp585,62
34.859,-88.75,2067,ssp585,60
34.859,-83.75,2067,ssp585,76
34.859,-78.75,2067,ssp585,42
34.859,-73.75,2067,ssp585,0
34.859,-68.75,2067,ssp585,0
37.394,-123.75,2067,ssp585,0
37.394,-118.75,2067,ssp585,129
37.394,-113.75,2067,ssp585,99
37.394,-108.75,2067,ssp585,75
37.394,-103.75,2067,ssp585,75
37.394,-98.75,2067,ssp585,89
37.394,-93.75,2067,ssp585,90
37.394,-88.75,2067,ssp585,90
37.394,-83.75,2067,ssp585,85
37.394,-78.75,2067,ssp585,88
37.394,-73.75,2067,ssp585,14
37.394,-68.75,2067,ssp585,0
39.93,-123.75,2067,ssp585,21
39.93,-118.75,2067,ssp585,99
39.93,-113.75,2067,ssp585,80
39.93,-108.75,2067,ssp585,79
39.93,-103.75,2067,ssp585,65
39.93,-98.75,2067,ssp585,80
39.93,-93.75,2067,ssp585,85
39.93,-88.75,2067,ssp585,89
39.93,-83.75,2067,ssp585,90
39.93,-78.75,2067,ssp585,85
39.93,-73.75,2067,ssp585,89
39.93,-68.75,2067,ssp585,33
42.465,-123.75,2067,ssp585,67
42.465,-118.75,2067,ssp585,101
42.465,-113.75,2067,ssp585,83
42.465,-108.75,2067,ssp585,66
42.465,-103.75,2067,ssp585,75
42.465,-98.75,2067,ssp585,69
42.465,-93.75,2067,ssp585,65
42.465,-88.75,2067,ssp585,86
42.465,-83.75,2067,ssp585,96
42.465,-78.75,2067,ssp585,89
42.465,-73.75,2067,ssp585,67
42.465,-68.75,2067,ssp585,100
45.0,-123.75,2067,ssp585,45
45.0,-118.75,2067,ssp585,118
45.0,-113.75,2067,ssp585,76
45.0,-108.75,2067,ssp585,81
45.0,-103.75,2067,ssp585,73
45.0,-98.75,2067,ssp585,71
45.0,-93.75,2067,ssp585,46
45.0,-88.75,2067,ssp585,75
45.0,-83.75,2067,ssp585,94
45.0,-78.75,2067,ssp585,77
45.0,-73.75,2067,ssp585,59
45.0,-68.75,2067,ssp585,83
47.535,-123.75,2067,ssp585,66
47.535,-118.75,2067,ssp585,107
47.535,-113.75,2067,ssp585,82
47.535,-108.75,2067,ssp585,81
47.535,-103.75,2067,ssp585,67
47.535,-98.75,2067,ssp585,56
47.535,-93.75,2067,ssp585,46
47.535,-88.75,2067,ssp585,90
47.535,-83.75,2067,ssp585,56
47.535,-78.75,2067,ssp585,46
47.535,-73.75,2067,ssp585,48
47.535,-68.75,2067,ssp585,47
24.718,-123.75,2068,ssp585,0
24.718,-118.75,2068,ssp585,0
24.718,-113.75,2068,ssp585,0
24.718,-108.75,2068,ssp585,0
24.718,-103.75,2068,ssp585,31
24.718,-98.75,2068,ssp585,5
24.718,-93.75,2068,ssp585,0
24.718,-88.75,2068,ssp585,0
24.718,-83.75,2068,ssp585,0
24.718,-78.75,2068,ssp585,0
24.718,-73.75,2068,ssp585,0
24.718,-68.75,2068,ssp585,0
27.254,-123.75,2068,ssp585,0
27.254,-118.75,2068,ssp585,0
27.254,-113.75,2068,ssp585,0
27.254,-108.75,2068,ssp585,24
27.254,-103.75,2068,ssp585,42
27.254,-98.75,2068,ssp585,21
27.254,-93.75,2068,ssp585,0
27.254,-88.75,2068,ssp585,0
27.254,-83.75,2068,ssp585,0
27.254,-78.75,2068,ssp585,0
27.254,-73.75,2068,ssp585,0
27.254,-68.75,2068,ssp585,0
29.789,-123.75,2068,ssp585,0
29.789,-118.75,2068,ssp585,0
29.789,-113.75,2068,ssp585,17
29.789,-108.75,2068,ssp585,59
29.789,-103.75,2068,ssp585,61
29.789,-98.75,2068,ssp585,48
29.789,-93.75,2068,ssp585,37
29.789,-88.75,2068,ssp585,11
29.789,-83.75,2068,ssp585,18
29.789,-78.75,2068,ssp585,0
29.789,-73.75,2068,ssp585,0
29.789,-68.75,2068,ssp585,0
32.324,-123.75,2068,ssp585,0
32.324,-118.75,2068,ssp585,3
32.324,-113.75,2068,ssp585,30
32.324,-108.75,2068,ssp585,87
32.324,-103.75,2068,ssp585,62
32.324,-98.75,2068,ssp585,49
32.324,-93.75,2068,ssp585,60
32.324,-88.75,2068,ssp585,62
32.324,-83.75,2068,ssp585,57
32.324,-78.75,2068,ssp585,7
32.324,-73.75,2068,ssp585,0
32.324,-68.75,2068,ssp585,0
34.859,-123.75,2068,ssp585,0
34.859,-118.75,2068,ssp585,21
34.859,-113.75,2068,ssp585,89
34.859,-108.75,2068,ssp585,73
34.859,-103.75,2068,ssp585,69
34.859,-98.75,2068,ssp585,52
34.859,-93.75,2068,ssp585,49
34.859,-88.75,2068,ssp585,45
34.859,-83.75,2068,ssp585,64
34.859,-78.75,2068,ssp585,69
34.859,-73.75,2068,ssp585,3
34.859,-68.75,2068,ssp585,0
37.394,-123.75,2068,ssp585,9
37.394,-118.75,2068,ssp585,131
37.394,-113.75,2068,ssp585,89
37.394,-108.75,2068,ssp585,85
37.394,-103.75,2068,ssp585,78
37.394,-98.75,2068,ssp585,69
37.394,-93.75,2068,ssp585,52
37.394,-88.75,2068,ssp585,56
37.394,-83.75,2068,ssp585,60
37.394,-78.75,2068,ssp585,61
37.394,-73.75,2068,ssp585,27
37.394,-68.75,2068,ssp585,0
39.93,-123.75,2068,ssp585,21
39.93,-118.75,2068,ssp585,100
39.93,-113.75,2068,ssp585,81
39.93,-108.75,2068,ssp585,80
39.93,-103.75,2068,ssp585,73
39.93,-98.75,2068,ssp585,72
39.93,-93.75,2068,ssp585,59
39.93,-88.75,2068,ssp585,61
39.93,-83.75,2068,ssp585,66
39.93,-78.75,2068,ssp585,66
39.93,-73.75,2068,ssp585,88
39.93,-68.75,2068,ssp585,36
42.465,-123.75,2068,ssp585,72
42.465,-118.75,2068,ssp585,109
42.465,-113.75,2068,ssp585,81
42.465,-108.75,2068,ssp585,75
42.465,-103.75,2068,ssp585,64
42.465,-98.75,2068,ssp585,66
42.465,-93.75,2068,ssp585,48
42.465,-88.75,2068,ssp585,66
42.465,-83.75,2068,ssp585,53
42.465,-78.75,2068,ssp585,68
42.465,-73.75,2068,ssp585,65
42.465,-68.75,2068,ssp585,101
45.0,-123.75,2068,ssp585,56
45.0,-118.75,2068,ssp585,116
45.0,-113.75,2068,ssp585,78
45.0,-108.75,2068,ssp585,72
45.0,-103.75,2068,ssp585,51
45.0,-98.75,2068,ssp585,56
45.0,-93.75,2068,ssp585,48
45.0,-88.75,2068,ssp585,53
45.0,-83.75,2068,ssp585,64
45.0,-78.75,2068,ssp585,57
45.0,-73.75,2068,ssp585,47
45.0,-68.75,2068,ssp585,69
47.535,-123.75,2068,ssp585,75
47.535,-118.75,2068,ssp585,91
47.535,-113.75,2068,ssp585,86
47.535,-108.75,2068,ssp585,65
47.535,-103.75,2068,ssp585,46
47.535,-98.75,2068,ssp585,45
47.535,-93.75,2068,ssp585,40
47.535,-88.75,2068,ssp585,58
47.535,-83.75,2068,ssp585,36
47.535,-78.75,2068,ssp585,37
47.535,-73.75,2068,ssp585,40
47.535,-68.75,2068,ssp585,40
24.718,-123.75,2069,ssp585,0
24.718,-118.75,2069,ssp585,0
24.718,-113.75,2069,ssp585,0
24.718,-108.75,2069,ssp585,0
24.718,-103.75,2069,ssp585,31
24.718,-98.75,2069,ssp585,6
24.718,-93.75,2069,ssp585,0
24.718,-88.75,2069,ssp585,0
24.718,-83.75,2069,ssp585,0
24.718,-78.75,2069,ssp585,0
24.718,-73.75,2069,ssp585,0
24.718,-68.75,2069,ssp585,0
27.254,-123.75,2069,ssp585,0
27.254,-118.75,2069,ssp585,0
27.254,-113.75,2069,ssp585,0
27.254,-108.75,2069,ssp585,12
27.254,-103.75,2069,ssp585,35
27.254,-98.75,2069,ssp585,15
27.254,-93.75,2069,ssp585,0
27.254,-88.75,2069,ssp585,0
27.254,-83.75,2069,ssp585,0
27.254,-78.75,2069,ssp585,0
27.254,-73.75,2069,ssp585,0
27.254,-68.75,2069,ssp585,0
29.789,-123.75,2069,ssp585,0
29.789,-118.75,2069,ssp585,0
29.789,-113.75,2069,ssp585,2
29.789,-108.75,2069,ssp585,38
29.789,-103.75,2069,ssp585,39
29.789,-98.75,2069,ssp585,27
29.789,-93.75,2069,ssp585,11
29.789,-88.75,2069,ssp585,9
29.789,-83.75,2069,ssp585,9
29.789,-78.75,2069,ssp585,0
29.789,-73.75,2069,ssp585,0
29.789,-68.75,2069,ssp585,0
32.324,-123.75,2069,ssp585,0
32.324,-118.75,2069,ssp585,0
32.324,-113.75,2069,ssp585,12
32.324,-108.75,2069,ssp585,100
32.324,-103.75,2069,ssp585,62
32.324,-98.75,2069,ssp585,43
32.324,-93.75,2069,ssp585,35
32.324,-88.75,2069,ssp585,35
32.324,-83.75,2069,ssp585,30
32.324,-78.75,2069,ssp585,6
32.324,-73.75,2069,ssp585,0
32.324,-68.75,2069,ssp585,0
34.859,-123.75,2069,ssp585,0
34.859,-118.75,2069,ssp585,20
34.859,-113.75,2069,ssp585,81
34.859,-108.75,2069,ssp585,124
34.859,-103.75,2069,ssp585,111
34.859,-98.75,2069,ssp585,66
34.859,-93.75,2069,ssp585,52
34.859,-88.75,2069,ssp585,54
34.859,-83.75,2069,ssp585,58
34.859,-78.75,2069,ssp585,44
34.859,-73.75,2069,ssp585,2
34.859,-68.75,2069,ssp585,0
37.394,-123.75,2069,ssp585,6
37.394,-118.75,2069,ssp585,135
37.394,-113.75,2069,ssp585,129
37.394,-108.75,2069,ssp585,91
37.394,-103.75,2069,ssp585,98
37.394,-98.75,2069,ssp585,78
37.394,-93.75,2069,ssp585,60
37.394,-88.75,2069,ssp585,62
37.394,-83.75,2069,ssp585,53
37.394,-78.75,2069,ssp585,61
37.394,-73.75,2069,ssp585,17
37.394,-68.75,2069,ssp585,0
39.93,-123.75,2069,ssp585,19
39.93,-118.75,2069,ssp585,135
39.93,-113.75,2069,ssp585,111
39.93,-108.75,2069,ssp585,71
39.93,-103.75,2069,ssp585,78
39.93,-98.75,2069,ssp585,75
39.93,-93.75,2069,ssp585,71
39.93,-88.75,2069,ssp585,62
39.93,-83.75,2069,ssp585,68
39.93,-78.75,2069,ssp585,64
39.93,-73.75,2069,ssp585,79
39.93,-68.75,2069,ssp585,34
42.465,-123.75,2069,ssp585,63
42.465,-118.75,2069,ssp585,132
42.465,-113.75,2069,ssp585,100
42.465,-108.75,2069,ssp585,80
42.465,-103.75,2069,ssp585,69
42.465,-98.75,2069,ssp585,67
42.465,-93.75,2069,ssp585,61
42.465,-88.75,2069,ssp585,84
42.465,-83.75,2069,ssp585,77
42.465,-78.75,2069,ssp585,79
42.465,-73.75,2069,ssp585,59
42.465,-68.75,2069,ssp585,99
45.0,-123.75,2069,ssp585,36
45.0,-118.75,2069,ssp585,129
45.0,-113.75,2069,ssp585,93
45.0,-108.75,2069,ssp585,83
45.0,-103.75,2069,ssp585,70
45.0,-98.75,2069,ssp585,60
45.0,-93.75,2069,ssp585,58
45.0,-88.75,2069,ssp585,85
45.0,-83.75,2069,ssp585,91
45.0,-78.75,2069,ssp585,67
45.0,-73.75,2069,ssp585,51
45.0,-68.75,2069,ssp585,61
47.535,-123.75,2069,ssp585,62
47.535,-118.75,2069,ssp585,111
47.535,-113.75,2069,ssp585,85
47.535,-108.75,2069,ssp585,72
47.535,-103.75,2069,ssp585,64
47.535,-98.75,2069,ssp585,60
47.535,-93.75,2069,ssp585,55
47.535,-88.75,2069,ssp585,83
47.535,-83.75,2069,ssp585,61
47.535,-78.75,2069,ssp585,67
47.535,-73.75,2069,ssp585,55
47.535,-68.75,2069,ssp585,57
24.718,-123.75,2070,ssp585,0
24.718,-118.75,2070,ssp585,0
24.718,-113.75,2070,ssp585,0
24.718,-108.75,2070,ssp585,0
24.718,-103.75,2070,ssp585,19
24.718,-98.75,2070,ssp585,0
24.718,-93.75,2070,ssp585,0
24.718,-88.75,2070,ssp585,0
24.718,-83.75,2070,ssp585,0
24.718,-78.75,2070,ssp585,0
24.718,-73.75,2070,ssp585,0
24.718,-68.75,2070,ssp585,0
27.254,-123.75,2070,ssp585,0
27.254,-118.75,2070,ssp585,0
27.254,-113.75,2070,ssp585,0
27.254,-108.75,2070,ssp585,4
27.254,-103.75,2070,ssp585,28
27.254,-98.75,2070,ssp585,10
27.254,-93.75,2070,ssp585,0
27.254,-88.75,2070,ssp585,0
27.254,-83.75,2070,ssp585,0
27.254,-78.75,2070,ssp585,0
27.254,-73.75,2070,ssp585,0
27.254,-68.75,2070,ssp585,0
29.789,-123.75,2070,ssp585,0
29.789,-118.75,2070,ssp585,0
29.789,-113.75,2070,ssp585,1
29.789,-108.75,2070,ssp585,49
29.789,-103.75,2070,ssp585,43
29.789,-98.75,2070,ssp585,24
29.789,-93.75,2070,ssp585,18
29.789,-88.75,2070,ssp585,11
29.789,-83.75,2070,ssp585,16
29.789,-78.75,2070,ssp585,0
29.789,-73.75,2070,ssp585,0
29.789,-68.75,2070,ssp585,0
32.324,-123.75,2070,ssp585,0
32.324,-118.75,2070,ssp585,0
32.324,-113.75,2070,ssp585,16
32.324,-108.75,2070,ssp585,99
32.324,-103.75,2070,ssp585,75
32.324,-98.75,2070,ssp585,52
32.324,-93.75,2070,ssp585,50
32.324,-88.75,2070,ssp585,42
32.324,-83.75,2070,ssp585,43
32.324,-78.75,2070,ssp585,9
32.324,-73.75,2070,ssp585,1
32.324,-68.75,2070,ssp585,0
34.859,-123.75,2070,ssp585,0
34.859,-118.75,2070,ssp585,16
34.859,-113.75,2070,ssp585,83
34.859,-108.75,2070,ssp585,108
34.859,-103.75,2070,ssp585,98
34.859,-98.75,2070,ssp585,69
34.859,-93.75,2070,ssp585,64
34.859,-88.75,2070,ssp585,54
34.859,-83.75,2070,ssp585,57
34.859,-78.75,2070,ssp585,46
34.859,-73.75,2070,ssp585,7
34.859,-68.75,2070,ssp585,0
37.394,-123.75,2070,ssp585,0
37.394,-118.75,2070,ssp585,116
37.394,-113.75,2070,ssp585,114
37.394,-108.75,2070,ssp585,105
37.394,-103.75,2070,ssp585,91
37.394,-98.75,2070,ssp585,64
37.394,-93.75,2070,ssp585,52
37.394,-88.75,2070,ssp585,43
37.394,-83.75,2070,ssp585,53
37.394,-78.75,2070,ssp585,53
37.394,-73.75,2070,ssp585,23
37.394,-68.75,2070,ssp585,1
39.93,-123.75,2070,ssp585,16
39.93,-118.75,2070,ssp585,117
39.93,-113.75,2070,ssp585,117
39.93,-108.75,2070,ssp585,96
39.93,-103.75,2070,ssp585,89
39.93,-98.75,2070,ssp585,62
39.93,-93.75,2070,ssp585,48
39.93,-88.75,2070,ssp585,39
39.93,-83.75,2070,ssp585,49
39.93,-78.75,2070,ssp585,52
39.93,-73.75,2070,ssp585,72
39.93,-68.75,2070,ssp585,31
42.465,-123.75,2070,ssp585,72
42.465,-118.75,2070,ssp585,122
42.465,-113.75,2070,ssp585,115
42.465,-108.75,2070,ssp585,90
42.465,-103.75,2070,ssp585,86
42.465,-98.75,2070,ssp585,52
42.465,-93.75,2070,ssp585,52
42.465,-88.75,2070,ssp585,55
42.465,-83.75,2070,ssp585,57
42.465,-78.75,2070,ssp585,58
42.465,-73.75,2070,ssp585,54
42.465,-68.75,2070,ssp585,81
45.0,-123.75,2070,ssp585,45
45.0,-118.75,2070,ssp585,115
45.0,-113.75,2070,ssp585,89
45.0,-108.75,2070,ssp585,86
45.0,-103.75,2070,ssp585,77
45.0,-98.75,2070,ssp585,51
45.0,-93.75,2070,ssp585,49
45.0,-88.75,2070,ssp585,62
45.0,-83.75,2070,ssp585,59
45.0,-78.75,2070,ssp585,57
45.0,-73.75,2070,ssp585,53
45.0,-68.75,2070,ssp585,54
47.535,-123.75,2070,ssp585,56
47.535,-118.75,2070,ssp585,112
47.535,-113.75,2070,ssp585,92
47.535,-108.75,2070,ssp585,85
47.535,-103.75,2070,ssp585,64
47.535,-98.75,2070,ssp585,46
47.535,-93.75,2070,ssp585,48
47.535,-88.75,2070,ssp585,66
47.535,-83.75,2070,ssp585,61
47.535,-78.75,2070,ssp585,56
47.535,-73.75,2070,ssp585,56
47.535,-68.75,2070,ssp585,49
24.718,-123.75,2071,ssp585,0
24.718,-118.75,2071,ssp585,0
24.718,-113.75,2071,ssp585,0
24.718,-108.75,2071,ssp585,0
24.718,-103.75,2071,ssp585,33
24.718,-98.75,2071,ssp585,1
24.718,-93.75,2071,ssp585,0
24.718,-88.75,2071,ssp585,0
24.718,-83.75,2071,ssp585,0
24.718,-78.75,2071,ssp585,0
24.718,-73.75,2071,ssp585,0
24.718,-68.75,2071,ssp585,0
27.254,-123.75,2071,ssp585,0
27.254,-118.75,2071,ssp585,0
27.254,-113.75,2071,ssp585,0
27.254,-108.75,2071,ssp585,4
27.254,-103.75,2071,ssp585,39
27.254,-98.75,2071,ssp585,9
27.254,-93.75,2071,ssp585,0
27.254,-88.75,2071,ssp585,0
27.254,-83.75,2071,ssp585,0
27.254,-78.75,2071,ssp585,0
27.254,-73.75,2071,ssp585,0
27.254,-68.75,2071,ssp585,0
29.789,-123.75,2071,ssp585,0
29.789,-118.75,2071,ssp585,0
29.789,-113.75,2071,ssp585,0
29.789,-108.75,2071,ssp585,59
29.789,-103.75,2071,ssp585,54
29.789,-98.75,2071,ssp585,34
29.789,-93.75,2071,ssp585,11
29.789,-88.75,2071,ssp585,6
29.789,-83.75,2071,ssp585,12
29.789,-78.75,2071,ssp585,0
29.789,-73.75,2071,ssp585,0
29.789,-68.75,2071,ssp585,0
32.324,-123.75,2071,ssp585,0
32.324,-118.75,2071,ssp585,0
32.324,-113.75,2071,ssp585,20
32.324,-108.75,2071,ssp585,82
32.324,-103.75,2071,ssp585,69
32.324,-98.75,2071,ssp585,58
32.324,-93.75,2071,ssp585,45
32.324,-88.75,2071,ssp585,49
32.324,-83.75,2071,ssp585,47
32.324,-78.75,2071,ssp585,5
32.324,-73.75,2071,ssp585,0
32.324,-68.75,2071,ssp585,0
34.859,-123.75,2071,ssp585,0
34.859,-118.75,2071,ssp585,15
34.859,-113.75,2071,ssp585,98
34.859,-108.75,2071,ssp585,104
34.859,-103.75,2071,ssp585,88
34.859,-98.75,2071,ssp585,77
34.859,-93.75,2071,ssp585,75
34.859,-88.75,2071,ssp585,76
34.859,-83.75,2071,ssp585,57
34.859,-78.75,2071,ssp585,55
34.859,-73.75,2071,ssp585,3
34.859,-68.75,2071,ssp585,0
37.394,-123.75,2071,ssp585,0
37.394,-118.75,2071,ssp585,137
37.394,-113.75,2071,ssp585,104
37.394,-108.75,2071,ssp585,76
37.394,-103.75,2071,ssp585,85
37.394,-98.75,2071,ssp585,80
37.394,-93.75,2071,ssp585,79
37.394,-88.75,2071,ssp585,77
37.394,-83.75,2071,ssp585,60
37.394,-78.75,2071,ssp585,56
37.394,-73.75,2071,ssp585,26
37.394,-68.75,2071,ssp585,2
39.93,-123.75,2071,ssp585,12
39.93,-118.75,2071,ssp585,121
39.93,-113.75,2071,ssp585,99
39.93,-108.75,2071,ssp585,66
39.93,-103.75,2071,ssp585,63
39.93,-98.75,2071,ssp585,75
39.93,-93.75,2071,ssp585,73
39.93,-88.75,2071,ssp585,66
39.93,-83.75,2071,ssp585,66
39.93,-78.75,2071,ssp585,60
39.93,-73.75,2071,ssp585,80
39.93,-68.75,2071,ssp585,27
42.465,-123.75,2071,ssp585,77
42.465,-118.75,2071,ssp585,127
42.465,-113.75,2071,ssp585,91
42.465,-108.75,2071,ssp585,61
42.465,-103.75,2071,ssp585,64
42.465,-98.75,2071,ssp585,72
42.465,-93.75,2071,ssp585,60
42.465,-88.75,2071,ssp585,69
42.465,-83.75,2071,ssp585,66
42.465,-78.75,2071,ssp585,71
42.465,-73.75,2071,ssp585,61
42.465,-68.75,2071,ssp585,85
45.0,-123.75,2071,ssp585,61
45.0,-118.75,2071,ssp585,127
45.0,-113.75,2071,ssp585,72
45.0,-108.75,2071,ssp585,60
45.0,-103.75,2071,ssp585,70
45.0,-98.75,2071,ssp585,55
45.0,-93.75,2071,ssp585,47
45.0,-88.75,2071,ssp585,64
45.0,-83.75,2071,ssp585,72
45.0,-78.75,2071,ssp585,62
45.0,-73.75,2071,ssp585,47
45.0,-68.75,2071,ssp585,53
47.535,-123.75,2071,ssp585,76
47.535,-118.75,2071,ssp585,104
47.535,-113.75,2071,ssp585,79
47.535,-108.75,2071,ssp585,71
47.535,-103.75,2071,ssp585,48
47.535,-98.75,2071,ssp585,45
47.535,-93.75,2071,ssp585,36
47.535,-88.75,2071,ssp585,55
47.535,-83.75,2071,ssp585,52
47.535,-78.75,2071,ssp585,44
47.535,-73.75,2071,ssp585,46
47.535,-68.75,2071,ssp585,59
24.718,-123.75,2072,ssp585,0
24.718,-118.75,2072,ssp585,0
24.718,-113.75,2072,ssp585,0
24.718,-108.75,2072,ssp585,0
24.718,-103.75,2072,ssp585,26
24.718,-98.75,2072,ssp585,5
24.718,-93.75,2072,ssp585,0
24.718,-88.75,2072,ssp585,0
24.718,-83.75,2072,ssp585,0
24.718,-78.75,2072,ssp585,0
24.718,-73.75,2072,ssp585,0
24.718,-68.75,2072,ssp585,0
27.254,-123.75,2072,ssp585,0
27.254,-118.75,2072,ssp585,0
27.254,-113.75,2072,ssp585,0
27.254,-108.75,2072,ssp585,13
27.254,-103.75,2072,ssp585,40
27.254,-98.75,2072,ssp585,10
27.254,-93.75,2072,ssp585,0
27.254,-88.75,2072,ssp585,0
27.254,-83.75,2072,ssp585,0
27.254,-78.75,2072,ssp585,0
27.254,-73.75,2072,ssp585,0
27.254,-68.75,2072,ssp585,0
29.789,-123.75,2072,ssp585,0
29.789,-118.75,2072,ssp585,0
29.789,-113.75,2072,ssp585,4
29.789,-108.75,2072,ssp585,62
29.789,-103.75,2072,ssp585,57
29.789,-98.75,2072,ssp585,39
29.789,-93.75,2072,ssp585,13
29.789,-88.75,2072,ssp585,5
29.789,-83.75,2072,ssp585,5
29.789,-78.75,2072,ssp585,0
29.789,-73.75,2072,ssp585,0
29.789,-68.75,2072,ssp585,0
32.324,-123.75,2072,ssp585,0
32.324,-118.75,2072,ssp585,0
32.324,-113.75,2072,ssp585,32
32.324,-108.75,2072,ssp585,106
32.324,-103.75,2072,ssp585,85
32.324,-98.75,2072,ssp585,63
32.324,-93.75,2072,ssp585,49
32.324,-88.75,2072,ssp585,34
32.324,-83.75,2072,ssp585,32
32.324,-78.75,2072,ssp585,3
32.324,-73.75,2072,ssp585,0
32.324,-68.75,2072,ssp585,0
34.859,-123.75,2072,ssp585,0
34.859,-118.75,2072,ssp585,41
34.859,-113.75,2072,ssp585,93
34.859,-108.75,2072,ssp585,87
34.859,-103.75,2072,ssp585,90
34.859,-98.75,2072,ssp585,83
34.859,-93.75,2072,ssp585,76
34.859,-88.75,2072,ssp585,68
34.859,-83.75,2072,ssp585,60
34.859,-78.75,2072,ssp585,41
34.859,-73.75,2072,ssp585,2
34.859,-68.75,2072,ssp585,0
37.394,-123.75,2072,ssp585,0
37.394,-118.75,2072,ssp585,105
37.394,-113.75,2072,ssp585,78
37.394,-108.75,2072,ssp585,68
37.394,-103.75,2072,ssp585,81
37.394,-98.75,2072,ssp585,81
37.394,-93.75,2072,ssp585,78
37.394,-88.75,2072,ssp585,85
37.394,-83.75,2072,ssp585,81
37.394,-78.75,2072,ssp585,78
37.394,-73.75,2072,ssp585,15
37.394,-68.75,2072,ssp585,2
39.93,-123.75,2072,ssp585,31
39.93,-118.75,2072,ssp585,91
39.93,-113.75,2072,ssp585,75
39.93,-108.75,2072,ssp585,71
39.93,-103.75,2072,ssp585,71
39.93,-98.75,2072,ssp585,81
39.93,-93.75,2072,ssp585,81
39.93,-88.75,2072,ssp585,88
39.93,-83.75,2072,ssp585,79
39.93,-78.75,2072,ssp585,77
39.93,-73.75,2072,ssp585,62
39.93,-68.75,2072,ssp585,34
42.465,-123.75,2072,ssp585,77
42.465,-118.75,2072,ssp585,95
42.465,-113.75,2072,ssp585,85
42.465,-108.75,2072,ssp585,82
42.465,-103.75,2072,ssp585,70
42.465,-98.75,2072,ssp585,74
42.465,-93.75,2072,ssp585,69
42.465,-88.75,2072,ssp585,83
42.465,-83.75,2072,ssp585,87
42.465,-78.75,2072,ssp585,93
42.465,-73.75,2072,ssp585,77
42.465,-68.75,2072,ssp585,66
45.0,-123.75,2072,ssp585,59
45.0,-118.75,2072,ssp585,100
45.0,-113.75,2072,ssp585,96
45.0,-108.75,2072,ssp585,86
45.0,-103.75,2072,ssp585,71
45.0,-98.75,2072,ssp585,64
45.0,-93.75,2072,ssp585,60
45.0,-88.75,2072,ssp585,68
45.0,-83.75,2072,ssp585,94
45.0,-78.75,2072,ssp585,87
45.0,-73.75,2072,ssp585,70
45.0,-68.75,2072,ssp585,79
47.535,-123.75,2072,ssp585,71
47.535,-118.75,2072,ssp585,96
47.535,-113.75,2072,ssp585,102
47.535,-108.75,2072,ssp585,87
47.535,-103.75,2072,ssp585,73
47.535,-98.75,2072,ssp585,71
47.535,-93.75,2072,ssp585,57
47.535,-88.75,2072,ssp585,81
47.535,-83.75,2072,ssp585,62
47.535,-78.75,2072,ssp585,59
47.535,-73.75,2072,ssp585,55
47.535,-68.75,2072,ssp585,57
24.718,-123.75,2073,ssp585,0
24.718,-118.75,2073,ssp585,0
24.718,-113.75,2073,ssp585,0
24.718,-108.75,2073,ssp585,1
24.718,-103.75,2073,ssp585,19
24.718,-98.75,2073,ssp585,5
24.718,-93.75,2073,ssp585,0
24.718,-88.75,2073,ssp585,0
24.718,-83.75,2073,ssp585,0
24.718,-78.75,2073,ssp585,0
24.718,-73.75,2073,ssp585,0
24.718,-68.75,2073,ssp585,0
27.254,-123.75,2073,ssp585,0
27.254,-118.75,2073,ssp585,0
27.254,-113.75,2073,ssp585,3
27.254,-108.75,2073,ssp585,13
27.254,-103.75,2073,ssp585,27
27.254,-98.75,2073,ssp585,8
27.254,-93.75,2073,ssp585,0
27.254,-88.75,2073,ssp585,0
27.254,-83.75,2073,ssp585,0
27.254,-78.75,2073,ssp585,0
27.254,-73.75,2073,ssp585,0
27.254,-68.75,2073,ssp585,0
29.789,-123.75,2073,ssp585,0
29.789,-118.75,2073,ssp585,0
29.789,-113.75,2073,ssp585,7
29.789,-108.75,2073,ssp585,47
29.789,-103.75,2073,ssp585,40
29.789,-98.75,2073,ssp585,21
29.789,-93.75,2073,ssp585,11
29.789,-88.75,2073,ssp585,7
29.789,-83.75,2073,ssp585,8
29.789,-78.75,2073,ssp585,0
29.789,-73.75,2073,ssp585,0
29.789,-68.75,2073,ssp585,0
32.324,-123.75,2073,ssp585,0
32.324,-118.75,2073,ssp585,2
32.324,-113.75,2073,ssp585,29
32.324,-108.75,2073,ssp585,99
32.324,-103.75,2073,ssp585,72
32.324,-98.75,2073,ssp585,38
32.324,-93.75,2073,ssp585,34
32.324,-88.75,2073,ssp585,36
32.324,-83.75,2073,ssp585,37
32.324,-78.75,2073,ssp585,2
32.324,-73.75,2073,ssp585,0
32.324,-68.75,2073,ssp585,0
34.859,-123.75,2073,ssp585,1
34.859,-118.75,2073,ssp585,30
34.859,-113.75,2073,ssp585,78
34.859,-108.75,2073,ssp585,96
34.859,-103.75,2073,ssp585,89
34.859,-98.75,2073,ssp585,55
34.859,-93.75,2073,ssp585,52
34.859,-88.75,2073,ssp585,54
34.859,-83.75,2073,ssp585,57
34.859,-78.75,2073,ssp585,40
34.859,-73.75,2073,ssp585,0
34.859,-68.75,2073,ssp585,0
37.394,-123.75,2073,ssp585,4
37.394,-118.75,2073,ssp585,114
37.394,-113.75,2073,ssp585,96
37.394,-108.75,2073,ssp585,73
37.394,-103.75,2073,ssp585,76
37.394,-98.75,2073,ssp585,71
37.394,-93.75,2073,ssp585,61
37.394,-88.75,2073,ssp585,64
37.394,-83.75,2073,ssp585,70
37.394,-78.75,2073,ssp585,79
37.394,-73.75,2073,ssp585,11
37.394,-68.75,2073,ssp585,0
39.93,-123.75,2073,ssp585,18
39.93,-118.75,2073,ssp585,104
39.93,-113.75,2073,ssp585,68
39.93,-108.75,2073,ssp585,64
39.93,-103.75,2073,ssp585,71
39.93,-98.75,2073,ssp585,74
39.93,-93.75,2073,ssp585,65
39.93,-88.75,2073,ssp585,78
39.93,-83.75,2073,ssp585,79
39.93,-78.75,2073,ssp585,79
39.93,-73.75,2073,ssp585,80
39.93,-68.75,2073,ssp585,22
42.465,-123.75,2073,ssp585,81
42.465,-118.75,2073,ssp585,105
42.465,-113.75,2073,ssp585,86
42.465,-108.75,2073,ssp585,60
42.465,-103.75,2073,ssp585,75
42.465,-98.75,2073,ssp585,68
42.465,-93.75,2073,ssp585,73
42.465,-88.75,2073,ssp585,88
42.465,-83.75,2073,ssp585,93
42.465,-78.75,2073,ssp585,84
42.465,-73.75,2073,ssp585,70
42.465,-68.75,2073,ssp585,78
45.0,-123.75,2073,ssp585,54
45.0,-118.75,2073,ssp585,114
45.0,-113.75,2073,ssp585,77
45.0,-108.75,2073,ssp585,77
45.0,-103.75,2073,ssp585,78
45.0,-98.75,2073,ssp585,63
45.0,-93.75,2073,ssp585,61
45.0,-88.75,2073,ssp585,85
45.0,-83.75,2073,ssp585,103
45.0,-78.75,2073,ssp585,81
45.0,-73.75,2073,ssp585,52
45.0,-68.75,2073,ssp585,78
47.535,-123.75,2073,ssp585,74
47.535,-118.75,2073,ssp585,105
47.535,-113.75,2073,ssp585,89
47.535,-108.75,2073,ssp585,93
47.535,-103.75,2073,ssp585,74
47.535,-98.75,2073,ssp585,64
47.535,-93.75,2073,ssp585,52
47.535,-88.75,2073,ssp585,103
47.535,-83.75,2073,ssp585,73
47.535,-78.75,2073,ssp585,63
47.535,-73.75,2073,ssp585,49
47.535,-68.75,2073,ssp585,56
24.718,-123.75,2074,ssp585,0
24.718,-118.75,2074,ssp585,0
24.718,-113.75,2074,ssp585,0
24.718,-108.75,2074,ssp585,0
24.718,-103.75,2074,ssp585,14
24.718,-98.75,2074,ssp585,0
24.718,-93.75,2074,ssp585,0
24.718,-88.75,2074,ssp585,0
24.718,-83.75,2074,ssp585,0
24.718,-78.75,2074,ssp585,0
24.718,-73.75,2074,ssp585,0
24.718,-68.75,2074,ssp585,0
27.254,-123.75,2074,ssp585,0
27.254,-118.75,2074,ssp585,0
27.254,-113.75,2074,ssp585,0
27.254,-108.75,2074,ssp585,7
27.254,-103.75,2074,ssp585,18
27.254,-98.75,2074,ssp585,6
27.254,-93.75,2074,ssp585,0
27.254,-88.75,2074,ssp585,0
27.254,-83.75,2074,ssp585,0
27.254,-78.75,2074,ssp585,0
27.254,-73.75,2074,ssp585,0
27.254,-68.75,2074,ssp585,0
29.789,-123.75,2074,ssp585,0
29.789,-118.75,2074,ssp585,0
29.789,-113.75,2074,ssp585,0
29.789,-108.75,2074,ssp585,50
29.789,-103.75,2074,ssp585,45
29.789,-98.75,2074,ssp585,24
29.789,-93.75,2074,ssp585,11
29.789,-88.75,2074,ssp585,5
29.789,-83.75,2074,ssp585,13
29.789,-78.75,2074,ssp585,0
29.789,-73.75,2074,ssp585,0
29.789,-68.75,2074,ssp585,0
32.324,-123.75,2074,ssp585,0
32.324,-118.75,2074,ssp585,0
32.324,-113.75,2074,ssp585,16
32.324,-108.75,2074,ssp585,98
32.324,-103.75,2074,ssp585,82
32.324,-98.75,2074,ssp585,62
32.324,-93.75,2074,ssp585,46
32.324,-88.75,2074,ssp585,48
32.324,-83.75,2074,ssp585,49
32.324,-78.75,2074,ssp585,8
32.324,-73.75,2074,ssp585,0
32.324,-68.75,2074,ssp585,0
34.859,-123.75,2074,ssp585,0
34.859,-118.75,2074,ssp585,27
34.859,-113.75,2074,ssp585,84
34.859,-108.75,2074,ssp585,107
34.859,-103.75,2074,ssp585,100
34.859,-98.75,2074,ssp585,89
34.859,-93.75,2074,ssp585,70
34.859,-88.75,2074,ssp585,66
34.859,-83.75,2074,ssp585,70
34.859,-78.75,2074,ssp585,55
34.859,-73.75,2074,ssp585,2
34.859,-68.75,2074,ssp585,0
37.394,-123.75,2074,ssp585,0
37.394,-118.75,2074,ssp585,123
37.394,-113.75,2074,ssp585,105
37.394,-108.75,2074,ssp585,89
37.394,-103.75,2074,ssp585,93
37.394,-98.75,2074,ssp585,86
37.394,-93.75,2074,ssp585,83
37.394,-88.75,2074,ssp585,76
37.394,-83.75,2074,ssp585,67
37.394,-78.75,2074,ssp585,80
37.394,-73.75,2074,ssp585,25
37.394,-68.75,2074,ssp585,1
39.93,-123.75,2074,ssp585,20
39.93,-118.75,2074,ssp585,109
39.93,-113.75,2074,ssp585,92
39.93,-108.75,2074,ssp585,90
39.93,-103.75,2074,ssp585,89
39.93,-98.75,2074,ssp585,72
39.93,-93.75,2074,ssp585,70
39.93,-88.75,2074,ssp585,65
39.93,-83.75,2074,ssp585,74
39.93,-78.75,2074,ssp585,76
39.93,-73.75,2074,ssp585,90
39.93,-68.75,2074,ssp585,29
42.465,-123.75,2074,ssp585,70
42.465,-118.75,2074,ssp585,96
42.465,-113.75,2074,ssp585,94
42.465,-108.75,2074,ssp585,91
42.465,-103.75,2074,ssp585,75
42.465,-98.75,2074,ssp585,56
42.465,-93.75,2074,ssp585,56
42.465,-88.75,2074,ssp585,71
42.465,-83.75,2074,ssp585,73
42.465,-78.75,2074,ssp585,83
42.465,-73.75,2074,ssp585,67
42.465,-68.75,2074,ssp585,96
45.0,-123.75,2074,ssp585,53
45.0,-118.75,2074,ssp585,97
45.0,-113.75,2074,ssp585,89
45.0,-108.75,2074,ssp585,77
45.0,-103.75,2074,ssp585,64
45.0,-98.75,2074,ssp585,48
45.0,-93.75,2074,ssp585,37
45.0,-88.75,2074,ssp585,54
45.0,-83.75,2074,ssp585,67
45.0,-78.75,2074,ssp585,70
45.0,-73.75,2074,ssp585,51
45.0,-68.75,2074,ssp585,64
47.535,-123.75,2074,ssp585,86
47.535,-118.75,2074,ssp585,81
47.535,-113.75,2074,ssp585,74
47.535,-108.75,2074,ssp585,61
47.535,-103.75,2074,ssp585,54
47.535,-98.75,2074,ssp585,39
47.535,-93.75,2074,ssp585,43
47.535,-88.75,2074,ssp585,73
47.535,-83.75,2074,ssp585,49
47.535,-78.75,2074,ssp585,42
47.535,-73.75,2074,ssp585,37
47.535,-68.75,2074,ssp585,49
24.718,-123.75,2075,ssp585,0
24.718,-118.75,2075,ssp585,0
24.718,-113.75,2075,ssp585,0
24.718,-108.75,2075,ssp585,0
24.718,-103.75,2075,ssp585,19
24.718,-98.75,2075,ssp585,6
24.718,-93.75,2075,ssp585,0
24.718,-88.75,2075,ssp585,0
24.718,-83.75,2075,ssp585,0
24.718,-78.75,2075,ssp585,0
24.718,-73.75,2075,ssp585,0
24.718,-68.75,2075,ssp585,0
27.254,-123.75,2075,ssp585,0
27.254,-118.75,2075,ssp585,0
27.254,-113.75,2075,ssp585,0
27.254,-108.75,2075,ssp585,3
27.254,-103.75,2075,ssp585,25
27.254,-98.75,2075,ssp585,12
27.254,-93.75,2075,ssp585,0
27.254,-88.75,2075,ssp585,0
27.254,-83.75,2075,ssp585,0
27.254,-78.75,2075,ssp585,0
27.254,-73.75,2075,ssp585,0
27.254,-68.75,2075,ssp585,0
29.789,-123.75,2075,ssp585,0
29.789,-118.75,2075,ssp585,0
29.789,-113.75,2075,ssp585,4
29.789,-108.75,2075,ssp585,62
29.789,-103.75,2075,ssp585,41
29.789,-98.75,2075,ssp585,32
29.789,-93.75,2075,ssp585,16
29.789,-88.75,2075,ssp585,11
29.789,-83.75,2075,ssp585,15
29.789,-78.75,2075,ssp585,0
29.789,-73.75,2075,ssp585,0
29.789,-68.75,2075,ssp585,0
32.324,-123.75,2075,ssp585,0
32.324,-118.75,2075,ssp585,0
32.324,-113.75,2075,ssp585,37
32.324,-108.75,2075,ssp585,86
32.324,-103.75,2075,ssp585,70
32.324,-98.75,2075,ssp585,53
32.324,-93.75,2075,ssp585,44
32.324,-88.75,2075,ssp585,45
32.324,-83.75,2075,ssp585,47
32.324,-78.75,2075,ssp585,0
32.324,-73.75,2075,ssp585,0
32.324,-68.75,2075,ssp585,0
34.859,-123.75,2075,ssp585,0
34.859,-118.75,2075,ssp585,32
34.859,-113.75,2075,ssp585,69
34.859,-108.75,2075,ssp585,105
34.859,-103.75,2075,ssp585,88
34.859,-98.75,2075,ssp585,79
34.859,-93.75,2075,ssp585,66
34.859,-88.75,2075,ssp585,68
34.859,-83.75,2075,ssp585,57
34.859,-78.75,2075,ssp585,52
34.859,-73.75,2075,ssp585,0
34.859,-68.75,2075,ssp585,0
37.394,-123.75,2075,ssp585,0
37.394,-118.75,2075,ssp585,108
37.394,-113.75,2075,ssp585,107
37.394,-108.75,2075,ssp585,95
37.394,-103.75,2075,ssp585,87
37.394,-98.75,2075,ssp585,74
37.394,-93.75,2075,ssp585,76
37.394,-88.75,2075,ssp585,79
37.394,-83.75,2075,ssp585,70
37.394,-78.75,2075,ssp585,67
37.394,-73.75,2075,ssp585,25
37.394,-68.75,2075,ssp585,0
39.93,-123.75,2075,ssp585,17
39.93,-118.75,2075,ssp585,105
39.93,-113.75,2075,ssp585,88
39.93,-108.75,2075,ssp585,70
39.93,-103.75,2075,ssp585,69
39.93,-98.75,2075,ssp585,57
39.93,-93.75,2075,ssp585,64
39.93,-88.75,2075,ssp585,61
39.93,-83.75,2075,ssp585,63
39.93,-78.75,2075,ssp585,72
39.93,-73.75,2075,ssp585,92
39.93,-68.75,2075,ssp585,39
42.465,-123.75,2075,ssp585,66
42.465,-118.75,2075,ssp585,102
42.465,-113.75,2075,ssp585,88
42.465,-108.75,2075,ssp585,74
42.465,-103.75,2075,ssp585,59
42.465,-98.75,2075,ssp585,50
42.465,-93.75,2075,ssp585,50
42.465,-88.75,2075,ssp585,55
42.465,-83.75,2075,ssp585,64
42.465,-78.75,2075,ssp585,64
42.465,-73.75,2075,ssp585,56
42.465,-68.75,2075,ssp585,102
45.0,-123.75,2075,ssp585,51
45.0,-118.75,2075,ssp585,100
45.0,-113.75,2075,ssp585,81
45.0,-108.75,2075,ssp585,75
45.0,-103.75,2075,ssp585,50
45.0,-98.75,2075,ssp585,37
45.0,-93.75,2075,ssp585,32
45.0,-88.75,2075,ssp585,38
45.0,-83.75,2075,ssp585,53
45.0,-78.75,2075,ssp585,48
45.0,-73.75,2075,ssp585,35
45.0,-68.75,2075,ssp585,53
47.535,-123.75,2075,ssp585,73
47.535,-118.75,2075,ssp585,96
47.535,-113.75,2075,ssp585,78
47.535,-108.75,2075,ssp585,72
47.535,-103.75,2075,ssp585,36
47.535,-98.75,2075,ssp585,34
47.535,-93.75,2075,ssp585,42
47.535,-88.75,2075,ssp585,52
47.535,-83.75,2075,ssp585,34
47.535,-78.75,2075,ssp585,33
47.535,-73.75,2075,ssp585,30
47.535,-68.75,2075,ssp585,38
24.718,-123.75,2076,ssp585,0
24.718,-118.75,2076,ssp585,0
24.718,-113.75,2076,ssp585,0
24.718,-108.75,2076,ssp585,0
24.718,-103.75,2076,ssp585,33
24.718,-98.75,2076,ssp585,3
24.718,-93.75,2076,ssp585,0
24.718,-88.75,2076,ssp585,0
24.718,-83.75,2076,ssp585,0
24.718,-78.75,2076,ssp585,0
24.718,-73.75,2076,ssp585,0
24.718,-68.75,2076,ssp585,0
27.254,-123.75,2076,ssp585,0
27.254,-118.75,2076,ssp585,0
27.254,-113.75,2076,ssp585,0
27.254,-108.75,2076,ssp585,31
27.254,-103.75,2076,ssp585,39
27.254,-98.75,2076,ssp585,6
27.254,-93.75,2076,ssp585,0
27.254,-88.75,2076,ssp585,0
27.254,-83.75,2076,ssp585,0
27.254,-78.75,2076,ssp585,0
27.254,-73.75,2076,ssp585,0
27.254,-68.75,2076,ssp585,0
29.789,-123.75,2076,ssp585,0
29.789,-118.75,2076,ssp585,0
29.789,-113.75,2076,ssp585,8
29.789,-108.75,2076,ssp585,65
29.789,-103.75,2076,ssp585,65
29.789,-98.75,2076,ssp585,32
29.789,-93.75,2076,ssp585,15
29.789,-88.75,2076,ssp585,7
29.789,-83.75,2076,ssp585,7
29.789,-78.75,2076,ssp585,0
29.789,-73.75,2076,ssp585,0
29.789,-68.75,2076,ssp585,0
32.324,-123.75,2076,ssp585,0
32.324,-118.75,2076,ssp585,0
32.324,-113.75,2076,ssp585,38
32.324,-108.75,2076,ssp585,91
32.324,-103.75,2076,ssp585,85
32.324,-98.75,2076,ssp585,55
32.324,-93.75,2076,ssp585,41
32.324,-88.75,2076,ssp585,43
32.324,-83.75,2076,ssp585,42
32.324,-78.75,2076,ssp585,2
32.324,-73.75,2076,ssp585,0
32.324,-68.75,2076,ssp585,0
34.859,-123.75,2076,ssp585,0
34.859,-118.75,2076,ssp585,56
34.859,-113.75,2076,ssp585,92
34.859,-108.75,2076,ssp585,69
34.859,-103.75,2076,ssp585,75
34.859,-98.75,2076,ssp585,72
34.859,-93.75,2076,ssp585,62
34.859,-88.75,2076,ssp585,58
34.859,-83.75,2076,ssp585,43
34.859,-78.75,2076,ssp585,41
34.859,-73.75,2076,ssp585,3
34.859,-68.75,2076,ssp585,0
37.394,-123.75,2076,ssp585,3
37.394,-118.75,2076,ssp585,98
37.394,-113.75,2076,ssp585,67
37.394,-108.75,2076,ssp585,55
37.394,-103.75,2076,ssp585,63
37.394,-98.75,2076,ssp585,68
37.394,-93.75,2076,ssp585,71
37.394,-88.75,2076,ssp585,64
37.394,-83.75,2076,ssp585,62
37.394,-78.75,2076,ssp585,64
37.394,-73.75,2076,ssp585,20
37.394,-68.75,2076,ssp585,2
39.93,-123.75,2076,ssp585,34
39.93,-118.75,2076,ssp585,74
39.93,-113.75,2076,ssp585,71
39.93,-108.75,2076,ssp585,59
39.93,-103.75,2076,ssp585,60
39.93,-98.75,2076,ssp585,67
39.93,-93.75,2076,ssp585,65
39.93,-88.75,2076,ssp585,66
39.93,-83.75,2076,ssp585,64
39.93,-78.75,2076,ssp585,54
39.93,-73.75,2076,ssp585,71
39.93,-68.75,2076,ssp585,39
42.465,-123.75,2076,ssp585,81
42.465,-118.75,2076,ssp585,85
42.465,-113.75,2076,ssp585,72
42.465,-108.75,2076,ssp585,68
42.465,-103.75,2076,ssp585,61
42.465,-98.75,2076,ssp585,63
42.465,-93.75,2076,ssp585,62
42.465,-88.75,2076,ssp585,61
42.465,-83.75,2076,ssp585,68
42.465,-78.75,2076,ssp585,67
42.465,-73.75,2076,ssp585,53
42.465,-68.75,2076,ssp585,97
45.0,-123.75,2076,ssp585,67
45.0,-118.75,2076,ssp585,108
45.0,-113.75,2076,ssp585,72
45.0,-108.75,2076,ssp585,61
45.0,-103.75,2076,ssp585,58
45.0,-98.75,2076,ssp585,51
45.0,-93.75,2076,ssp585,58
45.0,-88.75,2076,ssp585,57
45.0,-83.75,2076,ssp585,74
45.0,-78.75,2076,ssp585,65
45.0,-73.75,2076,ssp585,51
45.0,-68.75,2076,ssp585,57
47.535,-123.75,2076,ssp585,77
47.535,-118.75,2076,ssp585,101
47.535,-113.75,2076,ssp585,66
47.535,-108.75,2076,ssp585,61
47.535,-103.75,2076,ssp585,57
47.535,-98.75,2076,ssp585,36
47.535,-93.75,2076,ssp585,43
47.535,-88.75,2076,ssp585,55
47.535,-83.75,2076,ssp585,57
47.535,-78.75,2076,ssp585,67
47.535,-73.75,2076,ssp585,54
47.535,-68.75,2076,ssp585,47
24.718,-123.75,2077,ssp585,0
24.718,-118.75,2077,ssp585,0
24.718,-113.75,2077,ssp585,0
24.718,-108.75,2077,ssp585,0
24.718,-103.75,2077,ssp585,39
24.718,-98.75,2077,ssp585,2
24.718,-93.75,2077,ssp585,0
24.718,-88.75,2077,ssp585,0
24.718,-83.75,2077,ssp585,0
24.718,-78.75,2077,ssp585,0
24.718,-73.75,2077,ssp585,0
24.718,-68.75,2077,ssp585,0
27.254,-123.75,2077,ssp585,0
27.254,-118.75,2077,ssp585,0
27.254,-113.75,2077,ssp585,0
27.254,-108.75,2077,ssp585,23
27.254,-103.75,2077,ssp585,34
27.254,-98.75,2077,ssp585,10
27.254,-93.75,2077,ssp585,0
27.254,-88.75,2077,ssp585,0
27.254,-83.75,2077,ssp585,0
27.254,-78.75,2077,ssp585,0
27.254,-73.75,2077,ssp585,0
27.254,-68.75,2077,ssp585,0
29.789,-123.75,2077,ssp585,0
29.789,-118.75,2077,ssp585,0
29.789,-113.75,2077,ssp585,13
29.789,-108.75,2077,ssp585,63
29.789,-103.75,2077,ssp585,62
29.789,-98.75,2077,ssp585,24
29.789,-93.75,2077,ssp585,6
29.789,-88.75,2077,ssp585,0
29.789,-83.75,2077,ssp585,1
29.789,-78.75,2077,ssp585,0
29.789,-73.75,2077,ssp585,0
29.789,-68.75,2077,ssp585,0
32.324,-123.75,2077,ssp585,0
32.324,-118.75,2077,ssp585,0
32.324,-113.75,2077,ssp585,33
32.324,-108.75,2077,ssp585,96
32.324,-103.75,2077,ssp585,81
32.324,-98.75,2077,ssp585,45
32.324,-93.75,2077,ssp585,35
32.324,-88.75,2077,ssp585,26
32.324,-83.75,2077,ssp585,14
32.324,-78.75,2077,ssp585,0
32.324,-73.75,2077,ssp585,0
32.324,-68.75,2077,ssp585,0
34.859,-123.75,2077,ssp585,0
34.859,-118.75,2077,ssp585,34
34.859,-113.75,2077,ssp585,76
34.859,-108.75,2077,ssp585,84
34.859,-103.75,2077,ssp585,81
34.859,-98.75,2077,ssp585,60
34.859,-93.75,2077,ssp585,59
34.859,-88.75,2077,ssp585,53
34.859,-83.75,2077,ssp585,50
34.859,-78.75,2077,ssp585,27
34.859,-73.75,2077,ssp585,0
34.859,-68.75,2077,ssp585,0
37.394,-123.75,2077,ssp585,3
37.394,-118.75,2077,ssp585,101
37.394,-113.75,2077,ssp585,98
37.394,-108.75,2077,ssp585,101
37.394,-103.75,2077,ssp585,88
37.394,-98.75,2077,ssp585,69
37.394,-93.75,2077,ssp585,73
37.394,-88.75,2077,ssp585,71
37.394,-83.75,2077,ssp585,68
37.394,-78.75,2077,ssp585,68
37.394,-73.75,2077,ssp585,7
37.394,-68.75,2077,ssp585,0
39.93,-123.75,2077,ssp585,29
39.93,-118.75,2077,ssp585,116
39.93,-113.75,2077,ssp585,112
39.93,-108.75,2077,ssp585,100
39.93,-103.75,2077,ssp585,93
39.93,-98.75,2077,ssp585,76
39.93,-93.75,2077,ssp585,73
39.93,-88.75,2077,ssp585,78
39.93,-83.75,2077,ssp585,80
39.93,-78.75,2077,ssp585,79
39.93,-73.75,2077,ssp585,70
39.93,-68.75,2077,ssp585,14
42.465,-123.75,2077,ssp585,55
42.465,-118.75,2077,ssp585,126
42.465,-113.75,2077,ssp585,108
42.465,-108.75,2077,ssp585,90
42.465,-103.75,2077,ssp585,101
42.465,-98.75,2077,ssp585,75
42.465,-93.75,2077,ssp585,79
42.465,-88.75,2077,ssp585,93
42.465,-83.75,2077,ssp585,92
42.465,-78.75,2077,ssp585,87
42.465,-73.75,2077,ssp585,63
42.465,-68.75,2077,ssp585,83
45.0,-123.75,2077,ssp585,34
45.0,-118.75,2077,ssp585,110
45.0,-113.75,2077,ssp585,106
45.0,-108.75,2077,ssp585,97
45.0,-103.75,2077,ssp585,111
45.0,-98.75,2077,ssp585,79
45.0,-93.75,2077,ssp585,72
45.0,-88.75,2077,ssp585,84
45.0,-83.75,2077,ssp585,98
45.0,-78.75,2077,ssp585,87
45.0,-73.75,2077,ssp585,56
45.0,-68.75,2077,ssp585,66
47.535,-123.75,2077,ssp585,35
47.535,-118.75,2077,ssp585,111
47.535,-113.75,2077,ssp585,117
47.535,-108.75,2077,ssp585,96
47.535,-103.75,2077,ssp585,93
47.535,-98.75,2077,ssp585,76
47.535,-93.75,2077,ssp585,63
47.535,-88.75,2077,ssp585,92
47.535,-83.75,2077,ssp585,58
47.535,-78.75,2077,ssp585,52
47.535,-73.75,2077,ssp585,45
47.535,-68.75,2077,ssp585,45
24.718,-123.75,2078,ssp585,0
24.718,-118.75,2078,ssp585,0
24.718,-113.75,2078,ssp585,0
24.718,-108.75,2078,ssp585,0
24.718,-103.75,2078,ssp585,21
24.718,-98.75,2078,ssp585,1
24.718,-93.75,2078,ssp585,0
24.718,-88.75,2078,ssp585,0
24.718,-83.75,2078,ssp585,0
24.718,-78.75,2078,ssp585,0
24.718,-73.75,2078,ssp585,0
24.718,-68.75,2078,ssp585,0
27.254,-123.75,2078,ssp585,0
27.254,-118.75,2078,ssp585,0
27.254,-113.75,2078,ssp585,0
27.254,-108.75,2078,ssp585,10
27.254,-103.75,2078,ssp585,30
27.254,-98.75,2078,ssp585,4
27.254,-93.75,2078,ssp585,0
27.254,-88.75,2078,ssp585,0
27.254,-83.75,2078,ssp585,0
27.254,-78.75,2078,ssp585,0
27.254,-73.75,2078,ssp585,0
27.254,-68.75,2078,ssp585,0
29.789,-123.75,2078,ssp585,0
29.789,-118.75,2078,ssp585,0
29.789,-113.75,2078,ssp585,5
29.789,-108.75,2078,ssp585,60
29.789,-103.75,2078,ssp585,48
29.789,-98.75,2078,ssp585,26
29.789,-93.75,2078,ssp585,9
29.789,-88.75,2078,ssp585,4
29.789,-83.75,2078,ssp585,10
29.789,-78.75,2078,ssp585,0
29.789,-73.75,2078,ssp585,0
29.789,-68.75,2078,ssp585,0
32.324,-123.75,2078,ssp585,0
32.324,-118.75,2078,ssp585,0
32.324,-113.75,2078,ssp585,23
32.324,-108.75,2078,ssp585,79
32.324,-103.75,2078,ssp585,61
32.324,-98.75,2078,ssp585,47
32.324,-93.75,2078,ssp585,36
32.324,-88.75,2078,ssp585,31
32.324,-83.75,2078,ssp585,25
32.324,-78.75,2078,ssp585,5
32.324,-73.75,2078,ssp585,0
32.324,-68.75,2078,ssp585,0
34.859,-123.75,2078,ssp585,0
34.859,-118.75,2078,ssp585,25
34.859,-113.75,2078,ssp585,82
34.859,-108.75,2078,ssp585,78
34.859,-103.75,2078,ssp585,82
34.859,-98.75,2078,ssp585,62
34.859,-93.75,2078,ssp585,50
34.859,-88.75,2078,ssp585,43
34.859,-83.75,2078,ssp585,39
34.859,-78.75,2078,ssp585,29
34.859,-73.75,2078,ssp585,1
34.859,-68.75,2078,ssp585,0
37.394,-123.75,2078,ssp585,0
37.394,-118.75,2078,ssp585,117
37.394,-113.75,2078,ssp585,78
37.394,-108.75,2078,ssp585,78
37.394,-103.75,2078,ssp585,73
37.394,-98.75,2078,ssp585,71
37.394,-93.75,2078,ssp585,65
37.394,-88.75,2078,ssp585,68
37.394,-83.75,2078,ssp585,68
37.394,-78.75,2078,ssp585,61
37.394,-73.75,2078,ssp585,15
37.394,-68.75,2078,ssp585,1
39.93,-123.75,2078,ssp585,26
39.93,-118.75,2078,ssp585,99
39.93,-113.75,2078,ssp585,75
39.93,-108.75,2078,ssp585,68
39.93,-103.75,2078,ssp585,76
39.93,-98.75,2078,ssp585,72
39.93,-93.75,2078,ssp585,66
39.93,-88.75,2078,ssp585,65
39.93,-83.75,2078,ssp585,69
39.93,-78.75,2078,ssp585,77
39.93,-73.75,2078,ssp585,63
39.93,-68.75,2078,ssp585,29
42.465,-123.75,2078,ssp585,87
42.465,-118.75,2078,ssp585,104
42.465,-113.75,2078,ssp585,86
42.465,-108.75,2078,ssp585,66
42.465,-103.75,2078,ssp585,65
42.465,-98.75,2078,ssp585,70
42.465,-93.75,2078,ssp585,66
42.465,-88.75,2078,ssp585,71
42.465,-83.75,2078,ssp585,79
42.465,-78.75,2078,ssp585,85
42.465,-73.75,2078,ssp585,75
42.465,-68.75,2078,ssp585,79
45.0,-123.75,2078,ssp585,57
45.0,-118.75,2078,ssp585,118
45.0,-113.75,2078,ssp585,67
45.0,-108.75,2078,ssp585,67
45.0,-103.75,2078,ssp585,73
45.0,-98.75,2078,ssp585,56
45.0,-93.75,2078,ssp585,52
45.0,-88.75,2078,ssp585,63
45.0,-83.75,2078,ssp585,81
45.0,-78.75,2078,ssp585,82
45.0,-73.75,2078,ssp585,53
45.0,-68.75,2078,ssp585,69
47.535,-123.75,2078,ssp585,71
47.535,-118.75,2078,ssp585,109
47.535,-113.75,2078,ssp585,78
47.535,-108.75,2078,ssp585,66
47.535,-103.75,2078,ssp585,60
47.535,-98.75,2078,ssp585,45
47.535,-93.75,2078,ssp585,42
47.535,-88.75,2078,ssp585,73
47.535,-83.75,2078,ssp585,57
47.535,-78.75,2078,ssp585,55
47.535,-73.75,2078,ssp585,55
47.535,-68.75,2078,ssp585,56
24.718,-123.75,2079,ssp585,0
24.718,-118.75,2079,ssp585,0
24.718,-113.75,2079,ssp585,0
24.718,-108.75,2079,ssp585,0
24.718,-103.75,2079,ssp585,25
24.718,-98.75,2079,ssp585,5
24.718,-93.75,2079,ssp585,0
24.718,-88.75,2079,ssp585,0
24.718,-83.75,2079,ssp585,0
24.718,-78.75,2079,ssp585,0
24.718,-73.75,2079,ssp585,0
24.718,-68.75,2079,ssp585,0
27.254,-123.75,2079,ssp585,0
27.254,-118.75,2079,ssp585,0
27.254,-113.75,2079,ssp585,0
27.254,-108.75,2079,ssp585,21
27.254,-103.75,2079,ssp585,41
27.254,-98.75,2079,ssp585,16
27.254,-93.75,2079,ssp585,0
27.254,-88.75,2079,ssp585,0
27.254,-83.75,2079,ssp585,0
27.254,-78.75,2079,ssp585,0
27.254,-73.75,2079,ssp585,0
27.254,-68.75,2079,ssp585,0
29.789,-123.75,2079,ssp585,0
29.789,-118.75,2079,ssp585,0
29.789,-113.75,2079,ssp585,10
29.789,-108.75,2079,ssp585,55
29.789,-103.75,2079,ssp585,44
29.789,-98.75,2079,ssp585,23
29.789,-93.75,2079,ssp585,16
29.789,-88.75,2079,ssp585,2
29.789,-83.75,2079,ssp585,4
29.789,-78.75,2079,ssp585,0
29.789,-73.75,2079,ssp585,0
29.789,-68.75,2079,ssp585,0
32.324,-123.75,2079,ssp585,0
32.324,-118.75,2079,ssp585,0
32.324,-113.75,2079,ssp585,26
32.324,-108.75,2079,ssp585,86
32.324,-103.75,2079,ssp585,64
32.324,-98.75,2079,ssp585,32
32.324,-93.75,2079,ssp585,32
32.324,-88.75,2079,ssp585,38
32.324,-83.75,2079,ssp585,29
32.324,-78.75,2079,ssp585,2
32.324,-73.75,2079,ssp585,0
32.324,-68.75,2079,ssp585,0
34.859,-123.75,2079,ssp585,0
34.859,-118.75,2079,ssp585,25
34.859,-113.75,2079,ssp585,62
34.859,-108.75,2079,ssp585,100
34.859,-103.75,2079,ssp585,99
34.859,-98.75,2079,ssp585,60
34.859,-93.75,2079,ssp585,43
34.859,-88.75,2079,ssp585,53
34.859,-83.75,2079,ssp585,57
34.859,-78.75,2079,ssp585,38
34.859,-73.75,2079,ssp585,0
34.859,-68.75,2079,ssp585,0
37.394,-123.75,2079,ssp585,0
37.394,-118.75,2079,ssp585,121
37.394,-113.75,2079,ssp585,103
37.394,-108.75,2079,ssp585,88
37.394,-103.75,2079,ssp585,95
37.394,-98.75,2079,ssp585,75
37.394,-93.75,2079,ssp585,69
37.394,-88.75,2079,ssp585,65
37.394,-83.75,2079,ssp585,66
37.394,-78.75,2079,ssp585,71
37.394,-73.75,2079,ssp585,6
37.394,-68.75,2079,ssp585,0
39.93,-123.75,2079,ssp585,22
39.93,-118.75,2079,ssp585,113
39.93,-113.75,2079,ssp585,98
39.93,-108.75,2079,ssp585,73
39.93,-103.75,2079,ssp585,80
39.93,-98.75,2079,ssp585,88
39.93,-93.75,2079,ssp585,75
39.93,-88.75,2079,ssp585,80
39.93,-83.75,2079,ssp585,86
39.93,-78.75,2079,ssp585,84
39.93,-73.75,2079,ssp585,75
39.93,-68.75,2079,ssp585,17
42.465,-123.75,2079,ssp585,84
42.465,-118.75,2079,ssp585,109
42.465,-113.75,2079,ssp585,91
42.465,-108.75,2079,ssp585,68
42.465,-103.75,2079,ssp585,79
42.465,-98.75,2079,ssp585,86
42.465,-93.75,2079,ssp585,81
42.465,-88.75,2079,ssp585,86
42.465,-83.75,2079,ssp585,90
42.465,-78.75,2079,ssp585,98
42.465,-73.75,2079,ssp585,85
42.465,-68.75,2079,ssp585,93
45.0,-123.75,2079,ssp585,48
45.0,-118.75,2079,ssp585,136
45.0,-113.75,2079,ssp585,80
45.0,-108.75,2079,ssp585,69
45.0,-103.75,2079,ssp585,76
45.0,-98.75,2079,ssp585,71
45.0,-93.75,2079,ssp585,72
45.0,-88.75,2079,ssp585,79
45.0,-83.75,2079,ssp585,87
45.0,-78.75,2079,ssp585,79
45.0,-73.75,2079,ssp585,64
45.0,-68.75,2079,ssp585,81
47.535,-123.75,2079,ssp585,68
47.535,-118.75,2079,ssp585,120
47.535,-113.75,2079,ssp585,80
47.535,-108.75,2079,ssp585,77
47.535,-103.75,2079,ssp585,62
47.535,-98.75,2079,ssp585,58
47.535,-93.75,2079,ssp585,61
47.535,-88.75,2079,ssp585,66
47.535,-83.75,2079,ssp585,52
47.535,-78.75,2079,ssp585,50
47.535,-73.75,2079,ssp585,48
47.535,-68.75,2079,ssp585,49
24.718,-123.75,2080,ssp585,0
24.718,-118.75,2080,ssp585,0
24.718,-113.75,2080,ssp585,0
24.718,-108.75,2080,ssp585,0
24.718,-103.75,2080,ssp585,15
24.718,-98.75,2080,ssp585,3
24.718,-93.75,2080,ssp585,0
24.718,-88.75,2080,ssp585,0
24.718,-83.75,2080,ssp585,0
24.718,-78.75,2080,ssp585,0
24.718,-73.75,2080,ssp585,0
24.718,-68.75,2080,ssp585,0
27.254,-123.75,2080,ssp585,0
27.254,-118.75,2080,ssp585,0
27.254,-113.75,2080,ssp585,0
27.254,-108.75,2080,ssp585,3
27.254,-103.75,2080,ssp585,26
27.254,-98.75,2080,ssp585,13
27.254,-93.75,2080,ssp585,0
27.254,-88.75,2080,ssp585,0
27.254,-83.75,2080,ssp585,0
27.254,-78.75,2080,ssp585,0
27.254,-73.75,2080,ssp585,0
27.254,-68.75,2080,ssp585,0
29.789,-123.75,2080,ssp585,0
29.789,-118.75,2080,ssp585,0
29.789,-113.75,2080,ssp585,0
29.789,-108.75,2080,ssp585,33
29.789,-103.75,2080,ssp585,38
29.789,-98.75,2080,ssp585,20
29.789,-93.75,2080,ssp585,15
29.789,-88.75,2080,ssp585,6
29.789,-83.75,2080,ssp585,13
29.789,-78.75,2080,ssp585,0
29.789,-73.75,2080,ssp585,0
29.789,-68.75,2080,ssp585,0
32.324,-123.75,2080,ssp585,0
32.324,-118.75,2080,ssp585,0
32.324,-113.75,2080,ssp585,14
32.324,-108.75,2080,ssp585,82
32.324,-103.75,2080,ssp585,58
32.324,-98.75,2080,ssp585,45
32.324,-93.75,2080,ssp585,35
32.324,-88.75,2080,ssp585,32
32.324,-83.75,2080,ssp585,32
32.324,-78.75,2080,ssp585,2
32.324,-73.75,2080,ssp585,0
32.324,-68.75,2080,ssp585,0
34.859,-123.75,2080,ssp585,0
34.859,-118.75,2080,ssp585,5
34.859,-113.75,2080,ssp585,54
34.859,-108.75,2080,ssp585,118
34.859,-103.75,2080,ssp585,84
34.859,-98.75,2080,ssp585,64
34.859,-93.75,2080,ssp585,65
34.859,-88.75,2080,ssp585,55
34.859,-83.75,2080,ssp585,60
34.859,-78.75,2080,ssp585,43
34.859,-73.75,2080,ssp585,1
34.859,-68.75,2080,ssp585,0
37.394,-123.75,2080,ssp585,0
37.394,-118.75,2080,ssp585,132
37.394,-113.75,2080,ssp585,125
37.394,-108.75,2080,ssp585,100
37.394,-103.75,2080,ssp585,101
37.394,-98.75,2080,ssp585,79
37.394,-93.75,2080,ssp585,79
37.394,-88.75,2080,ssp585,78
37.394,-83.75,2080,ssp585,70
37.394,-78.75,2080,ssp585,71
37.394,-73.75,2080,ssp585,8
37.394,-68.75,2080,ssp585,0
39.93,-123.75,2080,ssp585,7
39.93,-118.75,2080,ssp585,136
39.93,-113.75,2080,ssp585,99
39.93,-108.75,2080,ssp585,81
39.93,-103.75,2080,ssp585,87
39.93,-98.75,2080,ssp585,78
39.93,-93.75,2080,ssp585,76
39.93,-88.75,2080,ssp585,77
39.93,-83.75,2080,ssp585,77
39.93,-78.75,2080,ssp585,74
39.93,-73.75,2080,ssp585,75
39.93,-68.75,2080,ssp585,16
42.465,-123.75,2080,ssp585,26
42.465,-118.75,2080,ssp585,121
42.465,-113.75,2080,ssp585,99
42.465,-108.75,2080,ssp585,77
42.465,-103.75,2080,ssp585,83
42.465,-98.75,2080,ssp585,64
42.465,-93.75,2080,ssp585,56
42.465,-88.75,2080,ssp585,87
42.465,-83.75,2080,ssp585,83
42.465,-78.75,2080,ssp585,85
42.465,-73.75,2080,ssp585,73
42.465,-68.75,2080,ssp585,84
45.0,-123.75,2080,ssp585,18
45.0,-118.75,2080,ssp585,117
45.0,-113.75,2080,ssp585,87
45.0,-108.75,2080,ssp585,95
45.0,-103.75,2080,ssp585,78
45.0,-98.75,2080,ssp585,63
45.0,-93.75,2080,ssp585,62
45.0,-88.75,2080,ssp585,73
45.0,-83.75,2080,ssp585,92
45.0,-78.75,2080,ssp585,72
45.0,-73.75,2080,ssp585,73
45.0,-68.75,2080,ssp585,81
47.535,-123.75,2080,ssp585,36
47.535,-118.75,2080,ssp585,105
47.535,-113.75,2080,ssp585,103
47.535,-108.75,2080,ssp585,87
47.535,-103.75,2080,ssp585,65
47.535,-98.75,2080,ssp585,53
47.535,-93.75,2080,ssp585,49
47.535,-88.75,2080,ssp585,76
47.535,-83.75,2080,ssp585,63
47.535,-78.75,2080,ssp585,60
47.535,-73.75,2080,ssp585,56
47.535,-68.75,2080,ssp585,57
24.718,-123.75,2081,ssp585,0
24.718,-118.75,2081,ssp585,0
24.718,-113.75,2081,ssp585,0
24.718,-108.75,2081,ssp585,0
24.718,-103.75,2081,ssp585,20
24.718,-98.75,2081,ssp585,0
24.718,-93.75,2081,ssp585,0
24.718,-88.75,2081,ssp585,0
24.718,-83.75,2081,ssp585,0
24.718,-78.75,2081,ssp585,0
24.718,-73.75,2081,ssp585,0
24.718,-68.75,2081,ssp585,0
27.254,-123.75,2081,ssp585,0
27.254,-118.75,2081,ssp585,0
27.254,-113.75,2081,ssp585,0
27.254,-108.75,2081,ssp585,10
27.254,-103.75,2081,ssp585,23
27.254,-98.75,2081,ssp585,6
27.254,-93.75,2081,ssp585,0
27.254,-88.75,2081,ssp585,0
27.254,-83.75,2081,ssp585,0
27.254,-78.75,2081,ssp585,0
27.254,-73.75,2081,ssp585,0
27.254,-68.75,2081,ssp585,0
29.789,-123.75,2081,ssp585,0
29.789,-118.75,2081,ssp585,0
29.789,-113.75,2081,ssp585,0
29.789,-108.75,2081,ssp585,50
29.789,-103.75,2081,ssp585,45
29.789,-98.75,2081,ssp585,32
29.789,-93.75,2081,ssp585,12
29.789,-88.75,2081,ssp585,4
29.789,-83.75,2081,ssp585,8
29.789,-78.75,2081,ssp585,0
29.789,-73.75,2081,ssp585,0
29.789,-68.75,2081,ssp585,0
32.324,-123.75,2081,ssp585,0
32.324,-118.75,2081,ssp585,0
32.324,-113.75,2081,ssp585,25
32.324,-108.75,2081,ssp585,89
32.324,-103.75,2081,ssp585,69
32.324,-98.75,2081,ssp585,67
32.324,-93.75,2081,ssp585,51
32.324,-88.75,2081,ssp585,44
32.324,-83.75,2081,ssp585,38
32.324,-78.75,2081,ssp585,0
32.324,-73.75,2081,ssp585,0
32.324,-68.75,2081,ssp585,0
34.859,-123.75,2081,ssp585,0
34.859,-118.75,2081,ssp585,25
34.859,-113.75,2081,ssp585,86
34.859,-108.75,2081,ssp585,103
34.859,-103.75,2081,ssp585,86
34.859,-98.75,2081,ssp585,68
34.859,-93.75,2081,ssp585,64
34.859,-88.75,2081,ssp585,63
34.859,-83.75,2081,ssp585,59
34.859,-78.75,2081,ssp585,42
34.859,-73.75,2081,ssp585,0
34.859,-68.75,2081,ssp585,0
37.394,-123.75,2081,ssp585,0
37.394,-118.75,2081,ssp585,122
37.394,-113.75,2081,ssp585,88
37.394,-108.75,2081,ssp585,74
37.394,-103.75,2081,ssp585,80
37.394,-98.75,2081,ssp585,65
37.394,-93.75,2081,ssp585,69
37.394,-88.75,2081,ssp585,76
37.394,-83.75,2081,ssp585,62
37.394,-78.75,2081,ssp585,67
37.394,-73.75,2081,ssp585,4
37.394,-68.75,2081,ssp585,0
39.93,-123.75,2081,ssp585,16
39.93,-118.75,2081,ssp585,97
39.93,-113.75,2081,ssp585,77
39.93,-108.75,2081,ssp585,69
39.93,-103.75,2081,ssp585,73
39.93,-98.75,2081,ssp585,56
39.93,-93.75,2081,ssp585,64
39.93,-88.75,2081,ssp585,79
39.93,-83.75,2081,ssp585,78
39.93,-78.75,2081,ssp585,85
39.93,-73.75,2081,ssp585,60
39.93,-68.75,2081,ssp585,6
42.465,-123.75,2081,ssp585,83
42.465,-118.75,2081,ssp585,101
42.465,-113.75,2081,ssp585,79
42.465,-108.75,2081,ssp585,64
42.465,-103.75,2081,ssp585,78
42.465,-98.75,2081,ssp585,46
42.465,-93.75,2081,ssp585,62
42.465,-88.75,2081,ssp585,88
42.465,-83.75,2081,ssp585,103
42.465,-78.75,2081,ssp585,115
42.465,-73.75,2081,ssp585,101
42.465,-68.75,2081,ssp585,61
45.0,-123.75,2081,ssp585,49
45.0,-118.75,2081,ssp585,103
45.0,-113.75,2081,ssp585,68
45.0,-108.75,2081,ssp585,74
45.0,-103.75,2081,ssp585,65
45.0,-98.75,2081,ssp585,45
45.0,-93.75,2081,ssp585,58
45.0,-88.75,2081,ssp585,79
45.0,-83.75,2081,ssp585,114
45.0,-78.75,2081,ssp585,102
45.0,-73.75,2081,ssp585,75
45.0,-68.75,2081,ssp585,106
47.535,-123.75,2081,ssp585,69
47.535,-118.75,2081,ssp585,89
47.535,-113.75,2081,ssp585,87
47.535,-108.75,2081,ssp585,69
47.535,-103.75,2081,ssp585,53
47.535,-98.75,2081,ssp585,46
47.535,-93.75,2081,ssp585,42
47.535,-88.75,2081,ssp585,101
47.535,-83.75,2081,ssp585,69
47.535,-78.75,2081,ssp585,58
47.535,-73.75,2081,ssp585,55
47.535,-68.75,2081,ssp585,67
24.718,-123.75,2082,ssp585,0
24.718,-118.75,2082,ssp585,0
24.718,-113.75,2082,ssp585,0
24.718,-108.75,2082,ssp585,0
24.718,-103.75,2082,ssp585,19
24.718,-98.75,2082,ssp585,1
24.718,-93.75,2082,ssp585,0
24.718,-88.75,2082,ssp585,0
24.718,-83.75,2082,ssp585,0
24.718,-78.75,2082,ssp585,0
24.718,-73.75,2082,ssp585,0
24.718,-68.75,2082,ssp585,0
27.254,-123.75,2082,ssp585,0
27.254,-118.75,2082,ssp585,0
27.254,-113.75,2082,ssp585,0
27.254,-108.75,2082,ssp585,15
27.254,-103.75,2082,ssp585,37
27.254,-98.75,2082,ssp585,6
27.254,-93.75,2082,ssp585,0
27.254,-88.75,2082,ssp585,0
27.254,-83.75,2082,ssp585,0
27.254,-78.75,2082,ssp585,0
27.254,-73.75,2082,ssp585,0
27.254,-68.75,2082,ssp585,0
29.789,-123.75,2082,ssp585,0
29.789,-118.75,2082,ssp585,0
29.789,-113.75,2082,ssp585,2
29.789,-108.75,2082,ssp585,59
29.789,-103.75,2082,ssp585,54
29.789,-98.75,2082,ssp585,38
29.789,-93.75,2082,ssp585,12
29.789,-88.75,2082,ssp585,3
29.789,-83.75,2082,ssp585,9
29.789,-78.75,2082,ssp585,0
29.789,-73.75,2082,ssp585,0
29.789,-68.75,2082,ssp585,0
32.324,-123.75,2082,ssp585,0
32.324,-118.75,2082,ssp585,0
32.324,-113.75,2082,ssp585,23
32.324,-108.75,2082,ssp585,76
32.324,-103.75,2082,ssp585,66
32.324,-98.75,2082,ssp585,54
32.324,-93.75,2082,ssp585,54
32.324,-88.75,2082,ssp585,58
32.324,-83.75,2082,ssp585,55
32.324,-78.75,2082,ssp585,3
32.324,-73.75,2082,ssp585,0
32.324,-68.75,2082,ssp585,0
34.859,-123.75,2082,ssp585,0
34.859,-118.75,2082,ssp585,25
34.859,-113.75,2082,ssp585,68
34.859,-108.75,2082,ssp585,90
34.859,-103.75,2082,ssp585,84
34.859,-98.75,2082,ssp585,73
34.859,-93.75,2082,ssp585,60
34.859,-88.75,2082,ssp585,75
34.859,-83.75,2082,ssp585,69
34.859,-78.75,2082,ssp585,65
34.859,-73.75,2082,ssp585,2
34.859,-68.75,2082,ssp585,0
37.394,-123.75,2082,ssp585,3
37.394,-118.75,2082,ssp585,106
37.394,-113.75,2082,ssp585,97
37.394,-108.75,2082,ssp585,87
37.394,-103.75,2082,ssp585,85
37.394,-98.75,2082,ssp585,75
37.394,-93.75,2082,ssp585,68
37.394,-88.75,2082,ssp585,78
37.394,-83.75,2082,ssp585,73
37.394,-78.75,2082,ssp585,71
37.394,-73.75,2082,ssp585,18
37.394,-68.75,2082,ssp585,1
39.93,-123.75,2082,ssp585,18
39.93,-118.75,2082,ssp585,122
39.93,-113.75,2082,ssp585,99
39.93,-108.75,2082,ssp585,84
39.93,-103.75,2082,ssp585,79
39.93,-98.75,2082,ssp585,71
39.93,-93.75,2082,ssp585,68
39.93,-88.75,2082,ssp585,77
39.93,-83.75,2082,ssp585,78
39.93,-78.75,2082,ssp585,60
39.93,-73.75,2082,ssp585,96
39.93,-68.75,2082,ssp585,38
42.465,-123.75,2082,ssp585,53
42.465,-118.75,2082,ssp585,119
42.465,-113.75,2082,ssp585,106
42.465,-108.75,2082,ssp585,88
42.465,-103.75,2082,ssp585,80
42.465,-98.75,2082,ssp585,71
42.465,-93.75,2082,ssp585,66
42.465,-88.75,2082,ssp585,72
42.465,-83.75,2082,ssp585,79
42.465,-78.75,2082,ssp585,84
42.465,-73.75,2082,ssp585,63
42.465,-68.75,2082,ssp585,95
45.0,-123.75,2082,ssp585,34
45.0,-118.75,2082,ssp585,116
45.0,-113.75,2082,ssp585,91
45.0,-108.75,2082,ssp585,101
45.0,-103.75,2082,ssp585,75
45.0,-98.75,2082,ssp585,59
45.0,-93.75,2082,ssp585,47
45.0,-88.75,2082,ssp585,54
45.0,-83.75,2082,ssp585,92
45.0,-78.75,2082,ssp585,78
45.0,-73.75,2082,ssp585,57
45.0,-68.75,2082,ssp585,68
47.535,-123.75,2082,ssp585,44
47.535,-118.75,2082,ssp585,105
47.535,-113.75,2082,ssp585,108
47.535,-108.75,2082,ssp585,90
47.535,-103.75,2082,ssp585,75
47.535,-98.75,2082,ssp585,52
47.535,-93.75,2082,ssp585,41
47.535,-88.75,2082,ssp585,81
47.535,-83.75,2082,ssp585,48
47.535,-78.75,2082,ssp585,52
47.535,-73.75,2082,ssp585,46
47.535,-68.75,2082,ssp585,47
24.718,-123.75,2083,ssp585,0
24.718,-118.75,2083,ssp585,0
24.718,-113.75,2083,ssp585,0
24.718,-108.75,2083,ssp585,0
24.718,-103.75,2083,ssp585,23
24.718,-98.75,2083,ssp585,3
24.718,-93.75,2083,ssp585,0
24.718,-88.75,2083,ssp585,0
24.718,-83.75,2083,ssp585,0
24.718,-78.75,2083,ssp585,0
24.718,-73.75,2083,ssp585,0
24.718,-68.75,2083,ssp585,0
27.254,-123.75,2083,ssp585,0
27.254,-118.75,2083,ssp585,0
27.254,-113.75,2083,ssp585,0
27.254,-108.75,2083,ssp585,0
27.254,-103.75,2083,ssp585,24
27.254,-98.75,2083,ssp585,6
27.254,-93.75,2083,ssp585,0
27.254,-88.75,2083,ssp585,0
27.254,-83.75,2083,ssp585,0
27.254,-78.75,2083,ssp585,0
27.254,-73.75,2083,ssp585,0
27.254,-68.75,2083,ssp585,0
29.789,-123.75,2083,ssp585,0
29.789,-118.75,2083,ssp585,0
29.789,-113.75,2083,ssp585,0
29.789,-108.75,2083,ssp585,41
29.789,-103.75,2083,ssp585,36
29.789,-98.75,2083,ssp585,20
29.789,-93.75,2083,ssp585,5
29.789,-88.75,2083,ssp585,3
29.789,-83.75,2083,ssp585,8
29.789,-78.75,2083,ssp585,0
29.789,-73.75,2083,ssp585,0
29.789,-68.75,2083,ssp585,0
32.324,-123.75,2083,ssp585,0
32.324,-118.75,2083,ssp585,0
32.324,-113.75,2083,ssp585,14
32.324,-108.75,2083,ssp585,84
32.324,-103.75,2083,ssp585,65
32.324,-98.75,2083,ssp585,39
32.324,-93.75,2083,ssp585,36
32.324,-88.75,2083,ssp585,34
32.324,-83.75,2083,ssp585,34
32.324,-78.75,2083,ssp585,4
32.324,-73.75,2083,ssp585,0
32.324,-68.75,2083,ssp585,0
34.859,-123.75,2083,ssp585,0
34.859,-118.75,2083,ssp585,15
34.859,-113.75,2083,ssp585,74
34.859,-108.75,2083,ssp585,81
34.859,-103.75,2083,ssp585,78
34.859,-98.75,2083,ssp585,53
34.859,-93.75,2083,ssp585,49
34.859,-88.75,2083,ssp585,51
34.859,-83.75,2083,ssp585,54
34.859,-78.75,2083,ssp585,42
34.859,-73.75,2083,ssp585,0
34.859,-68.75,2083,ssp585,0
37.394,-123.75,2083,ssp585,0
37.394,-118.75,2083,ssp585,112
37.394,-113.75,2083,ssp585,104
37.394,-108.75,2083,ssp585,82
37.394,-103.75,2083,ssp585,76
37.394,-98.75,2083,ssp585,65
37.394,-93.75,2083,ssp585,62
37.394,-88.75,2083,ssp585,68
37.394,-83.75,2083,ssp585,59
37.394,-78.75,2083,ssp585,53
37.394,-73.75,2083,ssp585,12
37.394,-68.75,2083,ssp585,1
39.93,-123.75,2083,ssp585,21
39.93,-118.75,2083,ssp585,107
39.93,-113.75,2083,ssp585,95
39.93,-108.75,2083,ssp585,77
39.93,-103.75,2083,ssp585,71
39.93,-98.75,2083,ssp585,59
39.93,-93.75,2083,ssp585,61
39.93,-88.75,2083,ssp585,67
39.93,-83.75,2083,ssp585,70
39.93,-78.75,2083,ssp585,65
39.93,-73.75,2083,ssp585,64
39.93,-68.75,2083,ssp585,25
42.465,-123.75,2083,ssp585,81
42.465,-118.75,2083,ssp585,105
42.465,-113.75,2083,ssp585,93
42.465,-108.75,2083,ssp585,76
42.465,-103.75,2083,ssp585,65
42.465,-98.75,2083,ssp585,60
42.465,-93.75,2083,ssp585,53
42.465,-88.75,2083,ssp585,71
42.465,-83.75,2083,ssp585,77
42.465,-78.75,2083,ssp585,80
42.465,-73.75,2083,ssp585,66
42.465,-68.75,2083,ssp585,79
45.0,-123.75,2083,ssp585,68
45.0,-118.75,2083,ssp585,117
45.0,-113.75,2083,ssp585,81
45.0,-108.75,2083,ssp585,67
45.0,-103.75,2083,ssp585,52
45.0,-98.75,2083,ssp585,54
45.0,-93.75,2083,ssp585,57
45.0,-88.75,2083,ssp585,62
45.0,-83.75,2083,ssp585,86
45.0,-78.75,2083,ssp585,76
45.0,-73.75,2083,ssp585,47
45.0,-68.75,2083,ssp585,69
47.535,-123.75,2083,ssp585,84
47.535,-118.75,2083,ssp585,107
47.535,-113.75,2083,ssp585,76
47.535,-108.75,2083,ssp585,58
47.535,-103.75,2083,ssp585,46
47.535,-98.75,2083,ssp585,48
47.535,-93.75,2083,ssp585,47
47.535,-88.75,2083,ssp585,80
47.535,-83.75,2083,ssp585,54
47.535,-78.75,2083,ssp585,43
47.535,-73.75,2083,ssp585,39
47.535,-68.75,2083,ssp585,43
24.718,-123.75,2084,ssp585,0
24.718,-118.75,2084,ssp585,0
24.718,-113.75,2084,ssp585,0
24.718,-108.75,2084,ssp585,0
24.718,-103.75,2084,ssp585,25
24.718,-98.75,2084,ssp585,1
24.718,-93.75,2084,ssp585,0
24.718,-88.75,2084,ssp585,0
24.718,-83.75,2084,ssp585,0
24.718,-78.75,2084,ssp585,0
24.718,-73.75,2084,ssp585,0
24.718,-68.75,2084,ssp585,0
27.254,-123.75,2084,ssp585,0
27.254,-118.75,2084,ssp585,0
27.254,-113.75,2084,ssp585,0
27.254,-108.75,2084,ssp585,10
27.254,-103.75,2084,ssp585,37
27.254,-98.75,2084,ssp585,7
27.254,-93.75,2084,ssp585,0
27.254,-88.75,2084,ssp585,0
27.254,-83.75,2084,ssp585,0
27.254,-78.75,2084,ssp585,0
27.254,-73.75,2084,ssp585,0
27.254,-68.75,2084,ssp585,0
29.789,-123.75,2084,ssp585,0
29.789,-118.75,2084,ssp585,0
29.789,-113.75,2084,ssp585,3
29.789,-108.75,2084,ssp585,51
29.789,-103.75,2084,ssp585,47
29.789,-98.75,2084,ssp585,29
29.789,-93.75,2084,ssp585,12
29.789,-88.75,2084,ssp585,9
29.789,-83.75,2084,ssp585,9
29.789,-78.75,2084,ssp585,0
29.789,-73.75,2084,ssp585,0
29.789,-68.75,2084,ssp585,0
32.324,-123.75,2084,ssp585,0
32.324,-118.75,2084,ssp585,0
32.324,-113.75,2084,ssp585,17
32.324,-108.75,2084,ssp585,78
32.324,-103.75,2084,ssp585,75
32.324,-98.75,2084,ssp585,53
32.324,-93.75,2084,ssp585,42
32.324,-88.75,2084,ssp585,38
32.324,-83.75,2084,ssp585,38
32.324,-78.75,2084,ssp585,3
32.324,-73.75,2084,ssp585,0
32.324,-68.75,2084,ssp585,0
34.859,-123.75,2084,ssp585,0
34.859,-118.75,2084,ssp585,22
34.859,-113.75,2084,ssp585,76
34.859,-108.75,2084,ssp585,97
34.859,-103.75,2084,ssp585,78
34.859,-98.75,2084,ssp585,86
34.859,-93.75,2084,ssp585,84
34.859,-88.75,2084,ssp585,71
34.859,-83.75,2084,ssp585,62
34.859,-78.75,2084,ssp585,45
34.859,-73.75,2084,ssp585,2
34.859,-68.75,2084,ssp585,0
37.394,-123.75,2084,ssp585,0
37.394,-118.75,2084,ssp585,117
37.394,-113.75,2084,ssp585,95
37.394,-108.75,2084,ssp585,74
37.394,-103.75,2084,ssp585,68
37.394,-98.75,2084,ssp585,66
37.394,-93.75,2084,ssp585,89
37.394,-88.75,2084,ssp585,91
37.394,-83.75,2084,ssp585,79
37.394,-78.75,2084,ssp585,73
37.394,-73.75,2084,ssp585,12
37.394,-68.75,2084,ssp585,0
39.93,-123.75,2084,ssp585,21
39.93,-118.75,2084,ssp585,108
39.93,-113.75,2084,ssp585,86
39.93,-108.75,2084,ssp585,65
39.93,-103.75,2084,ssp585,65
39.93,-98.75,2084,ssp585,48
39.93,-93.75,2084,ssp585,67
39.93,-88.75,2084,ssp585,75
39.93,-83.75,2084,ssp585,83
39.93,-78.75,2084,ssp585,81
39.93,-73.75,2084,ssp585,75
39.93,-68.75,2084,ssp585,18
42.465,-123.75,2084,ssp585,71
42.465,-118.75,2084,ssp585,104
42.465,-113.75,2084,ssp585,80
42.465,-108.75,2084,ssp585,67
42.465,-103.75,2084,ssp585,63
42.465,-98.75,2084,ssp585,40
42.465,-93.75,2084,ssp585,47
42.465,-88.75,2084,ssp585,80
42.465,-83.75,2084,ssp585,87
42.465,-78.75,2084,ssp585,88
42.465,-73.75,2084,ssp585,73
42.465,-68.75,2084,ssp585,79
45.0,-123.75,2084,ssp585,57
45.0,-118.75,2084,ssp585,92
45.0,-113.75,2084,ssp585,74
45.0,-108.75,2084,ssp585,69
45.0,-103.75,2084,ssp585,50
45.0,-98.75,2084,ssp585,39
45.0,-93.75,2084,ssp585,40
45.0,-88.75,2084,ssp585,63
45.0,-83.75,2084,ssp585,93
45.0,-78.75,2084,ssp585,82
45.0,-73.75,2084,ssp585,63
45.0,-68.75,2084,ssp585,74
47.535,-123.75,2084,ssp585,64
47.535,-118.75,2084,ssp585,86
47.535,-113.75,2084,ssp585,68
47.535,-108.75,2084,ssp585,56
47.535,-103.75,2084,ssp585,49
47.535,-98.75,2084,ssp585,37
47.535,-93.75,2084,ssp585,39
47.535,-88.75,2084,ssp585,87
47.535,-83.75,2084,ssp585,56
47.535,-78.75,2084,ssp585,49
47.535,-73.75,2084,ssp585,43
47.535,-68.75,2084,ssp585,47
24.718,-123.75,2085,ssp585,0
24.718,-118.75,2085,ssp585,0
24.718,-113.75,2085,ssp585,0
24.718,-108.75,2085,ssp585,0
24.718,-103.75,2085,ssp585,5
24.718,-98.75,2085,ssp585,0
24.718,-93.75,2085,ssp585,0
24.718,-88.75,2085,ssp585,0
24.718,-83.75,2085,ssp585,0
24.718,-78.75,2085,ssp585,0
24.718,-73.75,2085,ssp585,0
24.718,-68.75,2085,ssp585,0
27.254,-123.75,2085,ssp585,0
27.254,-118.75,2085,ssp585,0
27.254,-113.75,2085,ssp585,0
27.254,-108.75,2085,ssp585,6
27.254,-103.75,2085,ssp585,10
27.254,-98.75,2085,ssp585,1
27.254,-93.75,2085,ssp585,0
27.254,-88.75,2085,ssp585,0
27.254,-83.75,2085,ssp585,0
27.254,-78.75,2085,ssp585,0
27.254,-73.75,2085,ssp585,0
27.254,-68.75,2085,ssp585,0
29.789,-123.75,2085,ssp585,0
29.789,-118.75,2085,ssp585,0
29.789,-113.75,2085,ssp585,1
29.789,-108.75,2085,ssp585,40
29.789,-103.75,2085,ssp585,23
29.789,-98.75,2085,ssp585,15
29.789,-93.75,2085,ssp585,4
29.789,-88.75,2085,ssp585,0
29.789,-83.75,2085,ssp585,1
29.789,-78.75,2085,ssp585,0
29.789,-73.75,2085,ssp585,0
29.789,-68.75,2085,ssp585,0
32.324,-123.75,2085,ssp585,0
32.324,-118.75,2085,ssp585,0
32.324,-113.75,2085,ssp585,19
32.324,-108.75,2085,ssp585,85
32.324,-103.75,2085,ssp585,60
32.324,-98.75,2085,ssp585,31
32.324,-93.75,2085,ssp585,15
32.324,-88.75,2085,ssp585,17
32.324,-83.75,2085,ssp585,13
32.324,-78.75,2085,ssp585,0
32.324,-73.75,2085,ssp585,0
32.324,-68.75,2085,ssp585,0
34.859,-123.75,2085,ssp585,0
34.859,-118.75,2085,ssp585,50
34.859,-113.75,2085,ssp585,85
34.859,-108.75,2085,ssp585,107
34.859,-103.75,2085,ssp585,93
34.859,-98.75,2085,ssp585,60
34.859,-93.75,2085,ssp585,42
34.859,-88.75,2085,ssp585,35
34.859,-83.75,2085,ssp585,42
34.859,-78.75,2085,ssp585,21
34.859,-73.75,2085,ssp585,0
34.859,-68.75,2085,ssp585,0
37.394,-123.75,2085,ssp585,4
37.394,-118.75,2085,ssp585,98
37.394,-113.75,2085,ssp585,90
37.394,-108.75,2085,ssp585,77
37.394,-103.75,2085,ssp585,88
37.394,-98.75,2085,ssp585,83
37.394,-93.75,2085,ssp585,70
37.394,-88.75,2085,ssp585,66
37.394,-83.75,2085,ssp585,59
37.394,-78.75,2085,ssp585,54
37.394,-73.75,2085,ssp585,3
37.394,-68.75,2085,ssp585,0
39.93,-123.75,2085,ssp585,46
39.93,-118.75,2085,ssp585,71
39.93,-113.75,2085,ssp585,70
39.93,-108.75,2085,ssp585,65
39.93,-103.75,2085,ssp585,72
39.93,-98.75,2085,ssp585,92
39.93,-93.75,2085,ssp585,84
39.93,-88.75,2085,ssp585,77
39.93,-83.75,2085,ssp585,82
39.93,-78.75,2085,ssp585,76
39.93,-73.75,2085,ssp585,55
39.93,-68.75,2085,ssp585,11
42.465,-123.75,2085,ssp585,109
42.465,-118.75,2085,ssp585,74
42.465,-113.75,2085,ssp585,65
42.465,-108.75,2085,ssp585,67
42.465,-103.75,2085,ssp585,67
42.465,-98.75,2085,ssp585,80
42.465,-93.75,2085,ssp585,80
42.465,-88.75,2085,ssp585,95
42.465,-83.75,2085,ssp585,95
42.465,-78.75,2085,ssp585,92
42.465,-73.75,2085,ssp585,78
42.465,-68.75,2085,ssp585,64
45.0,-123.75,2085,ssp585,86
45.0,-118.75,2085,ssp585,92
45.0,-113.75,2085,ssp585,61
45.0,-108.75,2085,ssp585,67
45.0,-103.75,2085,ssp585,78
45.0,-98.75,2085,ssp585,72
45.0,-93.75,2085,ssp585,66
45.0,-88.75,2085,ssp585,92
45.0,-83.75,2085,ssp585,118
45.0,-78.75,2085,ssp585,94
45.0,-73.75,2085,ssp585,77
45.0,-68.75,2085,ssp585,78
47.535,-123.75,2085,ssp585,96
47.535,-118.75,2085,ssp585,92
47.535,-113.75,2085,ssp585,60
47.535,-108.75,2085,ssp585,82
47.535,-103.75,2085,ssp585,60
47.535,-98.75,2085,ssp585,54
47.535,-93.75,2085,ssp585,51
47.535,-88.75,2085,ssp585,115
47.535,-83.75,2085,ssp585,69
47.535,-78.75,2085,ssp585,59
47.535,-73.75,2085,ssp585,56
47.535,-68.75,2085,ssp585,57
24.718,-123.75,2086,ssp585,0
24.718,-118.75,2086,ssp585,0
24.718,-113.75,2086,ssp585,0
24.718,-108.75,2086,ssp585,0
24.718,-103.75,2086,ssp585,14
24.718,-98.75,2086,ssp585,2
24.718,-93.75,2086,ssp585,0
24.718,-88.75,2086,ssp585,0
24.718,-83.75,2086,ssp585,0
24.718,-78.75,2086,ssp585,0
24.718,-73.75,2086,ssp585,0
24.718,-68.75,2086,ssp585,0
27.254,-123.75,2086,ssp585,0
27.254,-118.75,2086,ssp585,0
27.254,-113.75,2086,ssp585,0
27.254,-108.75,2086,ssp585,10
27.254,-103.75,2086,ssp585,28
27.254,-98.75,2086,ssp585,5
27.254,-93.75,2086,ssp585,0
27.254,-88.75,2086,ssp585,0
27.254,-83.75,2086,ssp585,0
27.254,-78.75,2086,ssp585,0
27.254,-73.75,2086,ssp585,0
27.254,-68.75,2086,ssp585,0
29.789,-123.75,2086,ssp585,0
29.789,-118.75,2086,ssp585,0
29.789,-113.75,2086,ssp585,3
29.789,-108.75,2086,ssp585,58
29.789,-103.75,2086,ssp585,50
29.789,-98.75,2086,ssp585,23
29.789,-93.75,2086,ssp585,4
29.789,-88.75,2086,ssp585,2
29.789,-83.75,2086,ssp585,2
29.789,-78.75,2086,ssp585,0
29.789,-73.75,2086,ssp585,0
29.789,-68.75,2086,ssp585,0
32.324,-123.75,2086,ssp585,0
32.324,-118.75,2086,ssp585,0
32.324,-113.75,2086,ssp585,35
32.324,-108.75,2086,ssp585,85
32.324,-103.75,2086,ssp585,76
32.324,-98.75,2086,ssp585,47
32.324,-93.75,2086,ssp585,30
32.324,-88.75,2086,ssp585,19
32.324,-83.75,2086,ssp585,9
32.324,-78.75,2086,ssp585,0
32.324,-73.75,2086,ssp585,0
32.324,-68.75,2086,ssp585,0
34.859,-123.75,2086,ssp585,0
34.859,-118.75,2086,ssp585,60
34.859,-113.75,2086,ssp585,85
34.859,-108.75,2086,ssp585,97
34.859,-103.75,2086,ssp585,89
34.859,-98.75,2086,ssp585,62
34.859,-93.75,2086,ssp585,59
34.859,-88.75,2086,ssp585,43
34.859,-83.75,2086,ssp585,46
34.859,-78.75,2086,ssp585,23
34.859,-73.75,2086,ssp585,0
34.859,-68.75,2086,ssp585,0
37.394,-123.75,2086,ssp585,8
37.394,-118.75,2086,ssp585,104
37.394,-113.75,2086,ssp585,82
37.394,-108.75,2086,ssp585,65
37.394,-103.75,2086,ssp585,72
37.394,-98.75,2086,ssp585,73
37.394,-93.75,2086,ssp585,70
37.394,-88.75,2086,ssp585,60
37.394,-83.75,2086,ssp585,58
37.394,-78.75,2086,ssp585,58
37.394,-73.75,2086,ssp585,5
37.394,-68.75,2086,ssp585,0
39.93,-123.75,2086,ssp585,65
39.93,-118.75,2086,ssp585,95
39.93,-113.75,2086,ssp585,74
39.93,-108.75,2086,ssp585,57
39.93,-103.75,2086,ssp585,64
39.93,-98.75,2086,ssp585,68
39.93,-93.75,2086,ssp585,65
39.93,-88.75,2086,ssp585,69
39.93,-83.75,2086,ssp585,65
39.93,-78.75,2086,ssp585,77
39.93,-73.75,2086,ssp585,47
39.93,-68.75,2086,ssp585,16
42.465,-123.75,2086,ssp585,79
42.465,-118.75,2086,ssp585,95
42.465,-113.75,2086,ssp585,69
42.465,-108.75,2086,ssp585,53
42.465,-103.75,2086,ssp585,59
42.465,-98.75,2086,ssp585,60
42.465,-93.75,2086,ssp585,56
42.465,-88.75,2086,ssp585,82
42.465,-83.75,2086,ssp585,87
42.465,-78.75,2086,ssp585,90
42.465,-73.75,2086,ssp585,78
42.465,-68.75,2086,ssp585,64
45.0,-123.75,2086,ssp585,66
45.0,-118.75,2086,ssp585,88
45.0,-113.75,2086,ssp585,65
45.0,-108.75,2086,ssp585,50
45.0,-103.75,2086,ssp585,58
45.0,-98.75,2086,ssp585,56
45.0,-93.75,2086,ssp585,54
45.0,-88.75,2086,ssp585,66
45.0,-83.75,2086,ssp585,90
45.0,-78.75,2086,ssp585,91
45.0,-73.75,2086,ssp585,70
45.0,-68.75,2086,ssp585,75
47.535,-123.75,2086,ssp585,54
47.535,-118.75,2086,ssp585,69
47.535,-113.75,2086,ssp585,74
47.535,-108.75,2086,ssp585,57
47.535,-103.75,2086,ssp585,57
47.535,-98.75,2086,ssp585,46
47.535,-93.75,2086,ssp585,43
47.535,-88.75,2086,ssp585,78
47.535,-83.75,2086,ssp585,57
47.535,-78.75,2086,ssp585,58
47.535,-73.75,2086,ssp585,46
47.535,-68.75,2086,ssp585,46
24.718,-123.75,2087,ssp585,0
24.718,-118.75,2087,ssp585,0
24.718,-113.75,2087,ssp585,0
24.718,-108.75,2087,ssp585,0
24.718,-103.75,2087,ssp585,15
24.718,-98.75,2087,ssp585,3
24.718,-93.75,2087,ssp585,0
24.718,-88.75,2087,ssp585,0
24.718,-83.75,2087,ssp585,0
24.718,-78.75,2087,ssp585,0
24.718,-73.75,2087,ssp585,0
24.718,-68.75,2087,ssp585,0
27.254,-123.75,2087,ssp585,0
27.254,-118.75,2087,ssp585,0
27.254,-113.75,2087,ssp585,0
27.254,-108.75,2087,ssp585,14
27.254,-103.75,2087,ssp585,29
27.254,-98.75,2087,ssp585,12
27.254,-93.75,2087,ssp585,0
27.254,-88.75,2087,ssp585,0
27.254,-83.75,2087,ssp585,0
27.254,-78.75,2087,ssp585,0
27.254,-73.75,2087,ssp585,0
27.254,-68.75,2087,ssp585,0
29.789,-123.75,2087,ssp585,0
29.789,-118.75,2087,ssp585,0
29.789,-113.75,2087,ssp585,4
29.789,-108.75,2087,ssp585,33
29.789,-103.75,2087,ssp585,29
29.789,-98.75,2087,ssp585,35
29.789,-93.75,2087,ssp585,11
29.789,-88.75,2087,ssp585,0
29.789,-83.75,2087,ssp585,1
29.789,-78.75,2087,ssp585,0
29.789,-73.75,2087,ssp585,0
29.789,-68.75,2087,ssp585,0
32.324,-123.75,2087,ssp585,0
32.324,-118.75,2087,ssp585,0
32.324,-113.75,2087,ssp585,25
32.324,-108.75,2087,ssp585,50
32.324,-103.75,2087,ssp585,43
32.324,-98.75,2087,ssp585,41
32.324,-93.75,2087,ssp585,42
32.324,-88.75,2087,ssp585,41
32.324,-83.75,2087,ssp585,33
32.324,-78.75,2087,ssp585,0
32.324,-73.75,2087,ssp585,0
32.324,-68.75,2087,ssp585,0
34.859,-123.75,2087,ssp585,0
34.859,-118.75,2087,ssp585,25
34.859,-113.75,2087,ssp585,47
34.859,-108.75,2087,ssp585,108
34.859,-103.75,2087,ssp585,78
34.859,-98.75,2087,ssp585,58
34.859,-93.75,2087,ssp585,59
34.859,-88.75,2087,ssp585,68
34.859,-83.75,2087,ssp585,69
34.859,-78.75,2087,ssp585,45
34.859,-73.75,2087,ssp585,1
34.859,-68.75,2087,ssp585,0
37.394,-123.75,2087,ssp585,0
37.394,-118.75,2087,ssp585,96
37.394,-113.75,2087,ssp585,124
37.394,-108.75,2087,ssp585,120
37.394,-103.75,2087,ssp585,94
37.394,-98.75,2087,ssp585,73
37.394,-93.75,2087,ssp585,74
37.394,-88.75,2087,ssp585,75
37.394,-83.75,2087,ssp585,80
37.394,-78.75,2087,ssp585,84
37.394,-73.75,2087,ssp585,6
37.394,-68.75,2087,ssp585,0
39.93,-123.75,2087,ssp585,2
39.93,-118.75,2087,ssp585,128
39.93,-113.75,2087,ssp585,137
39.93,-108.75,2087,ssp585,105
39.93,-103.75,2087,ssp585,93
39.93,-98.75,2087,ssp585,77
39.93,-93.75,2087,ssp585,82
39.93,-88.75,2087,ssp585,88
39.93,-83.75,2087,ssp585,91
39.93,-78.75,2087,ssp585,86
39.93,-73.75,2087,ssp585,78
39.93,-68.75,2087,ssp585,20
42.465,-123.75,2087,ssp585,44
42.465,-118.75,2087,ssp585,144
42.465,-113.75,2087,ssp585,135
42.465,-108.75,2087,ssp585,93
42.465,-103.75,2087,ssp585,79
42.465,-98.75,2087,ssp585,64
42.465,-93.75,2087,ssp585,73
42.465,-88.75,2087,ssp585,90
42.465,-83.75,2087,ssp585,92
42.465,-78.75,2087,ssp585,83
42.465,-73.75,2087,ssp585,68
42.465,-68.75,2087,ssp585,93
45.0,-123.75,2087,ssp585,25
45.0,-118.75,2087,ssp585,112
45.0,-113.75,2087,ssp585,101
45.0,-108.75,2087,ssp585,80
45.0,-103.75,2087,ssp585,62
45.0,-98.75,2087,ssp585,59
45.0,-93.75,2087,ssp585,54
45.0,-88.75,2087,ssp585,76
45.0,-83.75,2087,ssp585,94
45.0,-78.75,2087,ssp585,69
45.0,-73.75,2087,ssp585,59
45.0,-68.75,2087,ssp585,66
47.535,-123.75,2087,ssp585,52
47.535,-118.75,2087,ssp585,95
47.535,-113.75,2087,ssp585,78
47.535,-108.75,2087,ssp585,61
47.535,-103.75,2087,ssp585,52
47.535,-98.75,2087,ssp585,48
47.535,-93.75,2087,ssp585,43
47.535,-88.75,2087,ssp585,98
47.535,-83.75,2087,ssp585,60
47.535,-78.75,2087,ssp585,42
47.535,-73.75,2087,ssp585,41
47.535,-68.75,2087,ssp585,43
24.718,-123.75,2088,ssp585,0
24.718,-118.75,2088,ssp585,0
24.718,-113.75,2088,ssp585,0
24.718,-108.75,2088,ssp585,0
24.718,-103.75,2088,ssp585,14
24.718,-98.75,2088,ssp585,3
24.718,-93.75,2088,ssp585,0
24.718,-88.75,2088,ssp585,0
24.718,-83.75,2088,ssp585,0
24.718,-78.75,2088,ssp585,0
24.718,-73.75,2088,ssp585,0
24.718,-68.75,2088,ssp585,0
27.254,-123.75,2088,ssp585,0
27.254,-118.75,2088,ssp585,0
27.254,-113.75,2088,ssp585,0
27.254,-108.75,2088,ssp585,14
27.254,-103.75,2088,ssp585,26
27.254,-98.75,2088,ssp585,9
27.254,-93.75,2088,ssp585,0
27.254,-88.75,2088,ssp585,0
27.254,-83.75,2088,ssp585,0
27.254,-78.75,2088,ssp585,0
27.254,-73.75,2088,ssp585,0
27.254,-68.75,2088,ssp585,0
29.789,-123.75,2088,ssp585,0
29.789,-118.75,2088,ssp585,0
29.789,-113.75,2088,ssp585,8
29.789,-108.75,2088,ssp585,54
29.789,-103.75,2088,ssp585,46
29.789,-98.75,2088,ssp585,32
29.789,-93.75,2088,ssp585,11
29.789,-88.75,2088,ssp585,2
29.789,-83.75,2088,ssp585,2
29.789,-78.75,2088,ssp585,0
29.789,-73.75,2088,ssp585,0
29.789,-68.75,2088,ssp585,0
32.324,-123.75,2088,ssp585,0
32.324,-118.75,2088,ssp585,0
32.324,-113.75,2088,ssp585,31
32.324,-108.75,2088,ssp585,80
32.324,-103.75,2088,ssp585,74
32.324,-98.75,2088,ssp585,56
32.324,-93.75,2088,ssp585,44
32.324,-88.75,2088,ssp585,43
32.324,-83.75,2088,ssp585,41
32.324,-78.75,2088,ssp585,0
32.324,-73.75,2088,ssp585,0
32.324,-68.75,2088,ssp585,0
34.859,-123.75,2088,ssp585,0
34.859,-118.75,2088,ssp585,43
34.859,-113.75,2088,ssp585,78
34.859,-108.75,2088,ssp585,75
34.859,-103.75,2088,ssp585,67
34.859,-98.75,2088,ssp585,64
34.859,-93.75,2088,ssp585,55
34.859,-88.75,2088,ssp585,53
34.859,-83.75,2088,ssp585,50
34.859,-78.75,2088,ssp585,47
34.859,-73.75,2088,ssp585,0
34.859,-68.75,2088,ssp585,0
37.394,-123.75,2088,ssp585,3
37.394,-118.75,2088,ssp585,87
37.394,-113.75,2088,ssp585,58
37.394,-108.75,2088,ssp585,53
37.394,-103.75,2088,ssp585,52
37.394,-98.75,2088,ssp585,62
37.394,-93.75,2088,ssp585,64
37.394,-88.75,2088,ssp585,59
37.394,-83.75,2088,ssp585,50
37.394,-78.75,2088,ssp585,53
37.394,-73.75,2088,ssp585,3
37.394,-68.75,2088,ssp585,0
39.93,-123.75,2088,ssp585,32
39.93,-118.75,2088,ssp585,73
39.93,-113.75,2088,ssp585,56
39.93,-108.75,2088,ssp585,59
39.93,-103.75,2088,ssp585,40
39.93,-98.75,2088,ssp585,52
39.93,-93.75,2088,ssp585,51
39.93,-88.75,2088,ssp585,66
39.93,-83.75,2088,ssp585,67
39.93,-78.75,2088,ssp585,65
39.93,-73.75,2088,ssp585,67
39.93,-68.75,2088,ssp585,9
42.465,-123.75,2088,ssp585,81
42.465,-118.75,2088,ssp585,77
42.465,-113.75,2088,ssp585,59
42.465,-108.75,2088,ssp585,62
42.465,-103.75,2088,ssp585,39
42.465,-98.75,2088,ssp585,50
42.465,-93.75,2088,ssp585,50
42.465,-88.75,2088,ssp585,72
42.465,-83.75,2088,ssp585,75
42.465,-78.75,2088,ssp585,82
42.465,-73.75,2088,ssp585,62
42.465,-68.75,2088,ssp585,55
45.0,-123.75,2088,ssp585,56
45.0,-118.75,2088,ssp585,80
45.0,-113.75,2088,ssp585,72
45.0,-108.75,2088,ssp585,57
45.0,-103.75,2088,ssp585,42
45.0,-98.75,2088,ssp585,43
45.0,-93.75,2088,ssp585,41
45.0,-88.75,2088,ssp585,69
45.0,-83.75,2088,ssp585,88
45.0,-78.75,2088,ssp585,79
45.0,-73.75,2088,ssp585,50
45.0,-68.75,2088,ssp585,69
47.535,-123.75,2088,ssp585,71
47.535,-118.75,2088,ssp585,86
47.535,-113.75,2088,ssp585,58
47.535,-108.75,2088,ssp585,48
47.535,-103.75,2088,ssp585,44
47.535,-98.75,2088,ssp585,37
47.535,-93.75,2088,ssp585,44
47.535,-88.75,2088,ssp585,89
47.535,-83.75,2088,ssp585,65
47.535,-78.75,2088,ssp585,59
47.535,-73.75,2088,ssp585,50
47.535,-68.75,2088,ssp585,48
24.718,-123.75,2089,ssp585,0
24.718,-118.75,2089,ssp585,0
24.718,-113.75,2089,ssp585,0
24.718,-108.75,2089,ssp585,0
24.718,-103.75,2089,ssp585,18
24.718,-98.75,2089,ssp585,0
24.718,-93.75,2089,ssp585,0
24.718,-88.75,2089,ssp585,0
24.718,-83.75,2089,ssp585,0
24.718,-78.75,2089,ssp585,0
24.718,-73.75,2089,ssp585,0
24.718,-68.75,2089,ssp585,0
27.254,-123.75,2089,ssp585,0
27.254,-118.75,2089,ssp585,0
27.254,-113.75,2089,ssp585,0
27.254,-108.75,2089,ssp585,3
27.254,-103.75,2089,ssp585,17
27.254,-98.75,2089,ssp585,0
27.254,-93.75,2089,ssp585,0
27.254,-88.75,2089,ssp585,0
27.254,-83.75,2089,ssp585,0
27.254,-78.75,2089,ssp585,0
27.254,-73.75,2089,ssp585,0
27.254,-68.75,2089,ssp585,0
29.789,-123.75,2089,ssp585,0
29.789,-118.75,2089,ssp585,0
29.789,-113.75,2089,ssp585,0
29.789,-108.75,2089,ssp585,44
29.789,-103.75,2089,ssp585,23
29.789,-98.75,2089,ssp585,14
29.789,-93.75,2089,ssp585,4
29.789,-88.75,2089,ssp585,0
29.789,-83.75,2089,ssp585,5
29.789,-78.75,2089,ssp585,0
29.789,-73.75,2089,ssp585,0
29.789,-68.75,2089,ssp585,0
32.324,-123.75,2089,ssp585,0
32.324,-118.75,2089,ssp585,0
32.324,-113.75,2089,ssp585,9
32.324,-108.75,2089,ssp585,75
32.324,-103.75,2089,ssp585,68
32.324,-98.75,2089,ssp585,32
32.324,-93.75,2089,ssp585,26
32.324,-88.75,2089,ssp585,31
32.324,-83.75,2089,ssp585,30
32.324,-78.75,2089,ssp585,1
32.324,-73.75,2089,ssp585,0
32.324,-68.75,2089,ssp585,0
34.859,-123.75,2089,ssp585,0
34.859,-118.75,2089,ssp585,11
34.859,-113.75,2089,ssp585,63
34.859,-108.75,2089,ssp585,90
34.859,-103.75,2089,ssp585,86
34.859,-98.75,2089,ssp585,57
34.859,-93.75,2089,ssp585,41
34.859,-88.75,2089,ssp585,57
34.859,-83.75,2089,ssp585,73
34.859,-78.75,2089,ssp585,35
34.859,-73.75,2089,ssp585,0
34.859,-68.75,2089,ssp585,0
37.394,-123.75,2089,ssp585,0
37.394,-118.75,2089,ssp585,104
37.394,-113.75,2089,ssp585,97
37.394,-108.75,2089,ssp585,96
37.394,-103.75,2089,ssp585,91
37.394,-98.75,2089,ssp585,79
37.394,-93.75,2089,ssp585,80
37.394,-88.75,2089,ssp585,83
37.394,-83.75,2089,ssp585,85
37.394,-78.75,2089,ssp585,87
37.394,-73.75,2089,ssp585,7
37.394,-68.75,2089,ssp585,0
39.93,-123.75,2089,ssp585,4
39.93,-118.75,2089,ssp585,101
39.93,-113.75,2089,ssp585,85
39.93,-108.75,2089,ssp585,89
39.93,-103.75,2089,ssp585,81
39.93,-98.75,2089,ssp585,83
39.93,-93.75,2089,ssp585,85
39.93,-88.75,2089,ssp585,88
39.93,-83.75,2089,ssp585,87
39.93,-78.75,2089,ssp585,89
39.93,-73.75,2089,ssp585,63
39.93,-68.75,2089,ssp585,13
42.465,-123.75,2089,ssp585,64
42.465,-118.75,2089,ssp585,98
42.465,-113.75,2089,ssp585,86
42.465,-108.75,2089,ssp585,80
42.465,-103.75,2089,ssp585,72
42.465,-98.75,2089,ssp585,65
42.465,-93.75,2089,ssp585,67
42.465,-88.75,2089,ssp585,81
42.465,-83.75,2089,ssp585,84
42.465,-78.75,2089,ssp585,89
42.465,-73.75,2089,ssp585,80
42.465,-68.75,2089,ssp585,66
45.0,-123.75,2089,ssp585,50
45.0,-118.75,2089,ssp585,99
45.0,-113.75,2089,ssp585,86
45.0,-108.75,2089,ssp585,80
45.0,-103.75,2089,ssp585,60
45.0,-98.75,2089,ssp585,59
45.0,-93.75,2089,ssp585,55
45.0,-88.75,2089,ssp585,64
45.0,-83.75,2089,ssp585,87
45.0,-78.75,2089,ssp585,64
45.0,-73.75,2089,ssp585,56
45.0,-68.75,2089,ssp585,81
47.535,-123.75,2089,ssp585,57
47.535,-118.75,2089,ssp585,96
47.535,-113.75,2089,ssp585,89
47.535,-108.75,2089,ssp585,69
47.535,-103.75,2089,ssp585,55
47.535,-98.75,2089,ssp585,44
47.535,-93.75,2089,ssp585,51
47.535,-88.75,2089,ssp585,95
47.535,-83.75,2089,ssp585,57
47.535,-78.75,2089,ssp585,54
47.535,-73.75,2089,ssp585,50
47.535,-68.75,2089,ssp585,55
24.718,-123.75,2090,ssp585,0
24.718,-118.75,2090,ssp585,0
24.718,-113.75,2090,ssp585,0
24.718,-108.75,2090,ssp585,0
24.718,-103.75,2090,ssp585,19
24.718,-98.75,2090,ssp585,1
24.718,-93.75,2090,ssp585,0
24.718,-88.75,2090,ssp585,0
24.718,-83.75,2090,ssp585,0
24.718,-78.75,2090,ssp585,0
24.718,-73.75,2090,ssp585,0
24.718,-68.75,2090,ssp585,0
27.254,-123.75,2090,ssp585,0
27.254,-118.75,2090,ssp585,0
27.254,-113.75,2090,ssp585,0
27.254,-108.75,2090,ssp585,6
27.254,-103.75,2090,ssp585,22
27.254,-98.75,2090,ssp585,12
27.254,-93.75,2090,ssp585,0
27.254,-88.75,2090,ssp585,0
27.254,-83.75,2090,ssp585,0
27.254,-78.75,2090,ssp585,0
27.254,-73.75,2090,ssp585,0
27.254,-68.75,2090,ssp585,0
29.789,-123.75,2090,ssp585,0
29.789,-118.75,2090,ssp585,0
29.789,-113.75,2090,ssp585,2
29.789,-108.75,2090,ssp585,32
29.789,-103.75,2090,ssp585,27
29.789,-98.75,2090,ssp585,30
29.789,-93.75,2090,ssp585,8
29.789,-88.75,2090,ssp585,0
29.789,-83.75,2090,ssp585,4
29.789,-78.75,2090,ssp585,0
29.789,-73.75,2090,ssp585,0
29.789,-68.75,2090,ssp585,0
32.324,-123.75,2090,ssp585,0
32.324,-118.75,2090,ssp585,0
32.324,-113.75,2090,ssp585,16
32.324,-108.75,2090,ssp585,58
32.324,-103.75,2090,ssp585,44
32.324,-98.75,2090,ssp585,42
32.324,-93.75,2090,ssp585,38
32.324,-88.75,2090,ssp585,37
32.324,-83.75,2090,ssp585,19
32.324,-78.75,2090,ssp585,0
32.324,-73.75,2090,ssp585,0
32.324,-68.75,2090,ssp585,0
34.859,-123.75,2090,ssp585,0
34.859,-118.75,2090,ssp585,17
34.859,-113.75,2090,ssp585,48
34.859,-108.75,2090,ssp585,107
34.859,-103.75,2090,ssp585,77
34.859,-98.75,2090,ssp585,56
34.859,-93.75,2090,ssp585,60
34.859,-88.75,2090,ssp585,64
34.859,-83.75,2090,ssp585,54
34.859,-78.75,2090,ssp585,22
34.859,-73.75,2090,ssp585,0
34.859,-68.75,2090,ssp585,0
37.394,-123.75,2090,ssp585,0
37.394,-118.75,2090,ssp585,89
37.394,-113.75,2090,ssp585,95
37.394,-108.75,2090,ssp585,99
37.394,-103.75,2090,ssp585,82
37.394,-98.75,2090,ssp585,54
37.394,-93.75,2090,ssp585,77
37.394,-88.75,2090,ssp585,76
37.394,-83.75,2090,ssp585,74
37.394,-78.75,2090,ssp585,72
37.394,-73.75,2090,ssp585,3
37.394,-68.75,2090,ssp585,0
39.93,-123.75,2090,ssp585,10
39.93,-118.75,2090,ssp585,112
39.93,-113.75,2090,ssp585,101
39.93,-108.75,2090,ssp585,92
39.93,-103.75,2090,ssp585,79
39.93,-98.75,2090,ssp585,59
39.93,-93.75,2090,ssp585,66
39.93,-88.75,2090,ssp585,83
39.93,-83.75,2090,ssp585,81
39.93,-78.75,2090,ssp585,93
39.93,-73.75,2090,ssp585,64
39.93,-68.75,2090,ssp585,5
42.465,-123.75,2090,ssp585,44
42.465,-118.75,2090,ssp585,109
42.465,-113.75,2090,ssp585,99
42.465,-108.75,2090,ssp585,85
42.465,-103.75,2090,ssp585,74
42.465,-98.75,2090,ssp585,60
42.465,-93.75,2090,ssp585,63
42.465,-88.75,2090,ssp585,92
42.465,-83.75,2090,ssp585,102
42.465,-78.75,2090,ssp585,105
42.465,-73.75,2090,ssp585,73
42.465,-68.75,2090,ssp585,60
45.0,-123.75,2090,ssp585,24
45.0,-118.75,2090,ssp585,102
45.0,-113.75,2090,ssp585,96
45.0,-108.75,2090,ssp585,79
45.0,-103.75,2090,ssp585,69
45.0,-98.75,2090,ssp585,59
45.0,-93.75,2090,ssp585,55
45.0,-88.75,2090,ssp585,73
45.0,-83.75,2090,ssp585,109
45.0,-78.75,2090,ssp585,93
45.0,-73.75,2090,ssp585,72
45.0,-68.75,2090,ssp585,87
47.535,-123.75,2090,ssp585,29
47.535,-118.75,2090,ssp585,84
47.535,-113.75,2090,ssp585,92
47.535,-108.75,2090,ssp585,67
47.535,-103.75,2090,ssp585,71
47.535,-98.75,2090,ssp585,57
47.535,-93.75,2090,ssp585,47
47.535,-88.75,2090,ssp585,96
47.535,-83.75,2090,ssp585,56
47.535,-78.75,2090,ssp585,52
47.535,-73.75,2090,ssp585,47
47.535,-68.75,2090,ssp585,54
24.718,-123.75,2091,ssp585,0
24.718,-118.75,2091,ssp585,0
24.718,-113.75,2091,ssp585,0
24.718,-108.75,2091,ssp585,0
24.718,-103.75,2091,ssp585,23
24.718,-98.75,2091,ssp585,0
24.718,-93.75,2091,ssp585,0
24.718,-88.75,2091,ssp585,0
24.718,-83.75,2091,ssp585,0
24.718,-78.75,2091,ssp585,0
24.718,-73.75,2091,ssp585,0
24.718,-68.75,2091,ssp585,0
27.254,-123.75,2091,ssp585,0
27.254,-118.75,2091,ssp585,0
27.254,-113.75,2091,ssp585,0
27.254,-108.75,2091,ssp585,7
27.254,-103.75,2091,ssp585,32
27.254,-98.75,2091,ssp585,6
27.254,-93.75,2091,ssp585,0
27.254,-88.75,2091,ssp585,0
27.254,-83.75,2091,ssp585,0
27.254,-78.75,2091,ssp585,0
27.254,-73.75,2091,ssp585,0
27.254,-68.75,2091,ssp585,0
29.789,-123.75,2091,ssp585,0
29.789,-118.75,2091,ssp585,0
29.789,-113.75,2091,ssp585,0
29.789,-108.75,2091,ssp585,43
29.789,-103.75,2091,ssp585,51
29.789,-98.75,2091,ssp585,30
29.789,-93.75,2091,ssp585,6
29.789,-88.75,2091,ssp585,0
29.789,-83.75,2091,ssp585,3
29.789,-78.75,2091,ssp585,0
29.789,-73.75,2091,ssp585,0
29.789,-68.75,2091,ssp585,0
32.324,-123.75,2091,ssp585,0
32.324,-118.75,2091,ssp585,0
32.324,-113.75,2091,ssp585,14
32.324,-108.75,2091,ssp585,93
32.324,-103.75,2091,ssp585,82
32.324,-98.75,2091,ssp585,64
32.324,-93.75,2091,ssp585,36
32.324,-88.75,2091,ssp585,34
32.324,-83.75,2091,ssp585,25
32.324,-78.75,2091,ssp585,0
32.324,-73.75,2091,ssp585,0
32.324,-68.75,2091,ssp585,0
34.859,-123.75,2091,ssp585,0
34.859,-118.75,2091,ssp585,11
34.859,-113.75,2091,ssp585,78
34.859,-108.75,2091,ssp585,99
34.859,-103.75,2091,ssp585,83
34.859,-98.75,2091,ssp585,78
34.859,-93.75,2091,ssp585,67
34.859,-88.75,2091,ssp585,65
34.859,-83.75,2091,ssp585,63
34.859,-78.75,2091,ssp585,31
34.859,-73.75,2091,ssp585,0
34.859,-68.75,2091,ssp585,0
37.394,-123.75,2091,ssp585,0
37.394,-118.75,2091,ssp585,117
37.394,-113.75,2091,ssp585,102
37.394,-108.75,2091,ssp585,82
37.394,-103.75,2091,ssp585,73
37.394,-98.75,2091,ssp585,80
37.394,-93.75,2091,ssp585,75
37.394,-88.75,2091,ssp585,76
37.394,-83.75,2091,ssp585,65
37.394,-78.75,2091,ssp585,66
37.394,-73.75,2091,ssp585,1
37.394,-68.75,2091,ssp585,0
39.93,-123.75,2091,ssp585,10
39.93,-118.75,2091,ssp585,106
39.93,-113.75,2091,ssp585,93
39.93,-108.75,2091,ssp585,72
39.93,-103.75,2091,ssp585,70
39.93,-98.75,2091,ssp585,74
39.93,-93.75,2091,ssp585,82
39.93,-88.75,2091,ssp585,77
39.93,-83.75,2091,ssp585,78
39.93,-78.75,2091,ssp585,76
39.93,-73.75,2091,ssp585,71
39.93,-68.75,2091,ssp585,3
42.465,-123.75,2091,ssp585,56
42.465,-118.75,2091,ssp585,95
42.465,-113.75,2091,ssp585,86
42.465,-108.75,2091,ssp585,68
42.465,-103.75,2091,ssp585,75
42.465,-98.75,2091,ssp585,71
42.465,-93.75,2091,ssp585,80
42.465,-88.75,2091,ssp585,93
42.465,-83.75,2091,ssp585,94
42.465,-78.75,2091,ssp585,85
42.465,-73.75,2091,ssp585,65
42.465,-68.75,2091,ssp585,69
45.0,-123.75,2091,ssp585,42
45.0,-118.75,2091,ssp585,105
45.0,-113.75,2091,ssp585,81
45.0,-108.75,2091,ssp585,73
45.0,-103.75,2091,ssp585,67
45.0,-98.75,2091,ssp585,60
45.0,-93.75,2091,ssp585,58
45.0,-88.75,2091,ssp585,85
45.0,-83.75,2091,ssp585,106
45.0,-78.75,2091,ssp585,88
45.0,-73.75,2091,ssp585,68
45.0,-68.75,2091,ssp585,82
47.535,-123.75,2091,ssp585,46
47.535,-118.75,2091,ssp585,105
47.535,-113.75,2091,ssp585,80
47.535,-108.75,2091,ssp585,72
47.535,-103.75,2091,ssp585,56
47.535,-98.75,2091,ssp585,49
47.535,-93.75,2091,ssp585,46
47.535,-88.75,2091,ssp585,99
47.535,-83.75,2091,ssp585,71
47.535,-78.75,2091,ssp585,59
47.535,-73.75,2091,ssp585,54
47.535,-68.75,2091,ssp585,57
24.718,-123.75,2092,ssp585,0
24.718,-118.75,2092,ssp585,0
24.718,-113.75,2092,ssp585,0
24.718,-108.75,2092,ssp585,0
24.718,-103.75,2092,ssp585,7
24.718,-98.75,2092,ssp585,3
24.718,-93.75,2092,ssp585,0
24.718,-88.75,2092,ssp585,0
24.718,-83.75,2092,ssp585,0
24.718,-78.75,2092,ssp585,0
24.718,-73.75,2092,ssp585,0
24.718,-68.75,2092,ssp585,0
27.254,-123.75,2092,ssp585,0
27.254,-118.75,2092,ssp585,0
27.254,-113.75,2092,ssp585,0
27.254,-108.75,2092,ssp585,3
27.254,-103.75,2092,ssp585,17
27.254,-98.75,2092,ssp585,10
27.254,-93.75,2092,ssp585,0
27.254,-88.75,2092,ssp585,0
27.254,-83.75,2092,ssp585,0
27.254,-78.75,2092,ssp585,0
27.254,-73.75,2092,ssp585,0
27.254,-68.75,2092,ssp585,0
29.789,-123.75,2092,ssp585,0
29.789,-118.75,2092,ssp585,0
29.789,-113.75,2092,ssp585,0
29.789,-108.75,2092,ssp585,44
29.789,-103.75,2092,ssp585,28
29.789,-98.75,2092,ssp585,26
29.789,-93.75,2092,ssp585,12
29.789,-88.75,2092,ssp585,3
29.789,-83.75,2092,ssp585,5
29.789,-78.75,2092,ssp585,0
29.789,-73.75,2092,ssp585,0
29.789,-68.75,2092,ssp585,0
32.324,-123.75,2092,ssp585,0
32.324,-118.75,2092,ssp585,0
32.324,-113.75,2092,ssp585,2
32.324,-108.75,2092,ssp585,89
32.324,-103.75,2092,ssp585,66
32.324,-98.75,2092,ssp585,55
32.324,-93.75,2092,ssp585,47
32.324,-88.75,2092,ssp585,59
32.324,-83.75,2092,ssp585,51
32.324,-78.75,2092,ssp585,4
32.324,-73.75,2092,ssp585,0
32.324,-68.75,2092,ssp585,0
34.859,-123.75,2092,ssp585,0
34.859,-118.75,2092,ssp585,5
34.859,-113.75,2092,ssp585,79
34.859,-108.75,2092,ssp585,94
34.859,-103.75,2092,ssp585,95
34.859,-98.75,2092,ssp585,70
34.859,-93.75,2092,ssp585,72
34.859,-88.75,2092,ssp585,82
34.859,-83.75,2092,ssp585,68
34.859,-78.75,2092,ssp585,67
34.859,-73.75,2092,ssp585,0
34.859,-68.75,2092,ssp585,0
37.394,-123.75,2092,ssp585,0
37.394,-118.75,2092,ssp585,123
37.394,-113.75,2092,ssp585,91
37.394,-108.75,2092,ssp585,83
37.394,-103.75,2092,ssp585,89
37.394,-98.75,2092,ssp585,75
37.394,-93.75,2092,ssp585,67
37.394,-88.75,2092,ssp585,70
37.394,-83.75,2092,ssp585,52
37.394,-78.75,2092,ssp585,61
37.394,-73.75,2092,ssp585,18
37.394,-68.75,2092,ssp585,0
39.93,-123.75,2092,ssp585,4
39.93,-118.75,2092,ssp585,104
39.93,-113.75,2092,ssp585,93
39.93,-108.75,2092,ssp585,67
39.93,-103.75,2092,ssp585,84
39.93,-98.75,2092,ssp585,64
39.93,-93.75,2092,ssp585,54
39.93,-88.75,2092,ssp585,56
39.93,-83.75,2092,ssp585,57
39.93,-78.75,2092,ssp585,59
39.93,-73.75,2092,ssp585,86
39.93,-68.75,2092,ssp585,20
42.465,-123.75,2092,ssp585,69
42.465,-118.75,2092,ssp585,106
42.465,-113.75,2092,ssp585,90
42.465,-108.75,2092,ssp585,71
42.465,-103.75,2092,ssp585,84
42.465,-98.75,2092,ssp585,59
42.465,-93.75,2092,ssp585,47
42.465,-88.75,2092,ssp585,66
42.465,-83.75,2092,ssp585,63
42.465,-78.75,2092,ssp585,68
42.465,-73.75,2092,ssp585,54
42.465,-68.75,2092,ssp585,76
45.0,-123.75,2092,ssp585,29
45.0,-118.75,2092,ssp585,123
45.0,-113.75,2092,ssp585,83
45.0,-108.75,2092,ssp585,82
45.0,-103.75,2092,ssp585,75
45.0,-98.75,2092,ssp585,54
45.0,-93.75,2092,ssp585,50
45.0,-88.75,2092,ssp585,57
45.0,-83.75,2092,ssp585,86
45.0,-78.75,2092,ssp585,75
45.0,-73.75,2092,ssp585,49
45.0,-68.75,2092,ssp585,81
47.535,-123.75,2092,ssp585,55
47.535,-118.75,2092,ssp585,115
47.535,-113.75,2092,ssp585,89
47.535,-108.75,2092,ssp585,78
47.535,-103.75,2092,ssp585,69
47.535,-98.75,2092,ssp585,58
47.535,-93.75,2092,ssp585,50
47.535,-88.75,2092,ssp585,85
47.535,-83.75,2092,ssp585,48
47.535,-78.75,2092,ssp585,49
47.535,-73.75,2092,ssp585,44
47.535,-68.75,2092,ssp585,49
24.718,-123.75,2093,ssp585,0
24.718,-118.75,2093,ssp585,0
24.718,-113.75,2093,ssp585,0
24.718,-108.75,2093,ssp585,0
24.718,-103.75,2093,ssp585,15
24.718,-98.75,2093,ssp585,4
24.718,-93.75,2093,ssp585,0
24.718,-88.75,2093,ssp585,0
24.718,-83.75,2093,ssp585,0
24.718,-78.75,2093,ssp585,0
24.718,-73.75,2093,ssp585,0
24.718,-68.75,2093,ssp585,0
27.254,-123.75,2093,ssp585,0
27.254,-118.75,2093,ssp585,0
27.254,-113.75,2093,ssp585,0
27.254,-108.75,2093,ssp585,4
27.254,-103.75,2093,ssp585,30
27.254,-98.75,2093,ssp585,13
27.254,-93.75,2093,ssp585,0
27.254,-88.75,2093,ssp585,0
27.254,-83.75,2093,ssp585,0
27.254,-78.75,2093,ssp585,0
27.254,-73.75,2093,ssp585,0
27.254,-68.75,2093,ssp585,0
29.789,-123.75,2093,ssp585,0
29.789,-118.75,2093,ssp585,0
29.789,-113.75,2093,ssp585,2
29.789,-108.75,2093,ssp585,54
29.789,-103.75,2093,ssp585,60
29.789,-98.75,2093,ssp585,33
29.789,-93.75,2093,ssp585,15
29.789,-88.75,2093,ssp585,5
29.789,-83.75,2093,ssp585,5
29.789,-78.75,2093,ssp585,0
29.789,-73.75,2093,ssp585,0
29.789,-68.75,2093,ssp585,0
32.324,-123.75,2093,ssp585,0
32.324,-118.75,2093,ssp585,0
32.324,-113.75,2093,ssp585,26
32.324,-108.75,2093,ssp585,76
32.324,-103.75,2093,ssp585,67
32.324,-98.75,2093,ssp585,52
32.324,-93.75,2093,ssp585,42
32.324,-88.75,2093,ssp585,43
32.324,-83.75,2093,ssp585,31
32.324,-78.75,2093,ssp585,2
32.324,-73.75,2093,ssp585,0
32.324,-68.75,2093,ssp585,0
34.859,-123.75,2093,ssp585,0
34.859,-118.75,2093,ssp585,28
34.859,-113.75,2093,ssp585,81
34.859,-108.75,2093,ssp585,73
34.859,-103.75,2093,ssp585,71
34.859,-98.75,2093,ssp585,64
34.859,-93.75,2093,ssp585,56
34.859,-88.75,2093,ssp585,56
34.859,-83.75,2093,ssp585,55
34.859,-78.75,2093,ssp585,32
34.859,-73.75,2093,ssp585,0
34.859,-68.75,2093,ssp585,0
37.394,-123.75,2093,ssp585,0
37.394,-118.75,2093,ssp585,96
37.394,-113.75,2093,ssp585,63
37.394,-108.75,2093,ssp585,53
37.394,-103.75,2093,ssp585,62
37.394,-98.75,2093,ssp585,66
37.394,-93.75,2093,ssp585,66
37.394,-88.75,2093,ssp585,67
37.394,-83.75,2093,ssp585,59
37.394,-78.75,2093,ssp585,58
37.394,-73.75,2093,ssp585,9
37.394,-68.75,2093,ssp585,1
39.93,-123.75,2093,ssp585,19
39.93,-118.75,2093,ssp585,74
39.93,-113.75,2093,ssp585,62
39.93,-108.75,2093,ssp585,50
39.93,-103.75,2093,ssp585,62
39.93,-98.75,2093,ssp585,69
39.93,-93.75,2093,ssp585,70
39.93,-88.75,2093,ssp585,65
39.93,-83.75,2093,ssp585,68
39.93,-78.75,2093,ssp585,74
39.93,-73.75,2093,ssp585,60
39.93,-68.75,2093,ssp585,18
42.465,-123.75,2093,ssp585,69
42.465,-118.75,2093,ssp585,82
42.465,-113.75,2093,ssp585,58
42.465,-108.75,2093,ssp585,58
42.465,-103.75,2093,ssp585,55
42.465,-98.75,2093,ssp585,64
42.465,-93.75,2093,ssp585,53
42.465,-88.75,2093,ssp585,71
42.465,-83.75,2093,ssp585,77
42.465,-78.75,2093,ssp585,82
42.465,-73.75,2093,ssp585,68
42.465,-68.75,2093,ssp585,62
45.0,-123.75,2093,ssp585,55
45.0,-118.75,2093,ssp585,97
45.0,-113.75,2093,ssp585,62
45.0,-108.75,2093,ssp585,64
45.0,-103.75,2093,ssp585,55
45.0,-98.75,2093,ssp585,59
45.0,-93.75,2093,ssp585,44
45.0,-88.75,2093,ssp585,69
45.0,-83.75,2093,ssp585,94
45.0,-78.75,2093,ssp585,71
45.0,-73.75,2093,ssp585,62
45.0,-68.75,2093,ssp585,78
47.535,-123.75,2093,ssp585,63
47.535,-118.75,2093,ssp585,97
47.535,-113.75,2093,ssp585,71
47.535,-108.75,2093,ssp585,66
47.535,-103.75,2093,ssp585,56
47.535,-98.75,2093,ssp585,48
47.535,-93.75,2093,ssp585,37
47.535,-88.75,2093,ssp585,87
47.535,-83.75,2093,ssp585,64
47.535,-78.75,2093,ssp585,57
47.535,-73.75,2093,ssp585,55
47.535,-68.75,2093,ssp585,58
24.718,-123.75,2094,ssp585,0
24.718,-118.75,2094,ssp585,0
24.718,-113.75,2094,ssp585,0
24.718,-108.75,2094,ssp585,0
24.718,-103.75,2094,ssp585,7
24.718,-98.75,2094,ssp585,2
24.718,-93.75,2094,ssp585,0
24.718,-88.75,2094,ssp585,0
24.718,-83.75,2094,ssp585,0
24.718,-78.75,2094,ssp585,0
24.718,-73.75,2094,ssp585,0
24.718,-68.75,2094,ssp585,0
27.254,-123.75,2094,ssp585,0
27.254,-118.75,2094,ssp585,0
27.254,-113.75,2094,ssp585,0
27.254,-108.75,2094,ssp585,3
27.254,-103.75,2094,ssp585,14
27.254,-98.75,2094,ssp585,4
27.254,-93.75,2094,ssp585,0
27.254,-88.75,2094,ssp585,0
27.254,-83.75,2094,ssp585,0
27.254,-78.75,2094,ssp585,0
27.254,-73.75,2094,ssp585,0
27.254,-68.75,2094,ssp585,0
29.789,-123.75,2094,ssp585,0
29.789,-118.75,2094,ssp585,0
29.789,-113.75,2094,ssp585,0
29.789,-108.75,2094,ssp585,15
29.789,-103.75,2094,ssp585,39
29.789,-98.75,2094,ssp585,12
29.789,-93.75,2094,ssp585,4
29.789,-88.75,2094,ssp585,2
29.789,-83.75,2094,ssp585,2
29.789,-78.75,2094,ssp585,0
29.789,-73.75,2094,ssp585,0
29.789,-68.75,2094,ssp585,0
32.324,-123.75,2094,ssp585,0
32.324,-118.75,2094,ssp585,0
32.324,-113.75,2094,ssp585,4
32.324,-108.75,2094,ssp585,75
32.324,-103.75,2094,ssp585,59
32.324,-98.75,2094,ssp585,46
32.324,-93.75,2094,ssp585,24
32.324,-88.75,2094,ssp585,33
32.324,-83.75,2094,ssp585,30
32.324,-78.75,2094,ssp585,1
32.324,-73.75,2094,ssp585,0
32.324,-68.75,2094,ssp585,0
34.859,-123.75,2094,ssp585,0
34.859,-118.75,2094,ssp585,4
34.859,-113.75,2094,ssp585,51
34.859,-108.75,2094,ssp585,101
34.859,-103.75,2094,ssp585,75
34.859,-98.75,2094,ssp585,65
34.859,-93.75,2094,ssp585,59
34.859,-88.75,2094,ssp585,59
34.859,-83.75,2094,ssp585,57
34.859,-78.75,2094,ssp585,42
34.859,-73.75,2094,ssp585,0
34.859,-68.75,2094,ssp585,0
37.394,-123.75,2094,ssp585,0
37.394,-118.75,2094,ssp585,112
37.394,-113.75,2094,ssp585,114
37.394,-108.75,2094,ssp585,86
37.394,-103.75,2094,ssp585,89
37.394,-98.75,2094,ssp585,73
37.394,-93.75,2094,ssp585,69
37.394,-88.75,2094,ssp585,64
37.394,-83.75,2094,ssp585,60
37.394,-78.75,2094,ssp585,57
37.394,-73.75,2094,ssp585,9
37.394,-68.75,2094,ssp585,0
39.93,-123.75,2094,ssp585,1
39.93,-118.75,2094,ssp585,118
39.93,-113.75,2094,ssp585,97
39.93,-108.75,2094,ssp585,89
39.93,-103.75,2094,ssp585,87
39.93,-98.75,2094,ssp585,74
39.93,-93.75,2094,ssp585,74
39.93,-88.75,2094,ssp585,68
39.93,-83.75,2094,ssp585,64
39.93,-78.75,2094,ssp585,60
39.93,-73.75,2094,ssp585,61
39.93,-68.75,2094,ssp585,15
42.465,-123.75,2094,ssp585,28
42.465,-118.75,2094,ssp585,111
42.465,-113.75,2094,ssp585,95
42.465,-108.75,2094,ssp585,86
42.465,-103.75,2094,ssp585,89
42.465,-98.75,2094,ssp585,76
42.465,-93.75,2094,ssp585,79
42.465,-88.75,2094,ssp585,90
42.465,-83.75,2094,ssp585,85
42.465,-78.75,2094,ssp585,91
42.465,-73.75,2094,ssp585,56
42.465,-68.75,2094,ssp585,59
45.0,-123.75,2094,ssp585,26
45.0,-118.75,2094,ssp585,111
45.0,-113.75,2094,ssp585,99
45.0,-108.75,2094,ssp585,96
45.0,-103.75,2094,ssp585,75
45.0,-98.75,2094,ssp585,63
45.0,-93.75,2094,ssp585,60
45.0,-88.75,2094,ssp585,77
45.0,-83.75,2094,ssp585,99
45.0,-78.75,2094,ssp585,91
45.0,-73.75,2094,ssp585,65
45.0,-68.75,2094,ssp585,68
47.535,-123.75,2094,ssp585,41
47.535,-118.75,2094,ssp585,105
47.535,-113.75,2094,ssp585,88
47.535,-108.75,2094,ssp585,72
47.535,-103.75,2094,ssp585,66
47.535,-98.75,2094,ssp585,56
47.535,-93.75,2094,ssp585,50
47.535,-88.75,2094,ssp585,94
47.535,-83.75,2094,ssp585,69
47.535,-78.75,2094,ssp585,61
47.535,-73.75,2094,ssp585,52
47.535,-68.75,2094,ssp585,62
24.718,-123.75,2095,ssp585,0
24.718,-118.75,2095,ssp585,0
24.718,-113.75,2095,ssp585,0
24.718,-108.75,2095,ssp585,0
24.718,-103.75,2095,ssp585,11
24.718,-98.75,2095,ssp585,1
24.718,-93.75,2095,ssp585,0
24.718,-88.75,2095,ssp585,0
24.718,-83.75,2095,ssp585,0
24.718,-78.75,2095,ssp585,0
24.718,-73.75,2095,ssp585,0
24.718,-68.75,2095,ssp585,0
27.254,-123.75,2095,ssp585,0
27.254,-118.75,2095,ssp585,0
27.254,-113.75,2095,ssp585,0
27.254,-108.75,2095,ssp585,3
27.254,-103.75,2095,ssp585,28
27.254,-98.75,2095,ssp585,3
27.254,-93.75,2095,ssp585,0
27.254,-88.75,2095,ssp585,0
27.254,-83.75,2095,ssp585,0
27.254,-78.75,2095,ssp585,0
27.254,-73.75,2095,ssp585,0
27.254,-68.75,2095,ssp585,0
29.789,-123.75,2095,ssp585,0
29.789,-118.75,2095,ssp585,0
29.789,-113.75,2095,ssp585,0
29.789,-108.75,2095,ssp585,35
29.789,-103.75,2095,ssp585,44
29.789,-98.75,2095,ssp585,18
29.789,-93.75,2095,ssp585,5
29.789,-88.75,2095,ssp585,0
29.789,-83.75,2095,ssp585,2
29.789,-78.75,2095,ssp585,0
29.789,-73.75,2095,ssp585,0
29.789,-68.75,2095,ssp585,0
32.324,-123.75,2095,ssp585,0
32.324,-118.75,2095,ssp585,0
32.324,-113.75,2095,ssp585,12
32.324,-108.75,2095,ssp585,70
32.324,-103.75,2095,ssp585,56
32.324,-98.75,2095,ssp585,37
32.324,-93.75,2095,ssp585,32
32.324,-88.75,2095,ssp585,37
32.324,-83.75,2095,ssp585,34
32.324,-78.75,2095,ssp585,0
32.324,-73.75,2095,ssp585,0
32.324,-68.75,2095,ssp585,0
34.859,-123.75,2095,ssp585,0
34.859,-118.75,2095,ssp585,12
34.859,-113.75,2095,ssp585,59
34.859,-108.75,2095,ssp585,99
34.859,-103.75,2095,ssp585,84
34.859,-98.75,2095,ssp585,60
34.859,-93.75,2095,ssp585,50
34.859,-88.75,2095,ssp585,56
34.859,-83.75,2095,ssp585,56
34.859,-78.75,2095,ssp585,31
34.859,-73.75,2095,ssp585,0
34.859,-68.75,2095,ssp585,0
37.394,-123.75,2095,ssp585,0
37.394,-118.75,2095,ssp585,106
37.394,-113.75,2095,ssp585,111
37.394,-108.75,2095,ssp585,91
37.394,-103.75,2095,ssp585,93
37.394,-98.75,2095,ssp585,74
37.394,-93.75,2095,ssp585,72
37.394,-88.75,2095,ssp585,66
37.394,-83.75,2095,ssp585,66
37.394,-78.75,2095,ssp585,65
37.394,-73.75,2095,ssp585,3
37.394,-68.75,2095,ssp585,0
39.93,-123.75,2095,ssp585,7
39.93,-118.75,2095,ssp585,121
39.93,-113.75,2095,ssp585,106
39.93,-108.75,2095,ssp585,79
39.93,-103.75,2095,ssp585,74
39.93,-98.75,2095,ssp585,93
39.93,-93.75,2095,ssp585,89
39.93,-88.75,2095,ssp585,85
39.93,-83.75,2095,ssp585,79
39.93,-78.75,2095,ssp585,87
39.93,-73.75,2095,ssp585,47
39.93,-68.75,2095,ssp585,2
42.465,-123.75,2095,ssp585,65
42.465,-118.75,2095,ssp585,115
42.465,-113.75,2095,ssp585,96
42.465,-108.75,2095,ssp585,74
42.465,-103.75,2095,ssp585,76
42.465,-98.75,2095,ssp585,85
42.465,-93.75,2095,ssp585,69
42.465,-88.75,2095,ssp585,92
42.465,-83.75,2095,ssp585,95
42.465,-78.75,2095,ssp585,99
42.465,-73.75,2095,ssp585,89
42.465,-68.75,2095,ssp585,42
45.0,-123.75,2095,ssp585,43
45.0,-118.75,2095,ssp585,104
45.0,-113.75,2095,ssp585,72
45.0,-108.75,2095,ssp585,68
45.0,-103.75,2095,ssp585,66
45.0,-98.75,2095,ssp585,70
45.0,-93.75,2095,ssp585,62
45.0,-88.75,2095,ssp585,91
45.0,-83.75,2095,ssp585,119
45.0,-78.75,2095,ssp585,104
45.0,-73.75,2095,ssp585,82
45.0,-68.75,2095,ssp585,95
47.535,-123.75,2095,ssp585,65
47.535,-118.75,2095,ssp585,102
47.535,-113.75,2095,ssp585,77
47.535,-108.75,2095,ssp585,69
47.535,-103.75,2095,ssp585,61
47.535,-98.75,2095,ssp585,59
47.535,-93.75,2095,ssp585,51
47.535,-88.75,2095,ssp585,122
47.535,-83.75,2095,ssp585,88
47.535,-78.75,2095,ssp585,73
47.535,-73.75,2095,ssp585,70
47.535,-68.75,2095,ssp585,70
24.718,-123.75,2096,ssp585,0
24.718,-118.75,2096,ssp585,0
24.718,-113.75,2096,ssp585,0
24.718,-108.75,2096,ssp585,0
24.718,-103.75,2096,ssp585,10
24.718,-98.75,2096,ssp585,2
24.718,-93.75,2096,ssp585,0
24.718,-88.75,2096,ssp585,0
24.718,-83.75,2096,ssp585,0
24.718,-78.75,2096,ssp585,0
24.718,-73.75,2096,ssp585,0
24.718,-68.75,2096,ssp585,0
27.254,-123.75,2096,ssp585,0
27.254,-118.75,2096,ssp585,0
27.254,-113.75,2096,ssp585,0
27.254,-108.75,2096,ssp585,6
27.254,-103.75,2096,ssp585,22
27.254,-98.75,2096,ssp585,7
27.254,-93.75,2096,ssp585,0
27.254,-88.75,2096,ssp585,0
27.254,-83.75,2096,ssp585,0
27.254,-78.75,2096,ssp585,0
27.254,-73.75,2096,ssp585,0
27.254,-68.75,2096,ssp585,0
29.789,-123.75,2096,ssp585,0
29.789,-118.75,2096,ssp585,0
29.789,-113.75,2096,ssp585,0
29.789,-108.75,2096,ssp585,54
29.789,-103.75,2096,ssp585,35
29.789,-98.75,2096,ssp585,21
29.789,-93.75,2096,ssp585,7
29.789,-88.75,2096,ssp585,5
29.789,-83.75,2096,ssp585,5
29.789,-78.75,2096,ssp585,0
29.789,-73.75,2096,ssp585,0
29.789,-68.75,2096,ssp585,0
32.324,-123.75,2096,ssp585,0
32.324,-118.75,2096,ssp585,0
32.324,-113.75,2096,ssp585,38
32.324,-108.75,2096,ssp585,53
32.324,-103.75,2096,ssp585,59
32.324,-98.75,2096,ssp585,45
32.324,-93.75,2096,ssp585,26
32.324,-88.75,2096,ssp585,26
32.324,-83.75,2096,ssp585,30
32.324,-78.75,2096,ssp585,1
32.324,-73.75,2096,ssp585,0
32.324,-68.75,2096,ssp585,0
34.859,-123.75,2096,ssp585,0
34.859,-118.75,2096,ssp585,39
34.859,-113.75,2096,ssp585,72
34.859,-108.75,2096,ssp585,80
34.859,-103.75,2096,ssp585,69
34.859,-98.75,2096,ssp585,54
34.859,-93.75,2096,ssp585,48
34.859,-88.75,2096,ssp585,49
34.859,-83.75,2096,ssp585,48
34.859,-78.75,2096,ssp585,41
34.859,-73.75,2096,ssp585,0
34.859,-68.75,2096,ssp585,0
37.394,-123.75,2096,ssp585,0
37.394,-118.75,2096,ssp585,89
37.394,-113.75,2096,ssp585,67
37.394,-108.75,2096,ssp585,73
37.394,-103.75,2096,ssp585,71
37.394,-98.75,2096,ssp585,59
37.394,-93.75,2096,ssp585,63
37.394,-88.75,2096,ssp585,70
37.394,-83.75,2096,ssp585,57
37.394,-78.75,2096,ssp585,55
37.394,-73.75,2096,ssp585,7
37.394,-68.75,2096,ssp585,0
39.93,-123.75,2096,ssp585,21
39.93,-118.75,2096,ssp585,79
39.93,-113.75,2096,ssp585,61
39.93,-108.75,2096,ssp585,63
39.93,-103.75,2096,ssp585,58
39.93,-98.75,2096,ssp585,58
39.93,-93.75,2096,ssp585,68
39.93,-88.75,2096,ssp585,78
39.93,-83.75,2096,ssp585,82
39.93,-78.75,2096,ssp585,87
39.93,-73.75,2096,ssp585,63
39.93,-68.75,2096,ssp585,12
42.465,-123.75,2096,ssp585,67
42.465,-118.75,2096,ssp585,84
42.465,-113.75,2096,ssp585,70
42.465,-108.75,2096,ssp585,75
42.465,-103.75,2096,ssp585,73
42.465,-98.75,2096,ssp585,62
42.465,-93.75,2096,ssp585,65
42.465,-88.75,2096,ssp585,92
42.465,-83.75,2096,ssp585,97
42.465,-78.75,2096,ssp585,99
42.465,-73.75,2096,ssp585,87
42.465,-68.75,2096,ssp585,52
45.0,-123.75,2096,ssp585,41
45.0,-118.75,2096,ssp585,90
45.0,-113.75,2096,ssp585,86
45.0,-108.75,2096,ssp585,90
45.0,-103.75,2096,ssp585,90
45.0,-98.75,2096,ssp585,68
45.0,-93.75,2096,ssp585,70
45.0,-88.75,2096,ssp585,88
45.0,-83.75,2096,ssp585,111
45.0,-78.75,2096,ssp585,106
45.0,-73.75,2096,ssp585,81
45.0,-68.75,2096,ssp585,99
47.535,-123.75,2096,ssp585,55
47.535,-118.75,2096,ssp585,93
47.535,-113.75,2096,ssp585,90
47.535,-108.75,2096,ssp585,95
47.535,-103.75,2096,ssp585,78
47.535,-98.75,2096,ssp585,66
47.535,-93.75,2096,ssp585,69
47.535,-88.75,2096,ssp585,109
47.535,-83.75,2096,ssp585,84
47.535,-78.75,2096,ssp585,74
47.535,-73.75,2096,ssp585,73
47.535,-68.75,2096,ssp585,69
24.718,-123.75,2097,ssp585,0
24.718,-118.75,2097,ssp585,0
24.718,-113.75,2097,ssp585,0
24.718,-108.75,2097,ssp585,0
24.718,-103.75,2097,ssp585,5
24.718,-98.75,2097,ssp585,3
24.718,-93.75,2097,ssp585,0
24.718,-88.75,2097,ssp585,0
24.718,-83.75,2097,ssp585,0
24.718,-78.75,2097,ssp585,0
24.718,-73.75,2097,ssp585,0
24.718,-68.75,2097,ssp585,0
27.254,-123.75,2097,ssp585,0
27.254,-118.75,2097,ssp585,0
27.254,-113.75,2097,ssp585,0
27.254,-108.75,2097,ssp585,5
27.254,-103.75,2097,ssp585,18
27.254,-98.75,2097,ssp585,9
27.254,-93.75,2097,ssp585,0
27.254,-88.75,2097,ssp585,0
27.254,-83.75,2097,ssp585,0
27.254,-78.75,2097,ssp585,0
27.254,-73.75,2097,ssp585,0
27.254,-68.75,2097,ssp585,0
29.789,-123.75,2097,ssp585,0
29.789,-118.75,2097,ssp585,0
29.789,-113.75,2097,ssp585,4
29.789,-108.75,2097,ssp585,22
29.789,-103.75,2097,ssp585,29
29.789,-98.75,2097,ssp585,30
29.789,-93.75,2097,ssp585,12
29.789,-88.75,2097,ssp585,1
29.789,-83.75,2097,ssp585,2
29.789,-78.75,2097,ssp585,0
29.789,-73.75,2097,ssp585,0
29.789,-68.75,2097,ssp585,0
32.324,-123.75,2097,ssp585,0
32.324,-118.75,2097,ssp585,0
32.324,-113.75,2097,ssp585,8
32.324,-108.75,2097,ssp585,48
32.324,-103.75,2097,ssp585,51
32.324,-98.75,2097,ssp585,45
32.324,-93.75,2097,ssp585,37
32.324,-88.75,2097,ssp585,29
32.324,-83.75,2097,ssp585,24
32.324,-78.75,2097,ssp585,2
32.324,-73.75,2097,ssp585,0
32.324,-68.75,2097,ssp585,0
34.859,-123.75,2097,ssp585,0
34.859,-118.75,2097,ssp585,16
34.859,-113.75,2097,ssp585,47
34.859,-108.75,2097,ssp585,99
34.859,-103.75,2097,ssp585,81
34.859,-98.75,2097,ssp585,66
34.859,-93.75,2097,ssp585,60
34.859,-88.75,2097,ssp585,54
34.859,-83.75,2097,ssp585,60
34.859,-78.75,2097,ssp585,33
34.859,-73.75,2097,ssp585,1
34.859,-68.75,2097,ssp585,0
37.394,-123.75,2097,ssp585,0
37.394,-118.75,2097,ssp585,89
37.394,-113.75,2097,ssp585,109
37.394,-108.75,2097,ssp585,104
37.394,-103.75,2097,ssp585,79
37.394,-98.75,2097,ssp585,62
37.394,-93.75,2097,ssp585,68
37.394,-88.75,2097,ssp585,63
37.394,-83.75,2097,ssp585,66
37.394,-78.75,2097,ssp585,70
37.394,-73.75,2097,ssp585,4
37.394,-68.75,2097,ssp585,0
39.93,-123.75,2097,ssp585,18
39.93,-118.75,2097,ssp585,109
39.93,-113.75,2097,ssp585,98
39.93,-108.75,2097,ssp585,65
39.93,-103.75,2097,ssp585,76
39.93,-98.75,2097,ssp585,60
39.93,-93.75,2097,ssp585,71
39.93,-88.75,2097,ssp585,69
39.93,-83.75,2097,ssp585,71
39.93,-78.75,2097,ssp585,78
39.93,-73.75,2097,ssp585,54
39.93,-68.75,2097,ssp585,10
42.465,-123.75,2097,ssp585,47
42.465,-118.75,2097,ssp585,100
42.465,-113.75,2097,ssp585,81
42.465,-108.75,2097,ssp585,63
42.465,-103.75,2097,ssp585,69
42.465,-98.75,2097,ssp585,66
42.465,-93.75,2097,ssp585,68
42.465,-88.75,2097,ssp585,85
42.465,-83.75,2097,ssp585,94
42.465,-78.75,2097,ssp585,92
42.465,-73.75,2097,ssp585,68
42.465,-68.75,2097,ssp585,61
45.0,-123.75,2097,ssp585,56
45.0,-118.75,2097,ssp585,89
45.0,-113.75,2097,ssp585,69
45.0,-108.75,2097,ssp585,64
45.0,-103.75,2097,ssp585,61
45.0,-98.75,2097,ssp585,58
45.0,-93.75,2097,ssp585,61
45.0,-88.75,2097,ssp585,86
45.0,-83.75,2097,ssp585,109
45.0,-78.75,2097,ssp585,91
45.0,-73.75,2097,ssp585,65
45.0,-68.75,2097,ssp585,73
47.535,-123.75,2097,ssp585,70
47.535,-118.75,2097,ssp585,79
47.535,-113.75,2097,ssp585,68
47.535,-108.75,2097,ssp585,67
47.535,-103.75,2097,ssp585,56
47.535,-98.75,2097,ssp585,55
47.535,-93.75,2097,ssp585,41
47.535,-88.75,2097,ssp585,108
47.535,-83.75,2097,ssp585,72
47.535,-78.75,2097,ssp585,59
47.535,-73.75,2097,ssp585,60
47.535,-68.75,2097,ssp585,61
24.718,-123.75,2098,ssp585,0
24.718,-118.75,2098,ssp585,0
24.718,-113.75,2098,ssp585,0
24.718,-108.75,2098,ssp585,0
24.718,-103.75,2098,ssp585,10
24.718,-98.75,2098,ssp585,3
24.718,-93.75,2098,ssp585,0
24.718,-88.75,2098,ssp585,0
24.718,-83.75,2098,ssp585,0
24.718,-78.75,2098,ssp585,0
24.718,-73.75,2098,ssp585,0
24.718,-68.75,2098,ssp585,0
27.254,-123.75,2098,ssp585,0
27.254,-118.75,2098,ssp585,0
27.254,-113.75,2098,ssp585,0
27.254,-108.75,2098,ssp585,11
27.254,-103.75,2098,ssp585,19
27.254,-98.75,2098,ssp585,12
27.254,-93.75,2098,ssp585,0
27.254,-88.75,2098,ssp585,0
27.254,-83.75,2098,ssp585,0
27.254,-78.75,2098,ssp585,0
27.254,-73.75,2098,ssp585,0
27.254,-68.75,2098,ssp585,0
29.789,-123.75,2098,ssp585,0
29.789,-118.75,2098,ssp585,0
29.789,-113.75,2098,ssp585,4
29.789,-108.75,2098,ssp585,59
29.789,-103.75,2098,ssp585,40
29.789,-98.75,2098,ssp585,21
29.789,-93.75,2098,ssp585,12
29.789,-88.75,2098,ssp585,3
29.789,-83.75,2098,ssp585,3
29.789,-78.75,2098,ssp585,0
29.789,-73.75,2098,ssp585,0
29.789,-68.75,2098,ssp585,0
32.324,-123.75,2098,ssp585,0
32.324,-118.75,2098,ssp585,0
32.324,-113.75,2098,ssp585,26
32.324,-108.75,2098,ssp585,81
32.324,-103.75,2098,ssp585,62
32.324,-98.75,2098,ssp585,35
32.324,-93.75,2098,ssp585,28
32.324,-88.75,2098,ssp585,24
32.324,-83.75,2098,ssp585,23
32.324,-78.75,2098,ssp585,0
32.324,-73.75,2098,ssp585,0
32.324,-68.75,2098,ssp585,0
34.859,-123.75,2098,ssp585,0
34.859,-118.75,2098,ssp585,32
34.859,-113.75,2098,ssp585,78
34.859,-108.75,2098,ssp585,69
34.859,-103.75,2098,ssp585,78
34.859,-98.75,2098,ssp585,49
34.859,-93.75,2098,ssp585,42
34.859,-88.75,2098,ssp585,35
34.859,-83.75,2098,ssp585,41
34.859,-78.75,2098,ssp585,32
34.859,-73.75,2098,ssp585,0
34.859,-68.75,2098,ssp585,0
37.394,-123.75,2098,ssp585,0
37.394,-118.75,2098,ssp585,108
37.394,-113.75,2098,ssp585,87
37.394,-108.75,2098,ssp585,73
37.394,-103.75,2098,ssp585,63
37.394,-98.75,2098,ssp585,71
37.394,-93.75,2098,ssp585,55
37.394,-88.75,2098,ssp585,47
37.394,-83.75,2098,ssp585,52
37.394,-78.75,2098,ssp585,51
37.394,-73.75,2098,ssp585,4
37.394,-68.75,2098,ssp585,0
39.93,-123.75,2098,ssp585,41
39.93,-118.75,2098,ssp585,95
39.93,-113.75,2098,ssp585,70
39.93,-108.75,2098,ssp585,69
39.93,-103.75,2098,ssp585,67
39.93,-98.75,2098,ssp585,75
39.93,-93.75,2098,ssp585,69
39.93,-88.75,2098,ssp585,64
39.93,-83.75,2098,ssp585,62
39.93,-78.75,2098,ssp585,60
39.93,-73.75,2098,ssp585,51
39.93,-68.75,2098,ssp585,8
42.465,-123.75,2098,ssp585,92
42.465,-118.75,2098,ssp585,102
42.465,-113.75,2098,ssp585,83
42.465,-108.75,2098,ssp585,71
42.465,-103.75,2098,ssp585,62
42.465,-98.75,2098,ssp585,57
42.465,-93.75,2098,ssp585,68
42.465,-88.75,2098,ssp585,68
42.465,-83.75,2098,ssp585,73
42.465,-78.75,2098,ssp585,69
42.465,-73.75,2098,ssp585,66
42.465,-68.75,2098,ssp585,51
45.0,-123.75,2098,ssp585,70
45.0,-118.75,2098,ssp585,106
45.0,-113.75,2098,ssp585,78
45.0,-108.75,2098,ssp585,74
45.0,-103.75,2098,ssp585,68
45.0,-98.75,2098,ssp585,59
45.0,-93.75,2098,ssp585,62
45.0,-88.75,2098,ssp585,73
45.0,-83.75,2098,ssp585,87
45.0,-78.75,2098,ssp585,91
45.0,-73.75,2098,ssp585,74
45.0,-68.75,2098,ssp585,87
47.535,-123.75,2098,ssp585,71
47.535,-118.75,2098,ssp585,78
47.535,-113.75,2098,ssp585,76
47.535,-108.75,2098,ssp585,73
47.535,-103.75,2098,ssp585,64
47.535,-98.75,2098,ssp585,50
47.535,-93.75,2098,ssp585,47
47.535,-88.75,2098,ssp585,89
47.535,-83.75,2098,ssp585,74
47.535,-78.75,2098,ssp585,70
47.535,-73.75,2098,ssp585,68
47.535,-68.75,2098,ssp585,68
24.718,-123.75,2099,ssp585,0
24.718,-118.75,2099,ssp585,0
24.718,-113.75,2099,ssp585,0
24.718,-108.75,2099,ssp585,0
24.718,-103.75,2099,ssp585,22
24.718,-98.75,2099,ssp585,2
24.718,-93.75,2099,ssp585,0
24.718,-88.75,2099,ssp585,0
24.718,-83.75,2099,ssp585,0
24.718,-78.75,2099,ssp585,0
24.718,-73.75,2099,ssp585,0
24.718,-68.75,2099,ssp585,0
27.254,-123.75,2099,ssp585,0
27.254,-118.75,2099,ssp585,0
27.254,-113.75,2099,ssp585,0
27.254,-108.75,2099,ssp585,2
27.254,-103.75,2099,ssp585,37
27.254,-98.75,2099,ssp585,10
27.254,-93.75,2099,ssp585,0
27.254,-88.75,2099,ssp585,0
27.254,-83.75,2099,ssp585,0
27.254,-78.75,2099,ssp585,0
27.254,-73.75,2099,ssp585,0
27.254,-68.75,2099,ssp585,0
29.789,-123.75,2099,ssp585,0
29.789,-118.75,2099,ssp585,0
29.789,-113.75,2099,ssp585,0
29.789,-108.75,2099,ssp585,52
29.789,-103.75,2099,ssp585,47
29.789,-98.75,2099,ssp585,29
29.789,-93.75,2099,ssp585,7
29.789,-88.75,2099,ssp585,2
29.789,-83.75,2099,ssp585,4
29.789,-78.75,2099,ssp585,0
29.789,-73.75,2099,ssp585,0
29.789,-68.75,2099,ssp585,0
32.324,-123.75,2099,ssp585,0
32.324,-118.75,2099,ssp585,0
32.324,-113.75,2099,ssp585,8
32.324,-108.75,2099,ssp585,97
32.324,-103.75,2099,ssp585,65
32.324,-98.75,2099,ssp585,67
32.324,-93.75,2099,ssp585,40
32.324,-88.75,2099,ssp585,42
32.324,-83.75,2099,ssp585,37
32.324,-78.75,2099,ssp585,1
32.324,-73.75,2099,ssp585,0
32.324,-68.75,2099,ssp585,0
34.859,-123.75,2099,ssp585,0
34.859,-118.75,2099,ssp585,15
34.859,-113.75,2099,ssp585,95
34.859,-108.75,2099,ssp585,97
34.859,-103.75,2099,ssp585,77
34.859,-98.75,2099,ssp585,76
34.859,-93.75,2099,ssp585,69
34.859,-88.75,2099,ssp585,66
34.859,-83.75,2099,ssp585,78
34.859,-78.75,2099,ssp585,52
34.859,-73.75,2099,ssp585,0
34.859,-68.75,2099,ssp585,0
37.394,-123.75,2099,ssp585,0
37.394,-118.75,2099,ssp585,130
37.394,-113.75,2099,ssp585,85
37.394,-108.75,2099,ssp585,64
37.394,-103.75,2099,ssp585,82
37.394,-98.75,2099,ssp585,74
37.394,-93.75,2099,ssp585,76
37.394,-88.75,2099,ssp585,83
37.394,-83.75,2099,ssp585,74
37.394,-78.75,2099,ssp585,80
37.394,-73.75,2099,ssp585,1
37.394,-68.75,2099,ssp585,0
39.93,-123.75,2099,ssp585,7
39.93,-118.75,2099,ssp585,101
39.93,-113.75,2099,ssp585,72
39.93,-108.75,2099,ssp585,45
39.93,-103.75,2099,ssp585,69
39.93,-98.75,2099,ssp585,58
39.93,-93.75,2099,ssp585,79
39.93,-88.75,2099,ssp585,80
39.93,-83.75,2099,ssp585,80
39.93,-78.75,2099,ssp585,78
39.93,-73.75,2099,ssp585,84
39.93,-68.75,2099,ssp585,0
42.465,-123.75,2099,ssp585,66
42.465,-118.75,2099,ssp585,90
42.465,-113.75,2099,ssp585,73
42.465,-108.75,2099,ssp585,43
42.465,-103.75,2099,ssp585,65
42.465,-98.75,2099,ssp585,53
42.465,-93.75,2099,ssp585,68
42.465,-88.75,2099,ssp585,90
42.465,-83.75,2099,ssp585,94
42.465,-78.75,2099,ssp585,91
42.465,-73.75,2099,ssp585,64
42.465,-68.75,2099,ssp585,59
45.0,-123.75,2099,ssp585,36
45.0,-118.75,2099,ssp585,120
45.0,-113.75,2099,ssp585,47
45.0,-108.75,2099,ssp585,62
45.0,-103.75,2099,ssp585,59
45.0,-98.75,2099,ssp585,55
45.0,-93.75,2099,ssp585,54
45.0,-88.75,2099,ssp585,74
45.0,-83.75,2099,ssp585,112
45.0,-78.75,2099,ssp585,83
45.0,-73.75,2099,ssp585,51
45.0,-68.75,2099,ssp585,82
47.535,-123.75,2099,ssp585,57
47.535,-118.75,2099,ssp585,116
47.535,-113.75,2099,ssp585,74
47.535,-108.75,2099,ssp585,73
47.535,-103.75,2099,ssp585,56
47.535,-98.75,2099,ssp585,46
47.535,-93.75,2099,ssp585,42
47.535,-88.75,2099,ssp585,108
47.535,-83.75,2099,ssp585,66
47.535,-78.75,2099,ssp585,55
47.535,-73.75,2099,ssp585,59
47.535,-68.75,2099,ssp585,58
24.718,-123.75,2100,ssp585,0
24.718,-118.75,2100,ssp585,0
24.718,-113.75,2100,ssp585,0
24.718,-108.75,2100,ssp585,0
24.718,-103.75,2100,ssp585,1
24.718,-98.75,2100,ssp585,0
24.718,-93.75,2100,ssp585,0
24.718,-88.75,2100,ssp585,0
24.718,-83.75,2100,ssp585,0
24.718,-78.75,2100,ssp585,0
24.718,-73.75,2100,ssp585,0
24.718,-68.75,2100,ssp585,0
27.254,-123.75,2100,ssp585,0
27.254,-118.75,2100,ssp585,0
27.254,-113.75,2100,ssp585,0
27.254,-108.75,2100,ssp585,1
27.254,-103.75,2100,ssp585,10
27.254,-98.75,2100,ssp585,3
27.254,-93.75,2100,ssp585,0
27.254,-88.75,2100,ssp585,0
27.254,-83.75,2100,ssp585,0
27.254,-78.75,2100,ssp585,0
27.254,-73.75,2100,ssp585,0
27.254,-68.75,2100,ssp585,0
29.789,-123.75,2100,ssp585,0
29.789,-118.75,2100,ssp585,0
29.789,-113.75,2100,ssp585,1
29.789,-108.75,2100,ssp585,12
29.789,-103.75,2100,ssp585,22
29.789,-98.75,2100,ssp585,13
29.789,-93.75,2100,ssp585,5
29.789,-88.75,2100,ssp585,2
29.789,-83.75,2100,ssp585,5
29.789,-78.75,2100,ssp585,0
29.789,-73.75,2100,ssp585,0
29.789,-68.75,2100,ssp585,0
32.324,-123.75,2100,ssp585,0
32.324,-118.75,2100,ssp585,0
32.324,-113.75,2100,ssp585,10
32.324,-108.75,2100,ssp585,48
32.324,-103.75,2100,ssp585,38
32.324,-98.75,2100,ssp585,31
32.324,-93.75,2100,ssp585,22
32.324,-88.75,2100,ssp585,26
32.324,-83.75,2100,ssp585,19
32.324,-78.75,2100,ssp585,1
32.324,-73.75,2100,ssp585,0
32.324,-68.75,2100,ssp585,0
34.859,-123.75,2100,ssp585,0
34.859,-118.75,2100,ssp585,10
34.859,-113.75,2100,ssp585,32
34.859,-108.75,2100,ssp585,114
34.859,-103.75,2100,ssp585,79
34.859,-98.75,2100,ssp585,45
34.859,-93.75,2100,ssp585,41
34.859,-88.75,2100,ssp585,35
34.859,-83.75,2100,ssp585,45
34.859,-78.75,2100,ssp585,23
34.859,-73.75,2100,ssp585,0
34.859,-68.75,2100,ssp585,0
37.394,-123.75,2100,ssp585,0
37.394,-118.75,2100,ssp585,104
37.394,-113.75,2100,ssp585,124
37.394,-108.75,2100,ssp585,114
37.394,-103.75,2100,ssp585,95
37.394,-98.75,2100,ssp585,62
37.394,-93.75,2100,ssp585,69
37.394,-88.75,2100,ssp585,59
37.394,-83.75,2100,ssp585,60
37.394,-78.75,2100,ssp585,61
37.394,-73.75,2100,ssp585,3
37.394,-68.75,2100,ssp585,0
39.93,-123.75,2100,ssp585,11
39.93,-118.75,2100,ssp585,125
39.93,-113.75,2100,ssp585,105
39.93,-108.75,2100,ssp585,85
39.93,-103.75,2100,ssp585,107
39.93,-98.75,2100,ssp585,78
39.93,-93.75,2100,ssp585,78
39.93,-88.75,2100,ssp585,82
39.93,-83.75,2100,ssp585,75
39.93,-78.75,2100,ssp585,79
39.93,-73.75,2100,ssp585,59
39.93,-68.75,2100,ssp585,11
42.465,-123.75,2100,ssp585,43
42.465,-118.75,2100,ssp585,124
42.465,-113.75,2100,ssp585,95
42.465,-108.75,2100,ssp585,82
42.465,-103.75,2100,ssp585,107
42.465,-98.75,2100,ssp585,88
42.465,-93.75,2100,ssp585,77
42.465,-88.75,2100,ssp585,83
42.465,-83.75,2100,ssp585,82
42.465,-78.75,2100,ssp585,100
42.465,-73.75,2100,ssp585,84
42.465,-68.75,2100,ssp585,72
45.0,-123.75,2100,ssp585,28
45.0,-118.75,2100,ssp585,100
45.0,-113.75,2100,ssp585,85
45.0,-108.75,2100,ssp585,87
45.0,-103.75,2100,ssp585,97
45.0,-98.75,2100,ssp585,91
45.0,-93.75,2100,ssp585,77
45.0,-88.75,2100,ssp585,95
45.0,-83.75,2100,ssp585,91
45.0,-78.75,2100,ssp585,88
45.0,-73.75,2100,ssp585,77
45.0,-68.75,2100,ssp585,86
47.535,-123.75,2100,ssp585,45
47.535,-118.75,2100,ssp585,98
47.535,-113.75,2100,ssp585,85
47.535,-108.75,2100,ssp585,91
47.535,-103.75,2100,ssp585,82
47.535,-98.75,2100,ssp585,76
47.535,-93.75,2100,ssp585,72
47.535,-88.75,2100,ssp585,103
47.535,-83.75,2100,ssp585,90
47.535,-78.75,2100,ssp585,74
47.535,-73.75,2100,ssp585,69
47.535,-68.75,2100,ssp585,59
